id,student_id,module_id,attendance_percentage,internal_marks,assignment_marks,quiz_marks,midterm_marks,final_exam_marks,total_marks,grade,result
1,1,84,99.16,28.78,20.38,13.66,33.45,71.59,79.51,A,Pass
2,1,83,84.32,36.88,19.75,14.75,43.53,56.94,82.05,A+,Pass
3,1,81,93.6,30.38,21.55,14.14,42.75,55.87,78.33,A,Pass
4,1,85,95.25,40.0,23.07,19.4,42.97,58.39,87.67,A+,Pass
5,2,68,42.38,33.36,10.91,9.69,31.13,45.77,62.81,B+,Pass
6,2,70,47.16,28.27,17.21,12.54,34.73,57.45,71.47,A,Pass
7,2,67,49.29,30.07,18.96,17.45,22.98,54.01,68.04,B+,Pass
8,2,65,44.94,28.55,20.32,11.11,35.97,56.52,72.32,A,Pass
9,2,66,48.66,24.06,11.84,8.55,27.73,48.67,57.62,B,Pass
10,2,69,45.06,30.27,14.74,8.82,32.06,58.47,68.76,B+,Pass
11,3,23,85.6,29.42,18.74,17.1,38.97,63.03,79.65,A,Pass
12,3,30,89.5,31.64,22.7,19.55,50.0,66.64,90.77,O,Pass
13,3,24,85.11,37.56,18.14,12.9,36.74,50.18,74.27,A,Pass
14,3,25,79.71,39.69,23.04,19.27,45.18,67.34,92.71,O,Pass
15,3,29,78.04,29.43,22.33,10.24,28.1,57.95,69.86,B+,Pass
16,4,33,68.03,32.67,19.21,14.9,42.39,56.12,78.85,A,Pass
17,4,40,68.62,29.22,18.29,13.55,44.59,54.11,76.25,A,Pass
18,4,38,67.12,25.15,16.79,18.23,36.04,47.47,68.58,B+,Pass
19,4,36,63.02,26.68,11.32,18.11,29.59,44.93,62.69,B+,Pass
20,5,33,71.18,26.87,15.43,7.01,29.4,45.68,59.13,B,Pass
21,5,36,64.11,24.59,18.72,11.71,30.82,49.89,64.33,B+,Pass
22,5,38,72.72,22.99,13.43,12.57,25.03,54.9,61.29,B+,Pass
23,5,34,71.07,26.18,14.31,5.04,27.67,35.74,51.85,B,Pass
24,5,37,70.43,27.03,18.78,10.9,30.53,56.46,68.09,B+,Pass
25,5,35,72.93,31.8,20.75,15.97,43.75,53.57,79.06,A,Pass
26,6,91,71.62,30.64,18.6,16.37,33.97,48.05,70.35,A,Pass
27,6,81,63.34,32.18,20.69,12.36,43.34,51.36,76.18,A,Pass
28,6,82,67.7,29.07,15.83,9.15,35.17,47.97,65.41,B+,Pass
29,6,88,72.51,32.61,22.73,16.13,42.25,52.16,78.93,A,Pass
30,6,85,72.35,28.31,21.08,17.02,40.75,43.08,71.57,A,Pass
31,6,92,64.06,21.5,17.31,11.62,31.29,43.26,59.31,B,Pass
32,7,98,79.45,36.06,21.68,10.78,40.57,66.0,83.18,A+,Pass
33,7,100,72.69,26.44,17.2,11.48,33.06,52.66,66.94,B+,Pass
34,7,101,75.02,21.77,9.38,13.1,30.47,44.91,57.38,B,Pass
35,7,102,76.26,27.68,21.28,17.87,31.87,61.45,75.9,A,Pass
36,7,97,77.71,28.74,17.02,15.51,32.77,58.91,72.81,A,Pass
37,7,99,71.91,31.74,19.11,17.22,45.88,46.4,76.72,A,Pass
38,8,83,55.39,24.81,11.77,4.22,27.0,36.0,49.53,C,Pass
39,8,86,56.69,25.98,9.67,5.42,27.79,51.68,57.58,B,Pass
40,8,82,51.5,17.52,11.79,3.86,23.05,35.51,43.5,C,Pass
41,8,84,52.19,17.42,4.26,6.02,26.03,41.54,45.83,C,Pass
42,9,90,39.97,19.3,10.79,7.86,30.24,40.05,51.7,B,Pass
43,9,83,35.84,22.14,15.3,6.36,23.9,31.19,46.87,C,Pass
44,9,81,45.69,27.44,11.7,12.31,29.87,39.03,57.71,B,Pass
45,9,84,41.01,26.35,13.61,13.68,32.57,54.13,67.01,B+,Pass
46,9,85,47.23,29.19,15.34,6.26,39.07,61.79,72.23,A,Pass
47,9,89,37.62,27.75,17.15,4.75,28.41,43.79,57.75,B,Pass
48,10,68,79.93,24.99,17.63,15.65,27.16,43.46,61.23,B+,Pass
49,10,72,90.7,30.59,21.96,19.85,27.4,63.52,77.35,A,Pass
50,10,67,80.06,33.2,21.47,12.28,37.8,57.49,77.05,A,Pass
51,10,74,84.25,30.29,20.42,8.81,17.17,54.59,61.78,B+,Pass
52,10,70,90.32,31.66,17.23,18.15,45.06,54.08,79.56,A,Pass
53,11,23,52.87,13.02,18.52,13.73,17.23,46.68,51.18,B,Pass
54,11,19,53.74,27.97,16.11,15.06,38.73,41.82,66.84,B+,Pass
55,11,29,55.18,22.37,14.36,9.72,22.02,47.24,54.85,B,Pass
56,11,28,52.21,19.76,13.69,8.68,28.55,46.83,55.82,B,Pass
57,11,27,56.63,22.35,12.26,4.7,28.47,43.96,53.18,B,Pass
58,12,4,59.56,26.13,9.59,13.53,50.0,62.85,78.0,A,Pass
59,12,5,60.33,25.87,21.62,20.0,34.68,52.91,73.61,A,Pass
60,12,3,62.82,33.31,20.23,17.41,29.06,54.36,73.36,A,Pass
61,12,1,66.35,24.27,12.39,8.16,35.86,43.72,59.51,B,Pass
62,13,75,60.54,28.81,15.94,12.46,40.72,60.12,75.42,A,Pass
63,13,80,59.37,32.24,12.53,14.53,31.33,49.45,67.13,B+,Pass
64,13,71,61.98,28.28,21.43,20.0,49.75,45.24,78.7,A,Pass
65,13,74,60.75,29.49,16.45,15.48,30.14,53.05,68.89,B+,Pass
66,13,72,66.62,24.47,20.77,9.41,32.32,61.68,70.19,A,Pass
67,13,79,61.69,27.68,20.79,17.24,43.49,45.75,73.87,A,Pass
68,14,33,47.03,23.49,15.9,13.05,27.73,30.6,52.78,B,Pass
69,14,38,40.9,27.62,16.4,11.72,29.09,59.49,68.53,B+,Pass
70,14,41,49.71,27.13,22.13,14.82,32.51,49.03,68.97,B+,Pass
71,14,34,53.44,30.47,19.38,12.88,31.48,52.07,69.47,B+,Pass
72,15,65,72.97,19.27,17.95,13.66,23.7,44.27,56.16,B,Pass
73,15,66,59.28,22.96,12.32,11.63,38.45,55.32,67.27,B+,Pass
74,15,67,73.97,26.56,18.71,11.46,32.3,68.31,74.53,A,Pass
75,15,70,68.51,23.82,14.96,13.68,30.53,36.02,56.81,B,Pass
76,15,69,66.2,18.46,19.24,10.88,33.2,24.94,50.6,B,Pass
77,16,65,80.5,31.15,22.46,16.87,33.26,54.56,75.09,A,Pass
78,16,68,94.87,29.13,19.57,15.82,31.78,54.32,71.54,A,Pass
79,16,69,93.45,31.97,18.33,15.04,37.6,55.89,75.72,A,Pass
80,16,70,91.46,30.32,24.61,19.31,41.2,50.7,78.93,A,Pass
81,16,66,84.8,34.5,22.09,19.99,33.87,72.84,87.01,A+,Pass
82,16,67,90.14,40.0,22.3,20.0,42.21,66.76,91.18,O,Pass
83,17,69,96.67,40.0,25.0,18.49,50.0,75.0,99.24,O,Pass
84,17,68,97.01,33.91,20.94,18.04,38.05,50.59,76.99,A,Pass
85,17,67,100.0,34.33,21.88,19.88,34.47,65.45,83.64,A+,Pass
86,17,65,95.7,32.31,24.77,20.0,48.56,71.91,93.9,O,Pass
87,18,88,30.0,19.94,14.17,3.52,25.52,38.32,48.04,C,Pass
88,18,81,50.48,23.1,21.64,5.47,25.94,47.22,57.95,B,Pass
89,18,89,52.4,19.65,6.05,4.93,20.17,35.11,41.18,C,Pass
90,18,82,43.49,28.39,15.01,11.6,27.79,51.1,63.74,B+,Pass
91,18,93,40.28,21.82,11.36,8.43,31.62,38.23,53.32,B,Pass
92,19,51,67.13,25.04,15.56,12.13,35.15,43.9,62.87,B+,Pass
93,19,59,73.22,32.81,21.96,10.73,39.35,58.93,77.73,A,Pass
94,19,62,67.01,32.72,19.63,15.15,35.92,53.63,74.77,A,Pass
95,19,61,67.62,25.43,17.04,15.53,39.75,52.66,71.75,A,Pass
96,19,56,70.72,35.05,18.74,16.82,39.7,51.67,77.39,A,Pass
97,19,49,59.64,37.56,17.21,16.14,44.5,56.5,82.36,A+,Pass
98,20,67,61.97,30.36,20.35,16.33,40.75,60.31,80.01,A+,Pass
99,20,65,60.6,27.96,19.11,17.17,32.55,49.93,69.79,B+,Pass
100,20,70,53.81,20.98,13.14,10.77,34.22,40.39,57.09,B,Pass
101,20,68,65.48,24.94,16.14,10.0,29.82,61.14,67.36,B+,Pass
102,21,99,65.19,31.01,25.0,13.9,47.95,58.8,83.87,A+,Pass
103,21,98,61.68,26.19,12.69,11.8,22.22,50.13,58.57,B,Pass
104,21,105,68.53,18.94,18.92,5.68,28.84,49.51,57.4,B,Pass
105,21,107,62.6,22.84,20.93,14.38,30.98,59.69,70.32,A,Pass
106,21,102,65.54,23.75,14.68,11.04,35.03,60.76,69.14,B+,Pass
107,22,71,86.87,40.0,22.13,17.24,37.53,73.72,90.64,O,Pass
108,22,66,90.87,40.0,18.75,13.97,37.32,46.0,74.61,A,Pass
109,22,65,92.09,33.86,16.3,15.67,41.38,66.78,83.14,A+,Pass
110,22,75,85.94,35.04,24.54,16.39,48.2,59.78,87.53,A+,Pass
111,22,68,88.85,30.71,25.0,20.0,48.77,75.0,94.74,O,Pass
112,23,54,87.44,34.09,23.92,17.75,49.08,66.57,91.1,O,Pass
113,23,62,84.28,32.98,21.26,18.85,43.99,61.29,85.02,A+,Pass
114,23,60,93.01,29.14,25.0,10.04,46.79,58.01,80.06,A+,Pass
115,23,50,91.23,36.43,23.55,19.88,40.69,69.46,90.33,O,Pass
116,23,52,89.38,32.54,21.2,15.83,33.69,59.31,77.19,A,Pass
117,23,55,98.17,30.02,14.32,11.46,37.2,55.83,71.13,A,Pass
118,24,18,69.55,26.29,19.62,19.9,38.83,59.57,78.16,A,Pass
119,24,22,72.09,37.24,25.0,19.14,43.57,74.9,94.93,O,Pass
120,24,20,81.19,38.03,18.86,19.33,40.59,53.68,81.57,A+,Pass
121,24,19,77.54,40.0,19.13,20.0,35.92,73.27,89.81,A+,Pass
122,24,17,75.36,33.94,24.28,13.2,41.66,58.02,81.19,A+,Pass
123,25,4,56.06,26.33,12.64,9.95,28.94,39.52,56.11,B,Pass
124,25,13,61.17,29.13,21.07,11.76,35.63,66.41,77.67,A,Pass
125,25,5,58.37,28.38,18.47,10.36,34.75,56.63,70.56,A,Pass
126,25,8,56.79,25.32,14.69,10.8,32.95,56.18,66.63,B+,Pass
127,26,54,88.15,36.75,25.0,15.15,40.21,60.41,84.24,A+,Pass
128,26,51,88.3,30.78,20.55,20.0,41.52,45.56,75.63,A,Pass
129,26,57,87.71,29.81,18.74,15.91,39.54,56.68,76.57,A,Pass
130,26,56,80.16,33.13,22.62,17.75,38.04,57.06,80.13,A+,Pass
131,26,53,92.52,21.71,14.31,15.66,38.28,41.81,63.06,B+,Pass
132,27,54,71.15,29.83,22.43,14.66,34.49,57.34,75.22,A,Pass
133,27,59,64.7,24.93,22.86,11.62,36.98,44.0,66.44,B+,Pass
134,27,50,67.7,30.68,18.25,16.55,37.83,61.2,78.39,A,Pass
135,27,53,71.41,31.19,19.93,12.94,32.59,62.93,75.69,A,Pass
136,28,81,66.06,32.08,21.18,12.78,32.32,60.38,75.24,A,Pass
137,28,86,67.8,22.15,14.54,8.38,38.63,55.39,66.25,B+,Pass
138,28,82,71.55,20.94,18.49,10.5,38.87,52.65,67.12,B+,Pass
139,28,84,67.19,28.5,14.63,17.16,35.72,57.76,73.5,A,Pass
140,28,83,69.31,23.07,13.73,10.85,25.92,57.65,62.31,B+,Pass
141,28,85,69.84,33.37,16.8,10.8,40.68,51.36,73.11,A,Pass
142,29,67,66.01,38.2,20.46,13.35,49.72,67.83,90.47,O,Pass
143,29,69,73.23,28.28,18.64,19.01,26.45,48.3,66.87,B+,Pass
144,29,68,69.92,23.38,20.44,10.56,28.47,49.98,62.7,B+,Pass
145,29,65,80.96,35.55,20.26,17.18,42.36,70.21,88.42,A+,Pass
146,30,71,82.94,37.63,18.96,11.9,42.46,64.62,83.73,A+,Pass
147,30,69,78.13,18.49,15.08,10.25,24.86,46.1,54.35,B,Pass
148,30,65,80.64,27.06,22.25,14.93,37.95,64.38,78.91,A,Pass
149,30,66,80.21,23.72,18.31,19.81,42.76,53.49,75.43,A,Pass
150,30,68,82.22,25.68,15.88,11.96,36.92,43.98,64.16,B+,Pass
151,30,72,81.55,27.98,23.3,20.0,50.0,67.66,89.89,A+,Pass
152,31,40,62.82,23.05,15.09,13.74,31.73,59.73,68.17,B+,Pass
153,31,36,63.73,26.74,17.61,9.92,31.79,45.87,62.67,B+,Pass
154,31,35,64.05,14.58,18.13,4.42,27.4,49.31,53.46,B,Pass
155,31,41,61.54,22.58,14.24,9.35,24.33,29.66,47.66,C,Pass
156,32,101,69.79,38.79,19.84,12.44,44.45,53.13,80.57,A+,Pass
157,32,99,64.97,24.89,16.33,18.5,29.2,58.97,70.35,A,Pass
158,32,97,75.65,30.16,11.45,11.67,32.17,39.58,60.05,B+,Pass
159,32,100,67.76,31.7,21.33,14.59,41.0,57.08,78.82,A,Pass
160,33,33,74.73,25.36,16.42,10.38,34.11,41.17,60.7,B+,Pass
161,33,36,69.71,30.46,16.44,15.54,41.56,64.83,80.61,A+,Pass
162,33,35,71.78,21.9,15.77,6.36,23.79,44.38,53.05,B,Pass
163,33,37,77.84,32.2,20.0,15.66,37.34,59.62,78.42,A,Pass
164,34,97,60.31,31.95,22.27,13.0,29.55,60.0,74.16,A,Pass
165,34,102,57.89,21.51,12.23,13.63,22.0,44.17,54.07,B,Pass
166,34,98,57.33,30.96,18.02,10.72,29.88,52.08,67.29,B+,Pass
167,34,99,67.33,26.4,15.79,12.57,45.61,37.94,66.31,B+,Pass
168,35,82,55.14,29.43,16.92,13.68,36.28,48.86,69.26,B+,Pass
169,35,89,70.01,16.99,20.58,20.0,33.32,44.24,64.03,B+,Pass
170,35,86,59.71,23.77,12.43,10.53,22.7,38.59,51.47,B,Pass
171,35,81,61.07,16.67,13.01,10.35,28.91,52.28,57.57,B,Pass
172,36,76,78.88,27.9,16.01,20.0,33.58,46.93,69.05,B+,Pass
173,36,71,80.04,37.4,20.28,19.16,39.34,54.87,81.67,A+,Pass
174,36,80,89.64,34.03,22.0,17.67,33.1,56.24,77.44,A,Pass
175,36,79,86.39,36.65,25.0,19.56,50.0,65.16,93.51,O,Pass
176,36,67,86.52,34.88,20.98,13.32,43.85,51.79,78.58,A,Pass
177,37,23,69.1,25.93,21.24,20.0,43.53,49.93,76.53,A,Pass
178,37,28,70.6,32.99,15.55,14.27,40.19,48.44,72.56,A,Pass
179,37,20,63.7,27.81,13.63,16.63,32.22,54.76,69.34,B+,Pass
180,37,25,61.61,24.69,20.08,14.45,40.85,62.73,77.3,A,Pass
181,37,26,65.51,29.95,20.37,7.19,37.51,40.59,64.41,B+,Pass
182,37,17,63.93,36.45,19.81,12.32,37.62,63.51,80.76,A+,Pass
183,38,84,100.0,32.29,20.54,14.27,44.55,64.21,83.74,A+,Pass
184,38,88,94.63,26.55,19.78,16.95,32.07,59.56,73.49,A,Pass
185,38,81,88.35,40.0,23.51,19.93,36.36,66.52,88.59,A+,Pass
186,38,87,96.74,37.27,20.91,15.14,40.34,61.99,83.67,A+,Pass
187,38,82,96.04,32.35,20.88,15.7,29.38,51.42,71.06,A,Pass
188,39,97,90.36,30.31,16.4,9.68,35.89,55.92,70.6,A,Pass
189,39,101,88.38,23.4,13.25,12.6,27.25,40.98,56.05,B,Pass
190,39,98,88.38,19.18,13.15,13.35,29.34,57.46,63.01,B+,Pass
191,39,100,90.12,33.04,17.76,13.07,30.08,43.52,65.51,B+,Pass
192,39,99,83.25,34.76,15.04,14.92,44.26,58.0,80.05,A+,Pass
193,40,67,99.65,40.0,22.46,18.04,40.0,75.0,93.01,O,Pass
194,40,65,95.5,33.97,23.57,15.16,44.46,69.08,88.46,A+,Pass
195,40,69,90.69,32.85,19.67,13.14,44.0,64.84,83.12,A+,Pass
196,40,68,97.83,36.3,20.38,19.87,40.96,61.56,85.45,A+,Pass
197,40,71,100.0,30.59,20.24,12.45,43.18,73.74,85.62,A+,Pass
198,40,66,96.79,34.26,24.65,20.0,36.48,65.97,86.01,A+,Pass
199,41,109,30.41,21.27,10.27,11.79,26.68,50.82,57.7,B,Pass
200,41,103,35.62,18.49,3.75,4.4,24.81,37.85,43.01,C,Pass
201,41,105,39.98,20.65,16.27,2.0,32.23,32.14,48.95,C,Pass
202,41,100,39.26,10.41,10.96,12.16,20.77,43.2,46.22,C,Pass
203,42,49,63.01,32.49,15.3,15.97,37.61,60.22,77.26,A,Pass
204,42,56,65.37,18.39,20.65,8.03,21.48,39.53,50.65,B,Pass
205,42,54,61.78,34.8,16.61,12.4,30.71,47.58,67.8,B+,Pass
206,42,55,56.76,16.39,15.36,14.79,27.66,35.79,52.27,B,Pass
207,43,52,63.22,23.13,18.25,8.44,43.1,43.93,65.14,B+,Pass
208,43,56,60.47,25.01,23.55,12.2,33.92,47.67,67.23,B+,Pass
209,43,55,59.95,30.25,17.58,11.26,33.61,40.69,63.58,B+,Pass
210,43,61,57.96,30.89,14.58,14.73,48.07,62.81,81.99,A+,Pass
211,43,59,61.07,22.01,20.49,16.74,43.9,57.95,76.57,A,Pass
212,43,53,59.99,25.86,18.54,13.14,28.45,53.9,66.3,B+,Pass
213,44,73,66.96,28.46,20.46,11.72,22.4,46.17,61.02,B+,Pass
214,44,66,61.96,17.22,18.09,13.62,30.41,43.15,58.0,B,Pass
215,44,74,66.26,27.53,13.89,12.9,17.3,43.91,54.91,B,Pass
216,44,71,63.98,25.46,13.33,12.04,23.96,24.73,47.61,C,Pass
217,44,75,68.48,21.45,17.48,10.15,20.8,38.56,51.19,B,Pass
218,45,34,92.32,37.4,24.78,18.52,50.0,67.98,94.6,O,Pass
219,45,39,99.22,25.58,25.0,12.45,47.18,67.9,84.29,A+,Pass
220,45,44,99.86,32.22,21.35,18.83,42.02,55.11,80.79,A+,Pass
221,45,41,96.02,38.85,24.4,15.6,41.57,64.76,87.99,A+,Pass
222,45,40,92.41,40.0,25.0,20.0,45.53,57.72,89.7,A+,Pass
223,46,51,70.92,36.06,18.46,17.2,34.85,60.75,79.79,A,Pass
224,46,53,68.13,33.88,21.21,20.0,32.22,58.81,78.98,A,Pass
225,46,52,76.5,34.47,21.15,13.49,42.66,45.86,75.18,A,Pass
226,46,49,65.77,28.59,19.94,5.27,41.73,53.2,70.6,A,Pass
227,47,98,90.32,33.59,22.0,15.11,39.63,63.27,82.5,A+,Pass
228,47,102,97.36,33.87,22.94,10.81,48.44,59.53,83.52,A+,Pass
229,47,101,98.12,31.96,15.58,14.89,36.38,53.57,72.85,A,Pass
230,47,97,95.02,35.76,20.62,15.61,45.71,60.86,85.19,A+,Pass
231,47,99,96.11,31.46,19.88,15.87,41.07,74.66,86.99,A+,Pass
232,47,100,93.31,40.0,18.8,15.82,46.02,67.14,89.77,A+,Pass
233,48,25,68.26,23.33,16.04,12.01,21.55,52.5,59.36,B,Pass
234,48,18,84.34,27.0,19.23,16.19,41.09,60.03,77.85,A,Pass
235,48,26,78.91,24.94,17.28,9.02,25.23,66.32,67.45,B+,Pass
236,48,22,85.32,36.63,23.99,19.6,50.0,58.21,89.87,A+,Pass
237,48,23,79.41,29.53,16.16,11.73,40.5,43.94,67.85,B+,Pass
238,49,70,60.33,27.94,19.66,15.22,38.7,68.81,80.9,A+,Pass
239,49,65,58.11,34.78,23.83,9.28,41.44,51.7,76.41,A,Pass
240,49,69,56.47,23.7,14.33,12.99,42.17,43.68,65.55,B+,Pass
241,49,67,62.1,28.38,14.33,13.84,30.81,45.62,63.53,B+,Pass
242,49,68,58.91,28.43,17.62,17.23,39.8,63.34,79.34,A,Pass
243,50,64,66.51,30.15,16.85,12.46,36.85,62.92,75.83,A,Pass
244,50,55,62.85,29.26,25.0,15.27,33.62,46.3,70.68,A,Pass
245,50,52,67.25,26.68,13.79,11.76,23.93,45.89,58.12,B,Pass
246,50,58,62.75,37.29,16.53,15.98,41.41,54.57,79.41,A,Pass
247,50,53,58.29,34.08,17.35,15.77,38.39,47.76,73.35,A,Pass
248,51,72,62.43,31.13,18.04,14.49,34.84,40.99,66.57,B+,Pass
249,51,71,66.53,28.49,17.35,14.6,37.56,53.65,72.29,A,Pass
250,51,76,72.11,31.93,17.01,17.74,37.54,56.59,76.82,A,Pass
251,51,68,70.4,35.67,14.24,14.31,37.43,43.24,69.58,B+,Pass
252,51,74,71.81,22.52,14.75,11.01,33.46,41.35,58.69,B,Pass
253,52,52,92.11,39.77,25.0,19.33,38.74,75.0,93.92,O,Pass
254,52,53,97.84,40.0,25.0,20.0,48.24,75.0,99.12,O,Pass
255,52,51,92.24,31.73,25.0,19.26,31.15,75.0,86.07,A+,Pass
256,52,49,94.24,37.36,25.0,20.0,45.07,70.08,93.92,O,Pass
257,53,83,94.56,30.79,24.19,16.24,32.82,47.01,71.53,A,Pass
258,53,85,90.87,28.55,16.99,14.29,41.19,41.65,68.24,B+,Pass
259,53,84,93.57,31.16,23.7,16.14,35.56,49.44,73.99,A,Pass
260,53,81,98.39,30.37,23.95,16.0,45.52,50.76,79.21,A,Pass
261,54,21,90.66,28.31,19.76,14.79,41.0,52.62,74.51,A,Pass
262,54,18,85.27,28.52,15.84,11.78,39.5,45.39,67.41,B+,Pass
263,54,20,92.22,27.08,20.25,12.31,29.59,40.75,61.61,B+,Pass
264,54,17,81.46,36.05,17.64,20.0,50.0,47.29,82.15,A+,Pass
265,54,19,91.01,28.4,18.75,11.26,42.34,49.37,71.54,A,Pass
266,54,22,85.87,21.16,20.96,10.81,34.44,44.67,62.43,B+,Pass
267,55,54,79.19,19.61,12.68,7.21,35.61,66.78,67.46,B+,Pass
268,55,51,84.36,25.61,17.67,16.1,26.55,45.02,62.21,B+,Pass
269,55,53,83.94,32.94,21.27,17.52,44.22,62.12,84.83,A+,Pass
270,55,55,83.17,27.85,15.29,13.73,33.85,39.44,62.24,B+,Pass
271,55,61,86.12,32.6,21.64,14.55,34.49,61.6,78.23,A,Pass
272,56,99,69.34,21.74,8.4,11.56,31.21,43.89,56.1,B,Pass
273,56,110,77.92,28.07,14.97,11.46,24.92,39.68,56.73,B,Pass
274,56,100,81.31,25.25,16.26,11.33,30.89,40.63,59.2,B,Pass
275,56,109,65.72,22.92,15.46,8.4,27.12,38.73,53.47,B,Pass
276,56,112,79.18,23.83,25.0,10.51,31.01,53.0,67.41,B+,Pass
277,57,68,84.63,28.69,19.12,11.62,50.0,59.38,80.51,A+,Pass
278,57,67,81.44,28.45,13.41,9.18,35.45,57.77,68.86,B+,Pass
279,57,65,85.18,32.62,21.2,19.74,34.53,54.68,77.44,A,Pass
280,57,69,84.27,29.88,18.7,16.93,27.86,43.22,64.98,B+,Pass
281,58,34,73.91,16.52,10.81,16.44,34.51,50.6,61.68,B+,Pass
282,58,36,81.95,33.31,19.24,20.0,47.27,58.48,85.28,A+,Pass
283,58,47,64.94,35.75,18.78,20.0,45.18,44.4,78.7,A,Pass
284,58,41,79.19,28.2,17.42,16.97,32.0,51.21,69.45,B+,Pass
285,59,100,79.84,40.0,22.4,19.39,50.0,60.23,91.77,O,Pass
286,59,105,70.05,29.07,15.93,17.48,36.95,49.12,71.05,A,Pass
287,59,104,69.0,36.59,19.36,12.96,45.12,57.5,81.92,A+,Pass
288,59,107,81.29,33.42,19.47,14.72,36.29,53.72,75.07,A,Pass
289,59,110,69.78,33.61,19.41,17.59,41.05,55.7,79.88,A,Pass
290,59,98,75.44,25.52,23.3,13.51,39.47,41.62,67.99,B+,Pass
291,60,74,81.81,36.18,20.98,17.8,42.46,68.21,88.44,A+,Pass
292,60,66,76.52,39.75,22.26,20.0,48.95,66.98,94.51,O,Pass
293,60,65,78.59,36.57,20.32,18.85,41.41,71.0,89.67,A+,Pass
294,60,68,79.91,31.9,21.37,16.2,35.85,66.57,81.59,A+,Pass
295,60,71,81.78,26.03,19.62,20.0,38.42,59.4,77.79,A,Pass
296,60,72,77.86,40.0,25.0,15.76,45.34,70.59,93.49,O,Pass
297,61,100,46.03,20.47,16.22,11.54,20.83,49.46,55.98,B,Pass
298,61,101,56.82,18.44,15.25,8.22,38.22,43.44,58.81,B,Pass
299,61,104,46.67,19.54,12.85,3.85,30.07,39.04,50.09,B,Pass
300,61,103,57.99,22.73,16.97,9.6,26.38,54.49,61.57,B+,Pass
301,61,97,50.42,13.54,8.68,6.74,29.14,37.72,45.79,C,Pass
302,62,65,43.67,9.25,8.75,10.34,22.4,32.66,39.73,F,Fail
303,62,68,35.18,28.68,14.18,9.23,25.74,43.98,58.02,B,Pass
304,62,69,41.97,20.74,11.94,11.25,23.55,43.46,52.83,B,Pass
305,62,67,40.77,21.6,12.44,13.7,31.68,36.28,55.39,B,Pass
306,63,33,52.42,27.26,17.85,10.99,29.41,38.82,59.08,B,Pass
307,63,42,47.96,21.66,13.66,13.39,29.65,33.4,53.4,B,Pass
308,63,39,47.26,20.36,11.97,12.65,35.84,44.51,59.98,B,Pass
309,63,41,50.43,17.18,17.91,11.07,27.72,52.01,59.42,B,Pass
310,64,49,91.87,29.16,21.92,16.5,43.75,56.89,80.02,A+,Pass
311,64,54,90.58,31.61,22.09,11.36,44.9,74.59,87.58,A+,Pass
312,64,50,84.61,32.93,18.43,15.05,33.94,50.35,71.83,A,Pass
313,64,53,85.28,27.92,20.18,20.0,37.5,49.78,74.01,A,Pass
314,64,60,81.5,27.11,20.68,13.99,36.27,59.23,74.6,A,Pass
315,65,101,61.77,30.15,20.49,6.82,38.48,43.92,66.42,B+,Pass
316,65,100,70.97,24.9,24.63,11.26,31.68,42.62,63.66,B+,Pass
317,65,97,69.66,24.42,21.52,14.32,33.8,46.58,66.62,B+,Pass
318,65,99,67.1,31.33,23.35,18.33,45.09,71.52,90.09,O,Pass
319,66,85,66.27,34.43,22.58,16.97,37.87,53.69,78.72,A,Pass
320,66,83,71.33,23.61,19.94,17.69,26.5,53.55,66.87,B+,Pass
321,66,84,64.07,39.88,23.59,20.0,38.59,75.0,93.67,O,Pass
322,66,81,71.55,27.18,18.71,10.59,27.51,52.27,64.52,B+,Pass
323,67,84,40.01,20.16,10.61,13.06,28.82,30.43,49.47,C,Pass
324,67,83,43.19,21.58,11.92,7.03,23.77,32.92,46.32,C,Pass
325,67,81,36.99,24.05,17.44,11.36,33.27,39.2,59.61,B,Pass
326,67,85,39.3,17.68,11.81,14.21,23.98,27.7,45.59,C,Pass
327,68,55,70.98,22.97,16.57,13.33,33.02,53.83,66.41,B+,Pass
328,68,60,73.23,31.19,21.07,12.36,41.01,49.7,73.91,A,Pass
329,68,51,74.39,32.64,14.84,18.06,39.77,59.25,78.82,A,Pass
330,68,56,76.69,31.4,18.97,17.83,30.8,47.14,69.6,B+,Pass
331,68,63,76.87,31.56,14.53,10.99,35.07,40.96,63.74,B+,Pass
332,69,100,73.85,31.37,12.92,10.38,24.56,47.47,60.47,B+,Pass
333,69,97,69.77,25.13,18.36,15.47,40.78,45.31,69.19,B+,Pass
334,69,101,70.53,19.66,21.14,14.0,35.72,55.56,69.07,B+,Pass
335,69,99,65.17,28.58,17.61,7.73,40.19,45.17,66.38,B+,Pass
336,70,111,53.55,24.28,14.82,14.5,32.11,50.32,64.86,B+,Pass
337,70,97,46.95,22.84,18.19,12.94,33.21,40.51,60.67,B+,Pass
338,70,100,50.34,31.55,18.89,15.01,25.91,60.1,71.84,A,Pass
339,70,108,53.97,22.7,9.49,10.99,21.06,51.02,54.98,B,Pass
340,70,99,43.57,27.88,15.6,13.97,30.56,54.9,68.07,B+,Pass
341,70,104,40.9,21.18,17.23,10.6,37.91,39.11,59.99,B,Pass
342,71,17,81.79,32.61,16.95,13.5,49.54,57.44,81.41,A+,Pass
343,71,28,66.18,23.52,15.5,15.26,42.37,58.95,74.29,A,Pass
344,71,30,77.12,29.82,22.96,18.69,41.36,59.56,81.91,A+,Pass
345,71,24,66.56,25.69,25.0,11.63,28.9,50.84,66.83,B+,Pass
346,72,98,68.8,40.0,22.9,15.85,37.89,63.52,85.67,A+,Pass
347,72,99,55.81,35.44,20.6,12.4,44.25,74.52,89.06,A+,Pass
348,72,101,75.87,38.85,17.25,10.12,41.72,55.11,77.96,A,Pass
349,72,102,69.98,29.13,15.89,10.55,31.14,48.21,64.27,B+,Pass
350,72,97,69.66,19.29,17.34,7.43,35.54,43.04,58.15,B,Pass
351,72,100,71.84,25.09,18.64,11.92,32.13,54.85,67.62,B+,Pass
352,73,14,74.38,28.22,17.49,16.03,28.43,49.94,66.64,B+,Pass
353,73,1,73.33,26.99,17.8,12.69,24.88,49.05,62.29,B+,Pass
354,73,5,71.85,28.48,16.29,12.36,39.79,64.95,77.15,A,Pass
355,73,3,69.19,29.08,18.02,15.94,35.44,55.74,73.45,A,Pass
356,74,91,84.8,35.91,21.82,17.4,50.0,63.47,90.0,O,Pass
357,74,92,80.3,34.26,20.18,17.36,43.3,63.13,84.99,A+,Pass
358,74,88,80.22,32.14,23.19,13.27,33.75,52.53,73.37,A,Pass
359,74,84,84.27,31.03,25.0,20.0,41.53,66.42,87.28,A+,Pass
360,74,81,82.96,39.88,15.58,15.85,41.62,59.98,82.9,A+,Pass
361,75,22,36.46,21.45,14.81,2.33,28.81,30.93,46.65,C,Pass
362,75,31,37.66,17.61,7.24,9.52,21.21,27.83,40.05,C,Pass
363,75,27,30.0,19.12,12.02,9.98,31.99,41.37,54.66,B,Pass
364,75,30,30.0,12.97,11.26,7.76,27.04,35.68,45.04,C,Pass
365,75,23,30.0,18.84,13.52,6.76,29.61,44.6,53.83,B,Pass
366,75,29,43.73,10.56,5.27,5.74,20.42,19.47,29.55,F,Fail
367,76,87,85.96,26.92,13.69,16.16,26.21,43.95,60.63,B+,Pass
368,76,90,89.2,26.33,19.62,13.31,36.05,55.51,71.6,A,Pass
369,76,82,86.95,34.12,24.75,15.2,42.2,61.92,84.55,A+,Pass
370,76,92,96.12,28.83,20.3,14.33,37.21,61.4,76.96,A,Pass
371,76,85,94.51,28.78,14.44,12.68,27.06,42.33,59.79,B,Pass
372,77,49,54.71,25.42,19.76,12.59,21.78,38.2,55.63,B,Pass
373,77,56,49.16,24.03,13.06,11.4,29.63,50.82,61.47,B+,Pass
374,77,62,57.17,20.34,14.91,6.27,31.83,33.28,50.72,B,Pass
375,77,58,41.59,21.11,18.24,17.11,17.56,39.19,53.47,B,Pass
376,77,61,51.5,24.64,22.37,15.98,35.72,38.94,65.29,B+,Pass
377,78,102,43.23,24.8,16.48,14.88,26.11,50.62,63.11,B+,Pass
378,78,99,47.56,32.53,18.74,15.4,30.85,64.14,76.82,A,Pass
379,78,104,45.98,35.83,21.21,11.72,39.01,49.49,74.86,A,Pass
380,78,97,45.94,28.2,19.16,10.07,27.91,54.11,66.0,B+,Pass
381,79,8,55.09,26.59,19.23,12.89,17.67,62.33,65.36,B+,Pass
382,79,1,65.45,24.37,21.45,14.89,27.48,40.33,60.77,B+,Pass
383,79,6,55.12,33.94,20.31,15.46,41.96,60.6,82.08,A+,Pass
384,79,3,63.19,31.92,19.15,13.0,36.87,49.67,71.73,A,Pass
385,80,3,56.38,21.69,16.31,10.99,27.87,35.82,53.51,B,Pass
386,80,6,56.18,19.9,19.14,12.75,31.14,45.08,60.59,B+,Pass
387,80,5,61.19,28.5,16.88,13.77,39.34,46.72,69.36,B+,Pass
388,80,4,63.76,18.97,10.86,9.57,19.84,33.97,44.39,C,Pass
389,81,50,77.4,21.88,23.33,13.34,38.53,42.28,65.94,B+,Pass
390,81,59,69.26,22.89,18.57,16.2,33.04,43.12,63.61,B+,Pass
391,81,55,78.6,28.28,18.52,18.42,36.97,53.75,74.32,A,Pass
392,81,54,75.37,40.0,25.0,18.1,49.78,65.41,94.47,O,Pass
393,81,53,76.7,21.52,17.77,15.91,32.5,51.79,66.24,B+,Pass
394,81,60,80.96,32.37,19.03,18.29,39.66,42.49,72.6,A,Pass
395,82,51,62.96,21.52,13.32,14.27,27.82,57.95,64.17,B+,Pass
396,82,52,64.03,16.07,14.29,11.78,31.24,32.18,50.28,B,Pass
397,82,53,59.81,27.94,15.85,9.81,37.39,48.63,66.6,B+,Pass
398,82,49,68.83,33.99,16.41,11.43,41.14,53.04,74.6,A,Pass
399,83,112,66.08,23.55,17.84,15.14,40.55,38.73,64.83,B+,Pass
400,83,109,71.26,31.87,19.47,18.72,34.39,35.74,66.95,B+,Pass
401,83,106,74.43,29.44,15.08,17.96,38.79,52.56,73.65,A,Pass
402,83,102,59.28,29.46,19.09,18.62,34.87,55.54,75.03,A,Pass
403,83,98,76.99,29.82,21.21,12.03,40.28,57.45,76.36,A,Pass
404,83,111,58.51,27.53,25.0,14.38,40.73,60.71,79.66,A,Pass
405,84,56,100.0,38.28,24.32,20.0,42.69,58.82,87.66,A+,Pass
406,84,52,100.0,34.03,25.0,17.19,36.9,63.56,83.72,A+,Pass
407,84,60,95.92,36.39,24.3,17.95,40.99,58.86,84.85,A+,Pass
408,84,59,100.0,33.31,22.35,18.56,38.03,69.91,86.51,A+,Pass
409,84,49,100.0,38.78,25.0,14.9,39.03,75.0,91.35,O,Pass
410,84,51,100.0,35.38,22.6,17.97,37.43,72.55,88.29,A+,Pass
411,85,6,87.93,27.18,14.7,6.3,34.57,39.87,58.51,B,Pass
412,85,1,77.83,23.58,15.59,14.78,27.87,38.15,57.16,B,Pass
413,85,3,76.94,26.58,16.14,10.99,38.87,65.98,75.47,A,Pass
414,85,7,72.71,33.07,16.35,16.07,31.37,53.75,71.87,A,Pass
415,86,36,75.33,30.0,20.7,13.83,34.89,50.09,71.02,A,Pass
416,86,35,75.14,27.56,16.16,9.13,46.68,43.04,68.23,B+,Pass
417,86,33,79.32,25.74,17.11,11.31,37.79,50.8,67.98,B+,Pass
418,86,37,86.36,29.15,21.21,19.61,36.27,59.55,78.78,A,Pass
419,87,36,66.47,30.74,21.24,16.1,32.16,53.92,73.16,A,Pass
420,87,39,58.3,22.01,14.43,19.13,30.43,57.31,68.3,B+,Pass
421,87,33,67.34,28.38,18.28,13.33,37.48,48.71,69.64,B+,Pass
422,87,34,54.8,32.27,20.12,12.5,40.47,45.23,71.78,A,Pass
423,87,38,52.9,30.48,14.4,18.4,34.01,48.38,69.79,B+,Pass
424,87,42,57.67,26.53,15.0,7.98,22.63,38.83,52.69,B,Pass
425,88,104,78.51,29.83,19.49,19.04,35.84,65.92,80.91,A+,Pass
426,88,99,72.48,21.28,17.02,15.44,32.05,45.85,62.59,B+,Pass
427,88,109,82.85,27.34,15.74,18.22,31.88,43.88,65.5,B+,Pass
428,88,101,70.15,24.99,16.16,20.0,29.97,42.67,63.85,B+,Pass
429,88,103,74.06,34.66,18.32,13.29,47.25,46.18,76.48,A,Pass
430,88,110,77.89,35.54,19.22,12.27,46.64,54.7,80.44,A+,Pass
431,89,76,59.51,27.89,18.62,12.36,20.43,60.33,65.94,B+,Pass
432,89,70,57.7,28.26,19.89,15.6,44.44,58.64,79.48,A,Pass
433,89,71,54.17,28.75,17.55,15.61,26.34,59.75,70.26,A,Pass
434,89,72,64.31,14.98,11.71,15.75,32.3,38.87,54.34,B,Pass
435,90,8,34.72,23.32,15.06,11.31,21.97,31.84,49.18,C,Pass
436,90,6,45.9,20.56,12.07,4.89,20.12,33.15,43.08,C,Pass
437,90,4,48.47,10.91,7.78,2.51,19.92,31.05,34.27,F,Fail
438,90,5,36.59,19.67,15.19,5.55,36.38,35.62,53.5,B,Pass
439,90,7,37.37,20.65,18.17,14.56,35.15,49.26,65.44,B+,Pass
440,90,3,34.58,32.98,12.34,18.55,35.52,61.33,77.08,A,Pass
441,91,50,100.0,25.82,19.34,14.31,32.1,58.62,71.21,A,Pass
442,91,58,92.86,40.0,22.58,20.0,44.91,67.9,93.18,O,Pass
443,91,53,100.0,34.82,20.96,17.27,50.0,66.35,90.39,O,Pass
444,91,49,100.0,34.76,18.66,18.11,40.43,36.95,71.36,A,Pass
445,92,34,76.55,28.37,21.37,18.53,33.79,57.7,75.82,A,Pass
446,92,42,76.58,27.85,14.79,12.41,30.28,55.93,67.29,B+,Pass
447,92,35,70.05,22.85,6.44,11.19,31.9,46.65,57.32,B,Pass
448,92,38,79.41,33.68,14.76,14.56,35.92,51.23,71.9,A,Pass
449,92,44,67.5,18.67,17.42,11.23,26.92,44.46,56.13,B,Pass
450,93,100,69.94,37.12,19.79,16.21,38.73,34.54,70.06,A,Pass
451,93,102,86.09,31.15,16.74,10.54,28.35,41.99,61.31,B+,Pass
452,93,98,69.37,24.41,16.19,7.13,27.05,42.4,55.56,B,Pass
453,93,99,74.8,24.94,13.94,9.98,30.11,55.64,64.05,B+,Pass
454,93,101,80.37,15.53,14.81,13.92,20.88,44.27,51.75,B,Pass
455,94,7,71.65,20.47,13.15,12.27,31.84,51.13,61.41,B+,Pass
456,94,14,65.68,30.49,19.95,8.52,39.17,48.22,69.57,B+,Pass
457,94,16,64.25,28.21,22.03,20.0,30.96,63.59,78.07,A,Pass
458,94,6,67.34,37.58,12.52,17.83,40.62,61.54,81.74,A+,Pass
459,94,9,68.68,29.49,17.33,16.99,37.35,53.93,74.01,A,Pass
460,94,4,65.46,29.27,16.36,16.51,25.42,52.6,66.69,B+,Pass
461,95,10,54.76,21.95,17.42,15.07,30.64,54.04,66.01,B+,Pass
462,95,7,51.04,31.1,13.15,13.54,27.72,34.41,57.5,B,Pass
463,95,2,62.98,23.7,10.41,12.4,25.53,52.11,59.3,B,Pass
464,95,8,44.47,24.31,14.49,9.98,22.55,54.67,59.73,B,Pass
465,96,85,62.52,29.76,14.44,11.26,32.09,25.33,54.15,B,Pass
466,96,86,69.18,21.11,13.26,8.82,26.16,50.2,56.78,B,Pass
467,96,87,71.58,26.93,17.23,14.57,36.41,44.51,66.62,B+,Pass
468,96,81,62.9,33.15,11.73,15.13,29.4,41.8,63.04,B+,Pass
469,97,49,68.54,33.61,15.82,18.62,32.23,55.81,74.61,A,Pass
470,97,51,70.75,26.43,19.57,14.3,44.69,62.87,79.87,A,Pass
471,97,52,73.37,30.05,18.62,10.2,37.64,50.19,69.82,B+,Pass
472,97,53,73.52,27.32,21.05,11.25,33.26,50.83,68.06,B+,Pass
473,98,54,62.23,31.57,15.45,12.24,33.42,48.55,67.45,B+,Pass
474,98,49,59.16,22.08,20.46,18.71,24.53,51.86,65.05,B+,Pass
475,98,51,61.46,32.56,12.34,11.24,32.83,54.85,68.85,B+,Pass
476,98,50,54.21,20.44,19.51,13.95,34.59,56.06,68.46,B+,Pass
477,98,55,59.04,24.0,10.77,9.07,27.84,45.22,55.86,B,Pass
478,99,100,74.92,18.36,8.48,12.28,27.27,49.74,55.56,B,Pass
479,99,101,69.56,21.35,13.31,8.06,32.59,45.15,57.4,B,Pass
480,99,99,70.64,31.94,16.9,12.16,22.28,45.58,61.22,B+,Pass
481,99,97,71.72,23.13,15.9,13.7,31.46,45.75,61.85,B+,Pass
482,99,102,65.93,19.84,14.32,9.34,29.11,36.19,51.77,B,Pass
483,100,91,87.88,32.3,15.76,15.71,38.97,38.23,67.63,B+,Pass
484,100,89,72.23,33.3,20.53,13.28,36.69,52.9,74.53,A,Pass
485,100,82,89.62,27.51,16.07,12.64,36.1,37.66,62.13,B+,Pass
486,100,85,84.18,34.21,11.33,17.72,32.75,51.89,71.09,A,Pass
487,101,61,98.34,26.04,20.59,9.33,44.11,60.41,76.17,A,Pass
488,101,49,92.12,35.16,20.01,14.38,37.61,57.15,78.25,A,Pass
489,101,64,92.33,28.97,18.69,15.26,42.41,48.38,73.37,A,Pass
490,101,54,94.06,33.52,21.03,15.66,40.68,56.42,79.67,A,Pass
491,102,50,79.4,25.68,16.45,12.34,32.57,53.66,66.92,B+,Pass
492,102,58,77.26,22.18,11.2,8.68,23.78,36.44,48.8,C,Pass
493,102,63,78.28,17.9,18.35,12.08,42.01,40.13,62.06,B+,Pass
494,102,56,76.62,25.51,9.0,9.21,32.51,37.99,54.94,B,Pass
495,103,33,60.01,28.0,18.55,12.93,28.13,42.66,61.86,B+,Pass
496,103,37,48.11,27.89,14.32,19.09,29.74,48.32,66.63,B+,Pass
497,103,36,52.86,26.12,16.15,14.99,33.64,46.62,65.59,B+,Pass
498,103,35,52.37,28.22,13.69,16.76,22.87,56.43,65.73,B+,Pass
499,103,34,54.13,23.01,16.2,12.39,16.99,36.51,49.71,C,Pass
500,103,38,49.41,20.61,6.52,13.06,29.64,50.97,58.05,B,Pass
501,104,19,90.57,28.72,19.7,16.05,43.87,60.76,80.56,A+,Pass
502,104,20,86.03,21.95,17.69,15.4,32.13,45.6,63.09,B+,Pass
503,104,21,88.14,27.52,15.11,8.75,43.0,57.88,72.69,A,Pass
504,104,17,93.43,25.88,14.07,16.47,39.07,43.58,66.68,B+,Pass
505,104,18,85.1,27.66,18.27,7.99,34.63,50.76,66.14,B+,Pass
506,104,22,86.31,34.0,11.97,13.08,41.0,54.39,74.22,A,Pass
507,105,109,80.24,26.29,10.28,10.44,32.41,49.76,61.9,B+,Pass
508,105,99,80.73,32.27,19.78,17.98,35.93,64.3,81.01,A+,Pass
509,105,108,77.51,31.61,13.17,13.52,40.52,51.83,72.28,A,Pass
510,105,102,74.59,23.23,19.33,14.49,27.17,40.63,59.13,B,Pass
511,105,98,79.19,28.99,20.82,16.67,41.15,47.03,73.68,A,Pass
512,106,92,51.52,21.22,11.72,11.98,36.4,44.29,60.16,B+,Pass
513,106,91,45.49,22.23,11.5,11.9,30.73,29.7,50.89,B,Pass
514,106,87,36.35,20.99,6.56,8.24,28.45,33.17,46.95,C,Pass
515,106,82,40.9,22.06,9.9,4.38,26.24,41.96,49.88,C,Pass
516,106,83,41.39,16.95,8.87,10.81,24.87,46.52,51.58,B,Pass
517,106,90,45.47,18.99,10.24,2.89,25.41,52.23,52.11,B,Pass
518,107,54,73.69,37.18,21.81,20.0,44.61,45.55,80.88,A+,Pass
519,107,58,71.38,38.73,18.7,13.34,36.87,53.75,77.03,A,Pass
520,107,52,77.39,30.77,15.33,15.12,45.94,54.24,77.35,A,Pass
521,107,56,75.41,36.47,24.74,20.0,42.32,65.51,89.86,A+,Pass
522,107,50,79.77,25.62,18.96,12.67,38.66,69.71,78.59,A,Pass
523,108,21,70.94,40.0,21.32,16.91,35.81,53.24,79.73,A,Pass
524,108,24,71.98,28.96,12.07,9.13,23.62,35.79,52.38,B,Pass
525,108,17,69.79,32.39,19.48,19.23,35.73,55.86,77.53,A,Pass
526,108,25,72.66,23.77,16.63,18.31,32.55,58.39,71.22,A,Pass
527,109,84,60.44,32.88,20.35,13.13,32.99,43.01,67.71,B+,Pass
528,109,88,57.83,24.11,15.71,7.48,34.22,40.22,57.96,B,Pass
529,109,90,67.55,33.1,20.67,18.73,38.21,52.11,77.6,A,Pass
530,109,83,62.91,31.91,15.22,12.47,38.69,45.41,68.81,B+,Pass
531,109,82,69.18,21.18,16.46,12.71,31.85,28.69,52.84,B,Pass
532,109,89,63.21,31.36,19.53,15.24,33.33,49.85,71.04,A,Pass
533,110,13,40.54,30.98,22.84,17.33,41.38,56.83,80.5,A+,Pass
534,110,10,47.67,20.27,15.04,6.83,32.16,34.48,51.73,B,Pass
535,110,4,42.78,29.05,12.2,14.11,26.67,45.91,61.22,B+,Pass
536,110,3,50.31,21.35,15.33,10.18,30.01,41.31,56.18,B,Pass
537,110,14,49.05,29.08,14.94,12.67,30.76,61.6,70.98,A,Pass
538,110,15,46.57,26.16,15.34,14.4,43.96,51.82,72.58,A,Pass
539,111,61,67.87,31.62,25.0,20.0,41.48,43.95,77.06,A,Pass
540,111,58,71.54,38.39,23.21,20.0,49.52,75.0,98.24,O,Pass
541,111,57,70.08,38.14,19.4,14.35,31.88,57.86,76.95,A,Pass
542,111,60,76.01,34.46,23.25,20.0,48.21,57.44,87.44,A+,Pass
543,111,49,73.12,28.68,12.61,12.51,30.09,47.92,63.04,B+,Pass
544,112,35,84.33,30.67,18.05,15.78,37.64,51.77,73.43,A,Pass
545,112,39,75.55,21.46,18.32,12.72,30.62,40.45,58.61,B,Pass
546,112,37,87.06,21.93,17.05,12.49,16.35,58.1,59.32,B,Pass
547,112,33,73.54,29.49,15.02,20.0,31.59,50.01,69.89,B+,Pass
548,113,13,83.3,40.0,25.0,19.82,48.68,75.0,99.25,O,Pass
549,113,11,90.72,31.8,24.99,16.23,41.35,58.29,81.89,A+,Pass
550,113,3,81.0,39.38,14.2,13.13,37.36,52.81,75.26,A,Pass
551,113,9,88.64,40.0,22.82,20.0,39.58,75.0,93.92,O,Pass
552,114,87,39.59,20.7,10.34,5.71,21.94,29.49,42.07,C,Pass
553,114,81,37.38,26.01,7.12,8.08,24.55,33.14,47.64,C,Pass
554,114,84,49.75,13.58,2.85,2.0,7.17,22.97,23.23,F,Fail
555,114,86,38.79,19.37,16.13,11.39,26.27,45.69,56.29,B,Pass
556,115,17,55.4,28.51,11.9,15.42,29.15,42.96,61.35,B+,Pass
557,115,22,56.14,21.7,8.17,12.32,23.72,37.45,49.62,C,Pass
558,115,19,60.34,31.25,10.26,15.37,32.5,43.92,64.16,B+,Pass
559,115,20,64.29,28.27,16.29,11.38,28.15,59.69,68.28,B+,Pass
560,116,72,92.75,39.78,25.0,20.0,46.15,61.17,91.51,O,Pass
561,116,68,100.0,36.52,17.93,20.0,48.06,73.78,93.89,O,Pass
562,116,73,95.36,40.0,25.0,15.61,41.35,74.11,93.06,O,Pass
563,116,66,100.0,37.39,18.97,18.74,50.0,64.99,90.98,O,Pass
564,116,76,96.79,40.0,24.98,15.7,41.29,59.61,86.31,A+,Pass
565,117,7,65.54,26.17,15.96,16.7,28.59,51.7,66.24,B+,Pass
566,117,1,63.92,27.0,16.78,10.09,25.92,45.83,59.6,B,Pass
567,117,3,62.98,14.8,9.9,6.72,27.52,39.69,47.0,C,Pass
568,117,5,62.6,28.3,17.75,11.52,36.68,43.79,65.79,B+,Pass
569,117,4,61.65,23.02,13.43,14.14,32.27,38.41,58.01,B,Pass
570,118,8,90.31,35.02,25.0,18.69,46.44,56.94,86.65,A+,Pass
571,118,10,93.01,36.87,18.05,15.86,37.16,49.8,75.41,A,Pass
572,118,11,92.38,33.78,18.91,13.09,36.16,50.41,72.6,A,Pass
573,118,1,89.98,38.85,25.0,20.0,43.77,53.19,86.13,A+,Pass
574,118,3,93.61,27.18,22.28,16.83,29.4,62.34,74.7,A,Pass
575,119,87,82.38,32.1,25.0,20.0,37.67,69.4,87.27,A+,Pass
576,119,92,77.72,31.29,18.25,14.74,37.12,49.06,71.77,A,Pass
577,119,81,85.26,36.53,25.0,19.87,43.33,63.25,89.38,A+,Pass
578,119,84,78.74,29.49,19.15,12.31,37.07,50.91,70.85,A,Pass
579,119,88,84.39,32.14,19.26,17.21,31.85,48.21,70.8,A,Pass
580,119,90,80.91,35.07,18.1,14.07,44.32,49.87,77.25,A,Pass
581,120,17,49.78,25.38,8.02,15.35,25.32,48.85,59.04,B,Pass
582,120,22,45.24,14.8,13.12,15.06,40.17,38.84,58.39,B,Pass
583,120,18,45.31,27.17,16.15,11.43,34.63,42.38,62.85,B+,Pass
584,120,19,51.39,22.8,14.93,10.97,33.92,49.98,63.14,B+,Pass
585,120,21,49.24,12.97,17.59,14.57,27.43,40.26,53.31,B,Pass
586,120,20,42.99,22.49,16.81,14.97,33.03,67.43,73.44,A,Pass
587,121,46,70.64,26.95,17.69,11.25,29.46,54.5,66.34,B+,Pass
588,121,41,64.69,26.24,16.86,16.9,28.16,52.84,67.05,B+,Pass
589,121,34,60.83,30.25,23.66,11.61,34.76,51.96,72.02,A,Pass
590,121,38,54.14,35.15,18.77,18.11,43.02,49.13,78.58,A,Pass
591,122,92,78.62,32.62,18.46,20.0,32.97,64.1,80.09,A+,Pass
592,122,93,68.11,30.37,14.8,13.85,38.06,47.31,69.14,B+,Pass
593,122,82,73.8,22.61,12.4,10.57,26.24,34.2,50.63,B,Pass
594,122,85,76.02,32.07,18.61,15.61,39.06,60.48,79.04,A,Pass
595,122,90,70.42,32.24,22.08,13.62,34.92,46.13,70.75,A,Pass
596,122,87,76.98,30.75,18.78,13.32,40.82,56.65,76.39,A,Pass
597,123,6,40.58,13.74,9.84,5.96,12.36,38.29,37.83,F,Fail
598,123,3,33.42,18.1,6.72,5.81,24.66,31.89,41.85,C,Pass
599,123,1,32.81,13.28,7.02,2.82,19.85,36.63,37.87,F,Fail
600,123,8,33.21,13.14,4.44,9.87,14.09,25.31,32.14,F,Fail
601,123,7,30.0,20.2,7.15,7.03,23.75,42.77,48.31,C,Pass
602,123,4,31.1,19.12,9.79,8.43,12.57,25.85,36.04,F,Fail
603,124,89,78.44,34.42,18.92,17.39,30.44,60.48,76.92,A,Pass
604,124,86,83.71,28.58,19.71,17.62,39.81,61.33,79.5,A,Pass
605,124,84,79.02,27.02,19.64,14.71,42.38,49.35,72.94,A,Pass
606,124,85,89.03,31.67,19.94,13.41,35.76,54.05,73.62,A,Pass
607,124,91,81.9,27.56,21.27,18.8,39.7,69.05,83.77,A+,Pass
608,125,85,58.17,26.69,14.63,9.03,29.79,53.27,63.46,B+,Pass
609,125,83,67.74,33.17,21.64,20.0,40.35,64.04,85.3,A+,Pass
610,125,81,63.29,29.93,17.42,19.03,29.52,46.84,68.07,B+,Pass
611,125,84,64.54,33.5,21.9,18.18,42.34,61.4,84.43,A+,Pass
612,126,72,52.08,26.56,17.16,12.25,27.98,63.77,70.02,A,Pass
613,126,68,43.86,21.64,14.92,10.25,27.48,40.98,54.78,B,Pass
614,126,70,55.56,23.82,23.08,15.2,30.36,36.55,60.98,B+,Pass
615,126,71,55.54,27.0,9.21,11.97,26.99,54.89,62.28,B+,Pass
616,126,69,40.05,25.22,8.93,12.99,42.36,53.98,69.04,B+,Pass
617,126,65,48.17,29.22,16.93,11.03,27.16,38.7,58.54,B,Pass
618,127,23,64.72,26.28,15.97,9.77,28.84,40.81,57.88,B,Pass
619,127,20,67.67,33.52,19.2,13.85,38.76,51.1,74.59,A,Pass
620,127,25,55.89,29.66,18.97,16.07,35.99,53.07,73.22,A,Pass
621,127,26,54.57,25.54,18.38,11.08,29.99,45.32,61.81,B+,Pass
622,127,24,61.2,19.78,15.51,10.64,26.51,40.58,53.61,B,Pass
623,127,21,53.19,30.04,14.44,11.51,32.66,40.55,61.8,B+,Pass
624,128,104,51.03,35.58,25.0,14.16,44.26,67.69,88.59,A+,Pass
625,128,105,59.8,25.97,13.32,17.75,36.09,45.14,66.3,B+,Pass
626,128,101,54.57,26.55,16.09,17.25,30.79,65.55,74.32,A,Pass
627,128,106,57.23,32.49,18.17,2.14,38.51,46.19,65.4,B+,Pass
628,129,8,65.28,22.91,25.0,13.61,37.14,37.21,64.19,B+,Pass
629,129,13,62.87,32.52,19.17,14.84,35.79,54.71,74.78,A,Pass
630,129,16,60.46,40.0,20.53,20.0,45.25,47.41,82.96,A+,Pass
631,129,2,58.91,18.52,14.14,12.21,33.75,47.21,59.93,B,Pass
632,129,7,67.42,32.05,23.49,14.64,22.8,54.91,69.77,B+,Pass
633,130,98,69.54,36.27,17.61,20.0,42.66,62.86,85.85,A+,Pass
634,130,101,71.09,30.79,22.81,13.29,30.23,47.57,68.48,B+,Pass
635,130,99,61.53,37.17,23.96,15.3,36.9,44.73,75.15,A,Pass
636,130,104,75.39,32.82,21.74,18.92,50.0,64.12,89.49,A+,Pass
637,130,107,68.02,28.27,16.87,14.47,46.17,58.18,78.35,A,Pass
638,130,100,64.38,31.39,25.0,15.4,34.86,57.51,77.66,A,Pass
639,131,53,42.31,23.79,17.68,8.55,27.91,42.41,56.98,B,Pass
640,131,62,49.7,32.74,22.18,13.49,29.63,44.64,67.64,B+,Pass
641,131,56,44.77,19.8,15.63,10.46,24.22,39.87,52.1,B,Pass
642,131,54,52.19,20.44,11.26,14.01,32.1,32.13,52.77,B,Pass
643,131,59,43.35,27.39,18.57,16.04,37.52,52.18,72.26,A,Pass
644,132,69,58.18,32.72,25.0,17.36,30.56,51.9,74.54,A,Pass
645,132,68,59.38,27.26,19.08,16.29,40.67,56.09,75.92,A,Pass
646,132,74,58.2,24.46,16.07,14.92,31.17,46.92,63.6,B+,Pass
647,132,76,62.21,31.57,22.86,15.24,37.82,55.98,77.58,A,Pass
648,132,65,57.95,40.0,17.82,15.05,45.09,68.09,88.97,A+,Pass
649,133,4,75.25,29.55,17.86,15.95,43.56,55.13,77.4,A,Pass
650,133,3,88.77,24.72,17.86,17.53,32.55,53.83,69.66,B+,Pass
651,133,10,79.26,26.21,18.33,13.36,42.08,55.43,74.03,A,Pass
652,133,8,80.17,31.31,21.63,17.03,27.94,59.3,74.47,A,Pass
653,133,1,75.87,36.33,21.58,15.14,42.55,56.2,81.86,A+,Pass
654,133,9,78.15,33.95,23.86,14.45,43.08,54.95,80.93,A+,Pass
655,134,43,66.17,30.2,12.25,13.12,29.26,44.84,62.12,B+,Pass
656,134,34,70.26,29.48,18.64,11.33,38.45,60.18,75.17,A,Pass
657,134,36,72.85,32.19,20.37,17.59,46.95,59.94,84.48,A+,Pass
658,134,44,68.69,35.39,15.53,5.44,21.99,52.16,61.96,B+,Pass
659,134,39,74.43,16.22,14.72,12.54,28.53,37.15,51.86,B,Pass
660,134,37,72.16,27.47,16.07,13.14,43.89,51.45,72.69,A,Pass
661,135,1,80.07,19.4,15.25,15.35,27.78,49.6,60.51,B+,Pass
662,135,4,75.16,29.68,11.65,17.25,24.39,58.52,67.63,B+,Pass
663,135,5,77.69,35.42,21.61,16.77,33.92,50.13,75.09,A,Pass
664,135,3,77.58,31.31,18.61,13.69,29.74,58.96,72.33,A,Pass
665,136,74,79.93,22.67,14.29,17.34,35.42,44.1,64.01,B+,Pass
666,136,73,81.7,26.86,15.57,7.03,30.82,45.95,60.02,B+,Pass
667,136,65,93.92,33.73,17.41,17.49,29.41,52.38,71.73,A,Pass
668,136,76,83.21,16.01,12.1,10.02,25.97,36.59,47.91,C,Pass
669,136,69,74.19,33.3,13.31,13.1,35.52,53.32,71.17,A,Pass
670,137,8,49.38,21.95,9.33,14.11,27.84,49.88,58.97,B,Pass
671,137,9,47.96,15.54,12.56,7.23,26.23,45.95,50.97,B,Pass
672,137,4,48.76,17.98,15.97,14.37,31.82,38.38,56.38,B,Pass
673,137,2,47.35,16.65,7.7,6.58,29.06,26.13,41.42,C,Pass
674,138,98,46.05,19.18,15.63,9.62,30.06,43.34,55.9,B,Pass
675,138,99,44.36,18.55,10.16,7.5,20.4,35.31,43.77,C,Pass
676,138,100,43.35,20.98,11.56,7.97,22.61,38.43,48.34,C,Pass
677,138,97,45.58,11.8,12.32,8.64,28.22,36.12,46.11,C,Pass
678,139,102,91.73,31.39,20.45,12.62,42.96,61.68,80.45,A+,Pass
679,139,101,100.0,33.53,21.48,13.96,37.82,60.41,79.44,A,Pass
680,139,100,100.0,33.33,19.8,18.89,34.98,67.26,82.91,A+,Pass
681,139,99,97.57,27.48,20.19,17.62,37.42,46.0,70.8,A,Pass
682,140,6,65.61,17.49,13.37,7.39,15.39,29.48,39.24,F,Fail
683,140,4,62.82,22.47,13.53,4.24,32.73,41.83,54.65,B,Pass
684,140,8,63.99,26.99,17.15,10.0,22.41,48.64,59.26,B,Pass
685,140,5,68.07,18.63,8.31,5.25,17.06,37.22,41.16,C,Pass
686,141,70,90.13,30.88,16.08,13.01,35.45,39.93,64.73,B+,Pass
687,141,67,98.25,39.78,17.67,18.62,39.68,50.62,79.73,A,Pass
688,141,72,100.0,35.2,18.47,16.96,33.78,56.34,76.65,A,Pass
689,141,71,100.0,34.51,18.36,14.5,39.47,57.34,78.34,A,Pass
690,142,67,75.58,24.6,20.55,12.13,36.36,52.98,69.5,B+,Pass
691,142,68,71.56,27.98,15.7,20.0,29.7,40.84,64.18,B+,Pass
692,142,65,72.58,22.25,20.66,17.37,39.82,55.13,73.71,A,Pass
693,142,69,75.05,28.04,15.89,18.72,41.21,56.59,76.75,A,Pass
694,143,83,82.78,21.75,20.79,13.66,32.49,49.72,65.47,B+,Pass
695,143,85,80.83,29.57,16.53,16.35,34.8,56.19,73.19,A,Pass
696,143,93,70.88,31.88,13.53,14.35,31.06,39.84,62.65,B+,Pass
697,143,89,80.36,29.4,22.27,14.61,36.91,47.64,71.6,A,Pass
698,143,96,78.88,28.79,15.16,10.62,42.14,46.85,68.7,B+,Pass
699,143,88,72.27,31.9,25.0,15.04,35.29,56.78,77.61,A,Pass
700,144,12,77.67,27.11,18.85,14.98,33.37,48.42,67.87,B+,Pass
701,144,14,67.56,25.56,12.98,15.66,40.67,44.65,66.98,B+,Pass
702,144,10,77.69,25.09,15.83,12.15,26.72,31.32,52.93,B,Pass
703,144,2,81.15,27.2,12.77,12.2,36.75,55.48,69.07,B+,Pass
704,144,5,75.79,20.71,18.59,9.86,38.26,57.37,68.62,B+,Pass
705,144,7,68.99,19.47,16.17,10.53,24.27,47.28,55.67,B,Pass
706,145,34,93.94,25.61,20.02,14.19,40.62,51.18,72.1,A,Pass
707,145,36,99.88,34.09,8.31,17.9,35.25,48.02,69.36,B+,Pass
708,145,35,86.82,25.32,14.1,9.79,29.13,53.47,62.72,B+,Pass
709,145,33,94.35,30.74,15.42,16.86,32.69,60.39,74.49,A,Pass
710,145,38,88.13,26.15,19.23,14.15,33.93,63.71,74.54,A,Pass
711,145,37,86.38,21.39,10.71,10.5,35.12,43.42,58.05,B,Pass
712,146,22,73.52,28.17,18.32,7.17,38.68,41.37,63.64,B+,Pass
713,146,19,63.61,32.41,17.31,15.59,35.38,51.46,72.63,A,Pass
714,146,17,76.18,21.55,18.32,14.65,39.37,59.92,73.07,A,Pass
715,146,28,69.77,36.72,18.31,11.49,34.27,44.63,69.39,B+,Pass
716,147,7,74.28,30.5,17.77,19.52,35.53,59.66,77.72,A,Pass
717,147,14,66.56,30.83,25.0,14.12,34.92,57.85,76.94,A,Pass
718,147,2,69.05,26.06,21.75,13.42,27.64,40.55,61.18,B+,Pass
719,147,13,71.9,37.22,19.85,18.64,50.0,58.34,88.1,A+,Pass
720,148,42,69.0,20.15,9.3,15.94,31.0,31.99,52.19,B,Pass
721,148,38,72.12,30.28,21.01,14.13,31.28,52.28,70.64,A,Pass
722,148,39,66.73,28.75,20.49,12.07,21.38,47.97,61.68,B+,Pass
723,148,41,70.16,23.63,12.7,7.95,30.4,40.34,54.89,B,Pass
724,148,34,72.46,28.87,18.43,15.33,39.13,61.44,77.71,A,Pass
725,148,35,70.87,31.95,20.07,15.22,35.68,55.48,75.35,A,Pass
726,149,70,75.56,32.94,16.8,11.57,28.67,38.81,61.42,B+,Pass
727,149,65,71.1,27.86,19.05,12.39,43.2,43.08,69.45,B+,Pass
728,149,67,66.27,27.71,20.25,18.56,36.44,56.62,75.87,A,Pass
729,149,68,66.26,35.81,18.36,16.99,42.39,50.35,78.44,A,Pass
730,149,66,75.7,26.06,14.75,13.95,27.87,41.46,59.19,B,Pass
731,149,69,74.17,22.64,15.63,14.67,26.8,42.03,57.92,B,Pass
732,150,69,72.17,30.46,16.03,14.01,26.41,63.0,71.25,A,Pass
733,150,65,63.88,26.29,15.81,10.77,38.85,54.48,69.71,B+,Pass
734,150,68,63.15,33.44,16.8,19.15,36.19,61.6,79.86,A,Pass
735,150,70,65.51,32.86,24.01,18.49,38.62,55.2,80.35,A+,Pass
736,150,72,66.63,23.21,17.87,14.56,23.18,49.62,60.77,B+,Pass
737,150,66,64.73,30.87,14.34,12.24,41.11,53.41,72.77,A,Pass
738,151,20,49.25,19.23,10.34,11.25,16.05,46.59,49.14,C,Pass
739,151,21,47.08,10.89,17.83,11.67,25.54,33.71,46.91,C,Pass
740,151,19,47.65,21.45,11.89,11.43,34.7,31.44,53.22,B,Pass
741,151,17,57.36,22.64,14.45,13.1,32.97,52.03,64.41,B+,Pass
742,152,75,71.87,33.82,23.09,13.58,27.65,42.43,66.56,B+,Pass
743,152,70,76.0,30.23,16.86,19.2,33.47,55.35,74.02,A,Pass
744,152,76,62.46,35.64,25.0,16.14,38.48,57.46,81.94,A+,Pass
745,152,65,68.81,26.63,18.36,15.9,32.87,46.63,66.8,B+,Pass
746,152,68,65.79,31.95,7.93,10.97,42.8,51.58,70.1,A,Pass
747,153,66,83.87,28.34,18.97,16.75,37.42,57.12,75.5,A,Pass
748,153,65,86.02,30.22,23.89,18.51,44.56,67.39,87.65,A+,Pass
749,153,70,88.66,40.0,17.93,15.61,46.99,62.96,87.85,A+,Pass
750,153,69,89.37,40.0,19.29,20.0,48.97,54.81,87.78,A+,Pass
751,153,68,88.3,32.95,16.42,14.59,46.25,68.42,85.39,A+,Pass
752,153,67,92.6,36.8,21.07,14.24,42.22,62.43,84.2,A+,Pass
753,154,36,61.59,20.93,17.38,13.78,31.42,52.37,64.46,B+,Pass
754,154,35,66.45,21.13,15.33,14.28,30.35,60.82,67.39,B+,Pass
755,154,33,68.86,28.15,18.61,13.36,36.55,65.13,76.87,A,Pass
756,154,37,62.42,33.59,21.7,19.1,50.0,70.37,92.86,O,Pass
757,155,72,80.57,27.46,18.21,12.6,33.91,55.17,70.01,A,Pass
758,155,66,74.34,25.27,18.63,16.84,28.34,50.45,66.22,B+,Pass
759,155,65,80.78,14.9,10.32,9.91,21.86,36.49,44.49,C,Pass
760,155,74,71.1,25.38,23.98,16.3,45.87,59.9,81.31,A+,Pass
761,156,106,100.0,39.3,25.0,18.81,47.54,75.0,97.83,O,Pass
762,156,105,96.27,25.54,18.77,14.36,42.58,57.18,75.43,A,Pass
763,156,97,94.71,40.0,25.0,20.0,50.0,54.47,90.42,O,Pass
764,156,99,98.69,31.12,23.64,20.0,29.66,59.42,77.58,A,Pass
765,156,104,100.0,30.89,18.28,18.05,47.26,75.0,90.41,O,Pass
766,156,100,90.9,35.85,25.0,19.16,48.73,58.38,89.11,A+,Pass
767,157,66,61.13,28.66,20.84,14.73,30.15,47.99,67.5,B+,Pass
768,157,74,61.78,25.07,18.46,17.05,41.83,49.49,72.45,A,Pass
769,157,67,49.33,23.23,7.86,10.7,30.58,37.5,52.89,B,Pass
770,157,68,51.93,15.3,11.42,12.8,24.04,52.05,54.93,B,Pass
771,158,92,66.4,35.47,18.09,20.0,33.3,48.8,74.39,A,Pass
772,158,84,68.66,27.32,15.53,16.57,42.32,72.05,82.94,A+,Pass
773,158,90,67.36,26.32,21.72,17.0,31.51,47.04,68.05,B+,Pass
774,158,89,71.04,36.32,18.13,10.92,35.96,64.27,78.84,A,Pass
775,158,83,66.97,40.0,25.0,14.04,45.11,70.6,92.52,O,Pass
776,159,84,50.22,18.05,12.59,7.9,20.48,43.45,48.53,C,Pass
777,159,85,50.96,26.08,13.62,11.99,34.65,40.71,60.8,B+,Pass
778,159,83,52.93,14.28,11.43,8.73,12.52,41.86,41.87,C,Pass
779,159,88,59.57,23.36,16.21,14.57,27.34,42.5,58.95,B,Pass
780,159,87,59.86,18.02,8.54,11.22,12.65,33.38,39.94,F,Fail
781,160,22,55.61,30.54,19.31,13.35,27.74,49.7,66.73,B+,Pass
782,160,18,58.3,19.56,19.49,11.84,36.43,55.85,67.78,B+,Pass
783,160,21,66.2,31.2,15.6,12.37,33.0,47.43,66.66,B+,Pass
784,160,17,51.12,32.45,16.9,17.33,27.14,41.19,64.45,B+,Pass
785,160,19,53.55,24.92,21.52,11.86,35.23,48.78,67.38,B+,Pass
786,160,20,57.92,31.66,13.87,14.56,34.76,45.92,67.46,B+,Pass
787,161,85,60.87,16.12,15.86,11.35,31.4,43.73,56.18,B,Pass
788,161,84,62.25,26.7,18.91,15.67,34.25,37.71,63.47,B+,Pass
789,161,82,61.4,16.62,4.65,7.84,24.44,32.71,41.57,C,Pass
790,161,81,66.27,15.9,15.84,8.7,26.59,37.57,49.47,C,Pass
791,161,83,57.47,30.02,22.43,7.37,27.34,49.91,64.63,B+,Pass
792,161,86,61.97,19.4,9.47,9.29,28.4,35.98,49.13,C,Pass
793,162,98,75.48,34.63,22.51,13.53,39.74,49.07,75.85,A,Pass
794,162,107,71.16,32.94,19.35,13.61,37.82,55.14,75.66,A,Pass
795,162,112,82.25,28.95,18.4,10.55,36.11,53.25,70.01,A,Pass
796,162,108,82.92,21.72,17.36,15.86,47.23,44.96,70.33,A,Pass
797,162,99,83.0,32.96,16.72,14.8,27.46,58.57,71.63,A,Pass
798,163,101,63.9,20.96,15.92,9.62,32.15,39.58,56.2,B,Pass
799,163,97,59.68,32.74,18.42,13.17,39.03,61.79,78.67,A,Pass
800,163,99,60.66,20.24,13.48,14.12,30.0,47.73,59.85,B,Pass
801,163,98,57.83,15.77,20.11,5.03,39.33,52.35,62.53,B+,Pass
802,163,102,61.33,32.24,18.31,15.21,33.22,53.84,72.79,A,Pass
803,164,98,58.14,23.22,18.84,11.02,30.51,50.19,63.33,B+,Pass
804,164,101,50.72,25.37,12.4,16.03,34.11,56.19,68.94,B+,Pass
805,164,104,60.7,27.06,14.73,14.04,35.27,47.21,66.11,B+,Pass
806,164,99,50.03,21.27,11.44,13.85,36.11,38.58,58.2,B,Pass
807,164,106,59.0,24.96,21.35,8.71,30.75,28.49,54.04,B,Pass
808,164,100,53.1,19.17,18.66,12.88,31.69,57.57,66.2,B+,Pass
809,165,99,62.59,24.97,7.5,9.61,20.34,41.06,49.63,C,Pass
810,165,112,57.66,26.39,7.86,14.61,30.86,35.89,55.82,B,Pass
811,165,108,70.11,28.86,19.35,10.62,34.25,52.46,69.09,B+,Pass
812,165,105,65.6,24.4,10.5,10.07,32.1,38.4,55.41,B,Pass
813,166,71,66.87,23.96,12.12,14.31,37.85,45.41,64.1,B+,Pass
814,166,69,60.08,24.39,15.79,16.41,30.2,36.62,58.91,B,Pass
815,166,76,57.55,28.71,11.77,10.22,32.44,56.46,66.74,B+,Pass
816,166,78,56.09,35.66,20.6,15.71,38.71,50.53,76.86,A,Pass
817,167,67,71.34,29.87,19.56,10.01,27.71,52.48,66.11,B+,Pass
818,167,70,82.93,39.72,18.1,16.7,36.22,54.18,78.85,A,Pass
819,167,72,86.47,36.33,19.69,9.37,40.71,59.87,79.02,A,Pass
820,167,73,83.42,26.68,21.51,15.84,29.84,52.53,69.3,B+,Pass
821,167,74,80.77,37.65,24.4,15.95,43.38,71.06,91.41,O,Pass
822,168,97,69.04,32.45,15.85,18.75,31.71,41.54,67.18,B+,Pass
823,168,100,68.05,36.58,20.35,14.23,35.05,56.87,77.6,A,Pass
824,168,101,73.06,36.41,15.5,14.82,42.64,46.63,74.89,A,Pass
825,168,98,73.36,31.94,18.64,12.0,37.89,52.75,72.99,A,Pass
826,169,24,72.33,35.4,19.14,15.91,41.87,66.05,85.07,A+,Pass
827,169,17,75.71,17.26,14.59,9.09,31.79,45.83,56.3,B,Pass
828,169,32,69.46,27.37,10.37,9.15,31.32,53.63,63.09,B+,Pass
829,169,27,79.88,13.95,15.5,13.14,25.77,37.06,49.93,C,Pass
830,169,21,74.45,24.59,16.49,11.94,40.35,55.64,71.0,A,Pass
831,169,30,84.07,32.16,21.2,18.58,33.53,42.65,70.52,A,Pass
832,170,4,30.0,23.32,8.82,10.53,21.31,38.21,48.93,C,Pass
833,170,5,32.1,24.91,9.66,6.85,16.82,30.97,42.6,C,Pass
834,170,7,31.66,17.42,12.09,10.98,27.31,37.72,50.29,B,Pass
835,170,8,30.0,16.71,14.75,11.61,24.84,31.8,47.32,C,Pass
836,170,1,30.0,21.17,14.76,6.16,34.02,26.0,48.71,C,Pass
837,170,2,30.0,13.29,12.75,7.79,13.8,29.45,36.28,F,Fail
838,171,22,76.52,27.68,24.82,11.48,40.4,60.67,78.02,A,Pass
839,171,17,84.25,24.49,16.91,17.7,29.95,59.84,70.75,A,Pass
840,171,21,85.12,37.26,19.82,14.85,40.64,41.88,73.85,A,Pass
841,171,20,79.17,33.01,19.69,16.78,40.06,48.31,75.35,A,Pass
842,172,4,33.86,13.47,13.28,8.24,26.97,42.43,49.45,C,Pass
843,172,1,45.75,16.89,14.07,8.18,19.37,41.38,47.16,C,Pass
844,172,2,37.75,19.55,14.14,7.55,28.47,31.23,48.02,C,Pass
845,172,5,33.42,23.78,13.47,14.92,18.64,40.71,53.05,B,Pass
846,172,6,32.14,17.64,12.37,14.18,19.42,37.49,48.07,C,Pass
847,173,106,82.34,28.75,14.53,10.67,42.85,46.0,68.41,B+,Pass
848,173,108,77.17,32.39,24.14,17.6,40.2,52.15,79.09,A,Pass
849,173,99,87.39,25.38,15.59,13.43,32.44,58.44,69.13,B+,Pass
850,173,100,68.74,26.28,18.07,17.38,27.73,56.04,69.07,B+,Pass
851,173,98,79.7,29.13,21.52,12.13,40.68,53.0,74.31,A,Pass
852,173,105,75.45,30.13,13.85,16.24,38.1,48.29,70.31,A,Pass
853,174,2,71.24,28.38,16.53,14.76,36.23,54.17,71.58,A,Pass
854,174,5,75.66,29.92,19.05,19.18,35.32,53.38,74.74,A,Pass
855,174,6,72.17,34.29,20.47,12.39,45.98,49.89,77.8,A,Pass
856,174,3,82.29,24.58,17.08,13.39,37.11,38.16,62.18,B+,Pass
857,175,54,53.41,22.09,10.12,8.79,30.55,45.32,55.91,B,Pass
858,175,50,59.63,19.45,14.89,6.64,24.56,32.4,46.4,C,Pass
859,175,53,51.11,16.05,13.99,6.62,23.47,31.58,43.41,C,Pass
860,175,51,55.35,16.81,10.66,5.77,15.86,40.59,42.43,C,Pass
861,175,52,55.91,23.75,9.77,10.6,26.92,48.34,57.11,B,Pass
862,176,4,64.18,27.02,13.82,14.99,35.47,49.27,67.26,B+,Pass
863,176,6,70.75,28.1,25.0,19.28,40.22,56.9,80.35,A+,Pass
864,176,2,83.07,37.66,21.33,19.54,44.73,61.48,88.18,A+,Pass
865,176,5,77.32,34.28,21.16,17.93,40.89,59.56,82.81,A+,Pass
866,176,3,70.14,28.97,25.0,20.0,46.28,55.29,83.43,A+,Pass
867,176,1,72.16,37.03,17.24,16.42,41.49,50.93,78.13,A,Pass
868,177,100,38.8,19.18,23.61,5.41,29.27,29.35,50.07,B,Pass
869,177,101,43.06,22.53,12.7,11.25,25.89,55.98,61.04,B+,Pass
870,177,97,38.14,22.9,15.75,8.89,30.15,49.29,60.27,B+,Pass
871,177,98,30.0,26.62,13.67,10.31,29.83,50.37,62.36,B+,Pass
872,177,99,42.22,21.25,14.9,8.39,24.97,47.67,55.5,B,Pass
873,177,102,39.44,17.6,14.95,10.72,21.54,23.51,41.88,C,Pass
874,178,72,66.24,21.4,17.52,14.78,38.5,60.39,72.52,A,Pass
875,178,69,73.51,15.66,16.17,14.2,22.81,50.22,56.23,B,Pass
876,178,76,67.26,28.35,14.56,11.24,32.35,51.88,66.01,B+,Pass
877,178,74,77.14,26.55,21.09,15.36,37.52,42.85,68.15,B+,Pass
878,178,70,69.83,40.0,20.3,15.47,35.49,56.36,79.9,A,Pass
879,178,65,73.14,33.02,22.44,14.48,36.09,52.8,75.41,A,Pass
880,179,13,84.94,25.27,16.98,14.78,46.54,49.86,73.35,A,Pass
881,179,12,85.76,40.0,25.0,20.0,48.38,56.12,90.38,O,Pass
882,179,10,87.1,33.7,21.7,16.32,49.03,65.63,88.83,A+,Pass
883,179,16,76.45,35.35,20.54,18.48,37.28,64.36,83.81,A+,Pass
884,179,5,76.61,29.98,18.51,16.96,43.22,64.49,82.58,A+,Pass
885,180,79,91.68,40.0,23.66,18.53,47.32,75.0,97.39,O,Pass
886,180,73,98.16,31.67,21.95,15.01,40.36,57.3,79.04,A,Pass
887,180,75,90.47,40.0,22.53,19.26,50.0,62.57,92.84,O,Pass
888,180,66,91.73,34.53,23.47,17.35,43.06,53.44,81.79,A+,Pass
889,181,1,51.95,32.2,12.27,11.56,27.18,48.36,62.94,B+,Pass
890,181,10,42.21,21.46,14.48,15.44,26.39,33.92,53.26,B,Pass
891,181,9,49.08,22.16,17.63,15.65,33.4,58.82,70.11,A,Pass
892,181,13,48.12,25.54,15.8,14.78,29.79,52.64,65.93,B+,Pass
893,181,12,47.12,22.81,14.07,12.75,34.82,48.45,63.43,B+,Pass
894,181,4,38.6,24.12,21.21,9.49,24.16,46.15,58.9,B,Pass
895,182,34,37.19,14.72,5.89,6.32,18.46,23.16,32.91,F,Fail
896,182,42,34.08,26.34,24.28,14.8,39.44,50.58,73.6,A,Pass
897,182,37,30.0,21.22,17.06,13.7,17.43,49.3,56.0,B,Pass
898,182,36,30.0,12.5,8.77,2.0,20.89,30.54,35.46,F,Fail
899,182,38,31.64,12.11,10.69,12.59,18.36,30.04,39.83,F,Fail
900,182,40,30.0,20.54,13.53,7.84,20.98,28.14,43.22,C,Pass
901,183,49,71.53,27.87,18.03,13.48,35.68,49.93,69.03,B+,Pass
902,183,50,64.97,17.88,21.3,14.19,36.06,47.52,64.76,B+,Pass
903,183,54,65.64,32.05,15.54,8.86,36.91,58.06,72.22,A,Pass
904,183,51,78.52,29.22,17.11,13.57,36.82,58.75,74.06,A,Pass
905,183,53,72.27,30.29,20.82,12.95,29.04,55.59,70.41,A,Pass
906,183,52,63.51,32.19,6.05,14.53,26.3,41.93,58.5,B,Pass
907,184,46,63.57,27.41,16.94,16.01,37.8,53.61,72.4,A,Pass
908,184,35,74.14,29.03,11.49,20.0,31.94,59.05,72.64,A,Pass
909,184,33,75.91,24.12,15.3,12.32,37.02,52.65,67.42,B+,Pass
910,184,43,69.55,34.23,21.88,19.66,38.87,57.45,81.94,A+,Pass
911,184,34,74.91,35.94,16.96,11.8,44.06,64.94,82.99,A+,Pass
912,184,37,70.69,23.24,18.48,15.06,35.98,51.76,68.69,B+,Pass
913,185,100,41.93,24.22,12.91,11.61,31.43,31.31,53.4,B,Pass
914,185,104,41.77,16.48,11.57,14.49,30.36,33.57,50.96,B,Pass
915,185,102,44.85,26.25,12.55,8.26,34.37,46.46,61.14,B+,Pass
916,185,105,53.04,22.95,14.19,17.03,29.69,39.08,58.75,B,Pass
917,185,103,43.88,21.21,15.53,14.51,24.49,37.37,53.75,B,Pass
918,185,110,39.57,17.11,13.84,14.17,31.62,41.3,56.26,B,Pass
919,186,88,85.24,38.31,24.83,15.91,47.9,57.65,87.89,A+,Pass
920,186,83,87.59,30.11,23.23,18.29,35.91,54.95,77.09,A,Pass
921,186,87,96.95,34.36,25.0,20.0,47.87,67.88,92.79,O,Pass
922,186,85,91.31,39.03,20.56,20.0,43.38,59.51,87.2,A+,Pass
923,187,48,82.71,29.29,20.36,12.31,27.34,46.34,64.24,B+,Pass
924,187,44,81.78,28.48,18.36,19.22,34.63,48.06,70.93,A,Pass
925,187,33,69.8,22.95,18.2,11.97,33.32,60.55,69.65,B+,Pass
926,187,43,78.0,30.39,17.48,17.44,40.6,61.32,79.82,A,Pass
927,188,69,71.22,29.73,21.47,19.93,39.11,53.73,78.04,A,Pass
928,188,71,84.88,30.33,25.0,15.67,39.93,57.3,79.7,A,Pass
929,188,68,78.27,35.71,17.63,16.38,46.49,54.81,81.92,A+,Pass
930,188,74,78.13,28.53,22.32,16.79,42.08,63.01,82.03,A+,Pass
931,188,70,86.2,26.17,18.91,15.83,29.05,65.81,73.8,A,Pass
932,188,65,78.67,31.53,24.73,9.1,37.85,50.02,72.48,A,Pass
933,189,54,74.6,36.09,14.92,16.56,34.34,43.51,69.77,B+,Pass
934,189,64,65.4,21.15,14.78,10.47,30.44,41.02,56.09,B,Pass
935,189,53,66.0,27.45,17.95,13.55,30.76,46.08,64.56,B+,Pass
936,189,61,65.51,27.52,10.11,11.89,28.91,50.16,61.61,B+,Pass
937,190,49,60.63,21.64,14.68,6.94,18.24,40.59,48.22,C,Pass
938,190,55,53.73,21.45,11.56,6.84,19.05,39.34,46.65,C,Pass
939,190,53,51.99,13.97,19.18,6.95,29.79,51.91,57.25,B,Pass
940,190,51,55.06,15.87,9.1,11.66,34.2,38.28,52.37,B,Pass
941,191,103,30.0,11.44,11.51,7.14,23.67,20.97,35.52,F,Fail
942,191,97,33.84,8.24,10.99,5.57,12.77,21.9,27.91,F,Fail
943,191,106,40.86,26.49,5.67,9.48,28.47,22.98,45.22,C,Pass
944,191,101,31.34,13.44,4.05,8.5,19.63,34.59,38.54,F,Fail
945,191,99,32.53,16.63,13.87,3.94,15.67,40.77,42.7,C,Pass
946,191,104,30.0,17.61,10.83,2.0,21.96,25.09,36.82,F,Fail
947,192,88,77.36,35.55,14.79,19.9,41.15,58.88,81.7,A+,Pass
948,192,87,82.26,31.13,14.43,11.06,27.46,52.7,65.19,B+,Pass
949,192,84,88.22,22.26,15.09,14.07,38.06,56.1,69.41,B+,Pass
950,192,86,79.37,29.38,21.17,12.63,33.11,57.39,72.81,A,Pass
951,192,89,74.44,34.04,19.51,18.1,31.88,56.69,76.27,A,Pass
952,192,81,75.9,16.91,22.94,5.86,35.59,40.61,57.31,B,Pass
953,193,11,67.57,35.89,23.67,18.61,31.24,62.24,81.38,A+,Pass
954,193,4,77.1,28.11,17.94,15.07,33.43,36.29,62.41,B+,Pass
955,193,8,77.3,29.86,16.19,20.0,46.69,64.68,84.93,A+,Pass
956,193,2,64.23,33.14,19.86,13.77,42.28,60.34,80.7,A+,Pass
957,194,83,99.26,34.13,25.0,20.0,33.53,58.99,81.36,A+,Pass
958,194,90,92.7,35.59,17.97,13.44,41.24,57.44,79.13,A,Pass
959,194,88,98.62,40.0,20.15,14.12,50.0,75.0,95.12,O,Pass
960,194,87,95.18,34.24,18.5,10.94,42.04,60.21,79.11,A,Pass
961,195,91,32.47,16.88,14.38,9.74,19.85,30.89,43.4,C,Pass
962,195,83,30.0,13.43,7.48,12.19,19.95,30.9,40.2,C,Pass
963,195,85,32.5,18.33,12.84,10.64,31.49,28.17,48.51,C,Pass
964,195,88,31.22,17.82,11.07,6.99,23.47,24.54,40.02,C,Pass
965,195,86,30.0,14.56,15.14,6.14,24.22,39.8,47.09,C,Pass
966,195,92,36.64,11.91,7.36,18.57,21.01,22.83,39.34,F,Fail
967,196,1,87.04,30.8,19.58,17.41,37.62,69.07,82.98,A+,Pass
968,196,5,78.98,38.97,21.77,19.8,40.03,59.68,85.96,A+,Pass
969,196,3,82.95,31.22,19.08,12.91,30.05,46.83,66.58,B+,Pass
970,196,4,83.57,32.09,14.21,10.97,27.54,49.2,63.95,B+,Pass
971,197,70,74.58,28.4,21.03,10.71,22.58,43.6,59.6,B,Pass
972,197,72,72.13,27.3,20.17,17.34,41.9,58.39,78.59,A,Pass
973,197,68,86.15,22.05,14.18,12.69,33.19,57.8,66.62,B+,Pass
974,197,75,80.02,24.7,21.78,14.7,39.82,41.83,67.84,B+,Pass
975,197,76,79.36,32.63,20.06,18.02,40.31,55.66,79.48,A,Pass
976,198,67,80.0,22.86,17.35,12.46,34.79,62.44,71.14,A,Pass
977,198,65,77.2,40.0,15.58,14.71,42.26,60.05,82.74,A+,Pass
978,198,69,70.94,35.79,19.57,20.0,42.46,71.91,90.51,O,Pass
979,198,68,66.45,40.0,25.0,17.46,47.61,60.13,90.6,O,Pass
980,199,69,30.0,14.46,13.66,10.71,19.64,27.77,40.83,C,Pass
981,199,65,30.0,18.67,11.38,8.9,25.3,41.14,50.18,B,Pass
982,199,67,30.0,7.9,6.0,4.63,17.48,25.93,29.51,F,Fail
983,199,68,32.32,17.85,12.37,10.1,26.29,37.67,49.65,C,Pass
984,200,109,50.58,25.91,23.95,13.05,36.67,61.63,76.16,A,Pass
985,200,97,54.06,27.53,14.83,15.42,31.98,57.66,70.31,A,Pass
986,200,102,51.49,33.79,17.44,10.88,35.56,48.47,69.71,B+,Pass
987,200,103,52.36,32.18,18.78,12.88,27.33,55.06,69.4,B+,Pass
988,201,95,66.33,25.91,17.78,13.69,29.36,61.54,70.31,A,Pass
989,201,82,73.65,27.39,14.76,14.36,32.22,58.49,70.19,A,Pass
990,201,85,69.08,34.97,25.0,17.17,40.44,71.84,89.82,A+,Pass
991,201,87,64.55,33.36,19.0,17.75,41.49,48.64,76.6,A,Pass
992,201,86,59.7,24.18,17.15,13.0,27.87,45.77,60.74,B+,Pass
993,201,84,63.41,27.54,20.27,15.68,33.52,49.75,69.7,B+,Pass
994,202,20,99.3,33.86,16.16,13.2,46.66,62.95,82.7,A+,Pass
995,202,24,84.92,27.67,13.27,14.48,49.02,43.37,71.13,A,Pass
996,202,21,100.0,36.1,20.22,16.01,34.34,57.29,78.04,A,Pass
997,202,27,99.28,31.82,20.85,14.22,42.62,66.54,83.72,A+,Pass
998,203,68,36.84,25.65,17.18,15.22,33.28,39.57,62.42,B+,Pass
999,203,67,47.45,26.79,14.35,11.42,34.92,45.18,63.39,B+,Pass
1000,203,65,41.7,25.88,8.34,13.57,25.16,29.15,49.24,C,Pass
1001,203,69,40.19,25.17,9.93,16.22,29.16,41.82,58.76,B,Pass
1002,203,66,48.18,22.36,16.95,11.24,29.15,37.86,55.82,B,Pass
1003,203,70,47.1,27.74,19.11,9.42,31.83,55.04,67.82,B+,Pass
1004,204,37,61.63,24.88,18.91,17.85,43.41,53.19,75.46,A,Pass
1005,204,46,70.06,26.7,20.47,14.45,44.39,58.55,78.28,A,Pass
1006,204,47,62.2,26.19,9.11,11.39,33.47,41.04,58.32,B,Pass
1007,204,33,75.66,28.57,19.48,19.2,39.58,48.67,74.18,A,Pass
1008,205,61,74.53,25.49,20.6,9.54,27.91,43.44,59.98,B,Pass
1009,205,62,62.65,25.67,16.92,15.91,25.49,54.78,65.86,B+,Pass
1010,205,59,61.35,25.32,18.83,12.18,41.69,51.85,71.33,A,Pass
1011,205,54,60.63,17.06,14.01,11.1,31.16,52.16,59.61,B,Pass
1012,206,23,53.27,31.89,11.27,13.02,41.22,51.17,71.45,A,Pass
1013,206,25,65.01,31.53,16.03,8.24,37.23,36.1,61.76,B+,Pass
1014,206,24,48.3,22.93,15.4,8.88,34.3,53.86,64.35,B+,Pass
1015,206,27,57.36,22.18,12.43,15.5,32.12,49.09,62.78,B+,Pass
1016,206,22,55.33,40.0,19.48,19.79,37.2,47.43,78.42,A,Pass
1017,206,21,51.82,36.25,19.12,16.66,26.39,56.14,73.49,A,Pass
1018,207,5,69.3,28.61,13.37,12.41,30.95,62.12,70.33,A,Pass
1019,207,3,70.98,30.78,19.26,7.1,32.01,53.99,67.84,B+,Pass
1020,207,6,59.27,22.28,13.82,14.02,33.69,59.38,68.23,B+,Pass
1021,207,2,68.63,20.78,15.81,19.68,33.85,44.28,64.14,B+,Pass
1022,207,1,72.82,29.24,19.48,16.32,34.22,52.27,72.08,A,Pass
1023,208,7,55.44,16.42,13.11,9.53,26.98,25.65,43.68,C,Pass
1024,208,3,65.41,22.25,15.45,13.49,26.12,42.78,57.08,B,Pass
1025,208,5,55.71,20.49,6.34,7.81,32.4,41.19,52.11,B,Pass
1026,208,9,52.16,26.45,8.03,6.35,23.98,27.03,44.21,C,Pass
1027,209,100,51.92,25.33,16.63,9.18,33.61,51.52,64.76,B+,Pass
1028,209,101,60.21,23.11,12.77,10.06,29.62,37.88,54.18,B,Pass
1029,209,97,53.77,23.76,12.77,7.99,33.52,35.37,54.24,B,Pass
1030,209,99,57.36,33.51,18.0,14.32,28.6,44.0,65.95,B+,Pass
1031,210,23,59.39,19.91,15.12,5.01,27.16,40.68,51.07,B,Pass
1032,210,26,63.78,24.54,10.9,11.7,28.36,43.24,56.84,B,Pass
1033,210,17,67.62,20.21,10.19,10.69,29.79,44.46,55.17,B,Pass
1034,210,19,62.31,26.36,13.27,15.55,30.51,54.06,66.74,B+,Pass
1035,211,49,67.95,22.59,14.77,11.25,31.88,58.32,65.99,B+,Pass
1036,211,52,68.77,28.41,19.76,14.92,36.51,59.73,75.7,A,Pass
1037,211,55,74.28,16.6,16.79,17.59,39.61,51.28,67.55,B+,Pass
1038,211,50,67.28,38.12,19.43,8.6,34.42,46.56,70.07,A,Pass
1039,211,53,70.36,22.58,21.14,17.06,28.88,43.18,62.87,B+,Pass
1040,211,51,73.04,30.9,22.85,20.0,40.4,50.08,78.15,A,Pass
1041,212,98,77.95,16.83,15.73,8.66,28.43,68.15,65.06,B+,Pass
1042,212,109,77.36,29.74,21.03,9.59,41.84,48.65,71.7,A,Pass
1043,212,107,75.13,28.17,17.02,9.17,33.53,56.14,68.44,B+,Pass
1044,212,106,79.17,23.41,16.78,17.87,29.62,56.79,68.67,B+,Pass
1045,212,104,73.46,31.81,18.86,20.0,47.43,70.59,90.11,O,Pass
1046,213,101,30.69,14.38,7.69,4.89,16.46,27.66,33.85,F,Fail
1047,213,98,30.0,19.84,5.76,5.82,13.2,34.0,37.6,F,Fail
1048,213,100,30.0,11.39,5.72,2.0,15.74,21.24,26.77,F,Fail
1049,213,102,41.17,25.13,10.81,6.21,12.89,32.2,41.46,C,Pass
1050,213,99,30.0,7.27,10.64,8.05,13.48,34.82,34.91,F,Fail
1051,214,95,86.32,37.04,25.0,18.96,43.67,65.14,90.23,O,Pass
1052,214,96,83.71,35.15,19.09,16.96,40.89,65.4,84.66,A+,Pass
1053,214,82,89.18,40.0,25.0,17.41,50.0,72.84,97.7,O,Pass
1054,214,89,89.65,38.0,23.91,20.0,40.42,73.97,93.29,O,Pass
1055,214,91,91.19,33.0,17.29,19.14,30.16,69.31,80.41,A+,Pass
1056,214,84,87.06,35.89,23.27,20.0,46.39,49.45,83.52,A+,Pass
1057,215,35,72.3,32.66,25.0,18.46,39.78,50.96,79.23,A,Pass
1058,215,45,62.57,33.07,21.51,18.65,40.75,56.9,81.39,A+,Pass
1059,215,42,73.87,30.22,25.0,20.0,37.37,48.1,76.25,A,Pass
1060,215,44,67.7,32.28,22.23,20.0,31.1,61.61,79.33,A,Pass
1061,216,84,66.07,25.93,12.03,15.5,32.99,44.85,62.95,B+,Pass
1062,216,85,63.9,34.68,24.3,13.96,34.98,50.66,75.17,A,Pass
1063,216,81,69.91,23.38,13.11,14.34,33.67,51.91,65.16,B+,Pass
1064,216,83,70.87,22.92,21.09,12.03,25.53,43.65,59.05,B,Pass
1065,217,32,72.58,24.01,20.18,13.01,31.47,45.89,63.74,B+,Pass
1066,217,24,64.37,26.45,11.23,5.06,29.98,55.51,61.14,B+,Pass
1067,217,31,55.99,21.49,21.29,9.17,38.75,56.05,69.38,B+,Pass
1068,217,17,59.35,36.3,24.51,12.15,40.14,58.0,81.17,A+,Pass
1069,217,27,63.82,20.31,16.71,18.8,29.82,45.75,62.5,B+,Pass
1070,217,22,68.8,29.46,21.99,6.99,33.76,64.81,74.15,A,Pass
1071,218,43,70.23,33.22,14.78,9.6,32.62,54.71,69.16,B+,Pass
1072,218,46,63.01,32.58,23.68,12.82,34.86,46.88,71.48,A,Pass
1073,218,39,69.67,27.18,14.27,2.47,26.06,39.14,51.83,B,Pass
1074,218,33,74.66,27.02,19.01,16.69,34.94,45.62,68.22,B+,Pass
1075,219,27,52.04,30.47,17.58,9.85,27.93,31.68,55.94,B,Pass
1076,219,26,52.54,14.88,17.06,10.02,22.02,29.36,43.98,C,Pass
1077,219,28,55.19,24.83,19.27,12.4,29.49,44.13,61.66,B+,Pass
1078,219,25,47.29,21.39,17.97,17.14,20.44,43.59,57.01,B,Pass
1079,220,96,60.61,27.93,14.76,19.59,31.84,54.08,70.82,A,Pass
1080,220,85,68.57,23.09,20.2,17.7,31.29,51.3,68.06,B+,Pass
1081,220,83,67.48,26.42,21.08,19.61,44.6,58.98,81.27,A+,Pass
1082,220,91,64.25,27.14,19.02,20.0,34.84,58.6,75.95,A,Pass
1083,220,86,64.33,35.66,23.31,20.0,32.27,56.7,79.75,A,Pass
1084,221,85,67.04,19.32,13.86,12.34,27.45,49.35,58.13,B,Pass
1085,221,90,64.18,27.45,11.16,17.83,31.67,35.15,59.34,B,Pass
1086,221,84,68.55,19.96,20.69,15.15,39.13,54.97,71.05,A,Pass
1087,221,86,72.47,19.77,21.59,14.58,21.22,36.15,53.29,B,Pass
1088,222,5,62.76,24.04,12.18,14.64,28.5,47.28,60.53,B+,Pass
1089,222,3,63.8,27.59,19.56,16.05,42.65,61.12,79.49,A,Pass
1090,222,8,72.75,28.26,12.38,12.81,34.31,52.67,67.22,B+,Pass
1091,222,6,64.89,23.13,20.89,9.35,35.67,56.06,68.59,B+,Pass
1092,222,1,67.83,28.84,17.28,10.63,29.61,52.41,65.91,B+,Pass
1093,222,4,69.62,29.0,20.26,13.97,34.25,47.86,69.04,B+,Pass
1094,223,52,72.89,28.19,16.93,12.39,32.3,30.72,57.55,B,Pass
1095,223,53,79.64,24.24,12.78,18.31,35.67,56.78,70.72,A,Pass
1096,223,49,64.11,31.03,15.6,11.04,36.78,51.4,69.65,B+,Pass
1097,223,51,70.64,30.46,20.81,14.02,40.53,57.71,77.76,A,Pass
1098,224,36,55.67,22.06,15.74,11.34,27.38,39.11,54.94,B,Pass
1099,224,44,50.14,26.4,14.06,16.7,40.14,54.81,72.82,A,Pass
1100,224,46,45.33,24.63,16.63,9.41,28.25,31.33,52.41,B,Pass
1101,224,39,55.78,21.91,14.46,14.33,21.6,43.68,55.09,B,Pass
1102,224,41,52.97,23.8,10.29,9.11,26.09,45.5,54.85,B,Pass
1103,224,34,45.49,24.96,16.78,13.19,35.94,41.88,63.3,B+,Pass
1104,225,84,67.99,29.37,15.86,18.86,35.99,48.0,70.86,A,Pass
1105,225,81,62.17,25.96,17.43,12.74,31.73,59.55,69.98,B+,Pass
1106,225,85,72.14,24.74,12.37,14.36,43.74,55.11,72.08,A,Pass
1107,225,83,67.54,38.42,16.95,19.99,45.96,63.19,88.45,A+,Pass
1108,226,85,74.79,25.63,10.89,13.92,31.31,48.75,62.54,B+,Pass
1109,226,92,81.08,27.06,19.0,15.02,32.25,36.28,61.7,B+,Pass
1110,226,86,69.27,31.03,22.16,18.21,41.84,54.79,79.97,A,Pass
1111,226,83,86.58,25.08,15.24,10.27,32.36,48.19,62.44,B+,Pass
1112,226,90,75.82,33.95,14.98,13.39,29.78,51.47,68.57,B+,Pass
1113,227,95,84.1,31.33,18.3,20.0,35.38,64.8,80.91,A+,Pass
1114,227,94,100.0,35.8,19.85,15.04,39.94,40.31,72.14,A,Pass
1115,227,84,100.0,40.0,25.0,19.89,50.0,75.0,99.95,O,Pass
1116,227,81,99.25,27.84,22.52,17.4,40.61,60.73,80.27,A+,Pass
1117,228,88,51.67,26.48,14.28,10.5,27.11,48.82,60.54,B+,Pass
1118,228,82,50.48,22.89,16.34,9.43,28.94,48.13,59.63,B,Pass
1119,228,91,46.83,27.23,14.17,10.78,25.49,41.51,56.78,B,Pass
1120,228,81,51.98,20.11,18.77,11.79,31.82,53.33,64.25,B+,Pass
1121,228,87,51.53,30.54,20.84,17.41,32.42,50.63,72.14,A,Pass
1122,228,89,51.46,28.91,19.03,12.41,39.0,62.95,77.15,A,Pass
1123,229,80,38.58,22.22,9.2,4.55,31.01,41.38,51.88,B,Pass
1124,229,76,46.46,26.17,11.11,11.99,24.81,34.78,52.16,B,Pass
1125,229,71,50.41,20.82,13.27,7.51,27.86,47.59,55.61,B,Pass
1126,229,72,47.35,20.94,12.63,13.86,33.11,42.74,58.95,B,Pass
1127,229,65,50.46,18.57,14.67,9.31,19.91,49.87,53.03,B,Pass
1128,230,55,93.19,30.01,19.37,14.84,32.92,72.94,80.67,A+,Pass
1129,230,52,92.13,38.6,21.06,10.81,50.0,67.73,89.73,A+,Pass
1130,230,54,85.89,29.5,25.0,20.0,46.59,55.08,83.75,A+,Pass
1131,230,58,97.81,40.0,25.0,15.48,42.01,66.43,89.74,A+,Pass
1132,230,60,88.66,38.22,23.79,20.0,50.0,61.24,92.21,O,Pass
1133,230,50,89.74,40.0,23.35,20.0,49.13,71.38,97.22,O,Pass
1134,231,67,82.64,33.91,18.54,14.58,37.54,50.35,73.93,A,Pass
1135,231,66,83.72,23.96,14.74,10.77,32.57,43.88,60.02,B+,Pass
1136,231,69,76.1,27.95,13.81,17.91,30.9,45.09,64.95,B+,Pass
1137,231,70,82.33,26.93,20.95,12.84,27.19,45.3,63.0,B+,Pass
1138,231,65,81.02,25.31,13.38,9.04,24.15,68.37,66.5,B+,Pass
1139,232,29,40.82,22.02,13.91,8.15,24.31,38.37,50.71,B,Pass
1140,232,27,35.22,11.02,11.41,5.7,29.65,40.31,46.56,C,Pass
1141,232,25,34.17,17.02,8.5,5.14,5.0,22.26,27.37,F,Fail
1142,232,18,30.0,18.29,7.7,8.47,21.04,30.23,41.09,C,Pass
1143,232,23,36.85,28.32,16.17,5.37,28.17,29.42,51.13,B,Pass
1144,232,22,30.0,10.52,10.39,6.05,18.49,8.0,25.42,F,Fail
1145,233,26,56.24,21.12,5.55,2.0,18.58,27.32,35.82,F,Fail
1146,233,32,61.91,18.31,14.62,11.85,15.33,42.13,48.26,C,Pass
1147,233,18,62.48,22.84,14.65,11.69,28.46,36.44,54.36,B,Pass
1148,233,24,59.51,17.3,11.35,11.79,23.08,27.2,43.32,C,Pass
1149,233,29,55.0,24.97,17.24,12.46,32.09,44.55,62.44,B+,Pass
1150,234,84,71.73,40.0,19.85,20.0,46.77,60.97,89.78,A+,Pass
1151,234,88,78.35,28.04,23.43,15.6,32.98,59.14,75.28,A,Pass
1152,234,81,80.98,40.0,23.95,19.16,33.82,60.82,84.45,A+,Pass
1153,234,85,83.68,36.89,24.87,19.51,48.07,67.31,93.6,O,Pass
1154,234,82,85.41,36.88,23.15,18.8,38.59,54.81,81.97,A+,Pass
1155,234,83,85.05,36.62,24.0,20.0,46.43,68.77,93.22,O,Pass
1156,235,1,57.38,15.78,10.3,18.0,27.79,40.62,53.86,B,Pass
1157,235,3,50.48,27.49,8.58,7.9,20.01,39.06,49.36,C,Pass
1158,235,5,52.54,23.86,20.48,8.4,21.87,50.1,58.64,B,Pass
1159,235,4,37.56,16.45,11.76,6.6,17.45,33.52,40.6,C,Pass
1160,236,90,98.3,35.48,25.0,14.81,34.86,74.04,87.12,A+,Pass
1161,236,84,98.16,24.9,11.76,13.12,39.72,43.88,64.05,B+,Pass
1162,236,82,98.55,29.35,20.82,20.0,44.9,59.43,83.18,A+,Pass
1163,236,95,91.31,38.44,24.56,17.27,42.28,53.56,83.82,A+,Pass
1164,236,93,92.86,28.69,21.3,17.13,36.4,61.11,78.14,A,Pass
1165,236,83,100.0,27.02,22.55,14.91,26.79,59.68,71.23,A,Pass
1166,237,70,42.8,40.0,17.95,18.1,39.09,63.61,85.46,A+,Pass
1167,237,65,41.32,23.72,7.5,6.55,25.44,30.54,45.11,C,Pass
1168,237,67,46.78,12.52,9.02,14.38,31.36,56.4,59.06,B,Pass
1169,237,69,55.35,24.5,15.76,14.14,22.75,52.12,61.32,B+,Pass
1170,238,20,70.51,26.44,17.18,18.54,29.42,44.36,64.77,B+,Pass
1171,238,21,65.89,28.76,21.48,15.56,35.65,51.66,72.69,A,Pass
1172,238,17,58.55,28.89,13.95,6.89,39.14,46.17,64.59,B+,Pass
1173,238,19,58.35,29.2,15.15,11.66,35.06,50.21,67.46,B+,Pass
1174,239,49,58.17,38.43,21.8,14.12,37.99,44.49,74.75,A,Pass
1175,239,50,62.15,24.38,18.69,13.15,26.12,39.89,57.92,B,Pass
1176,239,53,68.26,20.4,15.51,19.8,22.14,42.91,57.4,B,Pass
1177,239,52,61.42,29.49,20.84,20.0,40.72,49.71,76.64,A,Pass
1178,240,49,82.72,25.03,18.13,13.64,19.77,48.39,59.05,B,Pass
1179,240,57,68.79,23.3,20.93,12.41,26.29,54.03,64.58,B+,Pass
1180,240,54,76.23,26.09,15.27,10.69,29.76,41.42,58.71,B,Pass
1181,240,60,71.07,25.16,14.91,13.68,26.28,58.38,65.77,B+,Pass
1182,240,51,83.45,23.71,13.88,11.12,17.33,37.07,48.93,C,Pass
1183,240,59,79.23,34.11,14.51,15.4,37.61,52.98,74.09,A,Pass
1184,241,84,38.67,21.49,7.41,12.12,22.43,44.52,51.76,B,Pass
1185,241,88,45.06,20.96,11.32,7.58,35.47,44.24,57.18,B,Pass
1186,241,89,41.2,23.25,14.09,10.48,27.1,38.14,53.85,B,Pass
1187,241,86,42.97,21.45,15.6,11.54,22.39,44.55,54.72,B,Pass
1188,242,7,62.59,31.27,19.02,14.1,39.74,50.39,73.68,A,Pass
1189,242,5,60.26,21.89,17.97,8.18,27.53,49.5,59.09,B,Pass
1190,242,14,62.25,23.81,12.77,11.54,29.03,35.65,53.94,B,Pass
1191,242,9,52.01,34.64,18.51,16.44,36.6,49.48,74.34,A,Pass
1192,243,37,82.68,35.99,16.57,19.55,36.27,51.28,76.47,A,Pass
1193,243,33,67.49,27.93,15.17,17.34,44.83,55.36,76.95,A,Pass
1194,243,36,82.08,31.08,22.71,20.0,44.49,50.88,80.61,A+,Pass
1195,243,35,73.93,31.37,25.0,13.03,37.17,65.83,81.5,A+,Pass
1196,244,68,82.57,20.06,13.76,14.61,23.52,35.24,51.04,B,Pass
1197,244,67,78.86,20.87,15.33,8.33,33.06,45.22,58.37,B,Pass
1198,244,65,85.05,23.95,20.31,12.18,20.17,45.5,57.51,B,Pass
1199,244,70,88.16,40.0,16.85,12.69,38.46,66.43,83.31,A+,Pass
1200,245,20,81.75,40.0,22.92,20.0,42.56,64.23,90.42,O,Pass
1201,245,21,84.95,38.2,18.62,20.0,50.0,66.01,92.35,O,Pass
1202,245,17,84.53,32.17,25.0,20.0,45.43,75.0,93.8,O,Pass
1203,245,19,84.68,38.88,24.13,18.37,46.9,66.42,92.73,O,Pass
1204,246,102,37.48,8.04,6.61,5.46,22.13,29.07,34.03,F,Fail
1205,246,98,37.89,25.95,15.63,12.62,25.33,42.05,57.82,B,Pass
1206,246,100,43.48,21.29,6.66,3.46,17.11,22.48,34.09,F,Fail
1207,246,108,43.8,21.52,12.13,5.36,19.76,38.02,45.91,C,Pass
1208,246,104,41.43,19.07,16.42,16.51,33.79,56.62,67.68,B+,Pass
1209,247,7,76.79,31.15,12.3,14.45,32.69,60.48,72.28,A,Pass
1210,247,10,72.17,38.89,20.77,17.16,45.66,57.26,85.88,A+,Pass
1211,247,4,70.87,30.55,10.46,12.92,21.94,49.78,60.12,B+,Pass
1212,247,2,76.71,35.0,25.0,15.07,50.0,57.73,86.97,A+,Pass
1213,248,77,65.25,26.61,16.25,14.21,36.15,49.03,67.87,B+,Pass
1214,248,71,67.24,21.23,14.69,8.1,35.24,39.48,56.58,B,Pass
1215,248,74,68.35,24.37,11.26,16.74,29.31,53.08,64.49,B+,Pass
1216,248,66,66.18,21.18,10.96,11.55,29.75,58.31,62.83,B+,Pass
1217,249,18,61.36,23.08,13.71,15.44,31.07,60.7,68.6,B+,Pass
1218,249,25,61.34,15.41,11.34,13.0,31.42,51.99,58.72,B,Pass
1219,249,20,65.39,25.33,12.97,6.63,27.23,35.01,51.13,B,Pass
1220,249,23,64.77,20.48,18.62,8.51,37.56,44.58,61.53,B+,Pass
1221,249,28,66.46,25.26,13.84,13.82,23.59,29.59,50.68,B,Pass
1222,249,17,52.65,28.49,15.87,12.14,25.9,42.96,59.66,B,Pass
1223,250,28,65.14,21.11,19.6,12.79,38.87,57.25,70.95,A,Pass
1224,250,22,63.66,25.93,14.15,15.05,42.12,61.19,75.76,A,Pass
1225,250,19,61.51,31.17,17.59,15.63,37.7,50.71,72.95,A,Pass
1226,250,17,52.45,38.44,23.0,20.0,31.07,54.71,79.49,A,Pass
1227,250,20,59.73,27.32,19.03,18.1,36.18,43.23,68.59,B+,Pass
1228,250,18,53.65,28.57,18.7,14.79,41.89,75.0,85.11,A+,Pass
1229,251,21,53.62,22.65,21.75,11.95,32.92,52.84,67.12,B+,Pass
1230,251,17,67.01,20.19,13.11,10.08,24.74,37.33,50.17,B,Pass
1231,251,22,66.99,18.92,14.15,13.87,39.19,50.86,65.39,B+,Pass
1232,251,19,57.44,27.49,16.95,11.29,27.5,57.37,66.69,B+,Pass
1233,252,22,59.64,21.24,9.77,10.52,22.75,19.59,40.3,C,Pass
1234,252,17,51.29,15.44,14.19,7.42,27.61,30.04,44.93,C,Pass
1235,252,24,47.55,15.71,19.33,9.76,39.73,50.5,63.9,B+,Pass
1236,252,30,59.16,25.2,15.78,16.0,31.12,40.93,61.57,B+,Pass
1237,252,28,43.36,29.45,19.07,15.46,35.71,44.54,68.72,B+,Pass
1238,252,23,47.78,29.23,12.38,11.88,28.97,32.7,55.25,B,Pass
1239,253,82,72.07,28.83,19.96,14.84,28.25,52.82,68.58,B+,Pass
1240,253,83,59.58,25.27,13.27,16.62,38.31,64.27,75.4,A,Pass
1241,253,84,60.06,26.86,13.61,9.29,27.1,43.39,57.32,B,Pass
1242,253,86,56.64,30.7,17.55,12.0,42.44,49.81,72.83,A,Pass
1243,253,81,64.31,32.49,16.68,12.72,36.7,32.76,62.92,B+,Pass
1244,254,55,94.64,32.96,21.43,18.81,43.25,53.49,81.05,A+,Pass
1245,254,63,92.46,35.03,21.5,18.6,43.37,47.19,79.12,A,Pass
1246,254,51,93.2,36.5,21.45,16.61,37.5,57.48,80.71,A+,Pass
1247,254,58,89.22,37.0,19.28,19.85,37.34,61.02,83.28,A+,Pass
1248,254,49,86.81,37.91,20.1,15.42,43.37,35.97,73.17,A,Pass
1249,255,90,71.65,24.08,16.7,11.51,35.72,38.83,60.46,B+,Pass
1250,255,87,70.3,18.21,14.03,9.69,21.25,32.92,45.55,C,Pass
1251,255,84,78.06,24.11,16.52,11.35,32.31,61.8,69.33,B+,Pass
1252,255,82,71.33,31.37,22.16,16.98,43.88,58.78,82.41,A+,Pass
1253,256,21,58.37,30.96,17.86,18.27,38.12,48.31,73.37,A,Pass
1254,256,18,67.63,25.54,18.12,13.85,38.04,53.38,70.88,A,Pass
1255,256,20,59.11,30.94,19.12,20.0,40.0,62.76,82.4,A+,Pass
1256,256,17,63.95,34.84,19.37,14.12,32.36,69.53,80.85,A+,Pass
1257,256,22,61.53,30.85,16.9,17.31,35.71,55.4,74.55,A,Pass
1258,256,19,58.01,31.22,20.48,9.86,36.68,45.17,68.15,B+,Pass
1259,257,100,76.15,40.0,22.97,19.95,42.94,66.15,91.5,O,Pass
1260,257,97,71.27,31.21,23.02,18.17,48.25,60.28,86.16,A+,Pass
1261,257,101,73.55,33.04,12.32,14.82,39.86,55.87,74.86,A,Pass
1262,257,98,67.48,31.69,16.14,17.77,38.87,67.49,82.12,A+,Pass
1263,257,106,71.79,30.21,20.43,15.78,28.69,46.64,67.27,B+,Pass
1264,257,104,73.72,31.14,16.53,14.78,35.3,46.54,68.94,B+,Pass
1265,258,23,43.2,25.59,13.24,8.73,37.73,38.27,59.17,B,Pass
1266,258,22,46.44,19.18,13.58,7.02,27.78,25.79,44.46,C,Pass
1267,258,21,54.69,10.32,3.62,3.63,28.53,18.72,31.42,F,Fail
1268,258,25,38.27,15.21,8.8,6.37,30.2,24.37,40.79,C,Pass
1269,258,20,47.25,14.78,13.07,7.84,25.52,35.77,45.99,C,Pass
1270,259,3,34.22,22.41,15.83,7.35,19.91,32.33,46.25,C,Pass
1271,259,1,37.25,19.05,7.01,2.58,18.7,21.62,33.06,F,Fail
1272,259,4,32.37,12.54,12.56,8.36,17.48,34.21,40.18,C,Pass
1273,259,5,34.79,19.83,11.75,7.17,20.35,30.93,42.81,C,Pass
1274,260,6,39.88,14.61,11.35,12.03,22.61,34.21,45.13,C,Pass
1275,260,8,49.15,15.3,8.07,13.66,26.96,33.31,46.73,C,Pass
1276,260,4,44.41,14.02,11.01,9.39,31.06,38.12,49.43,C,Pass
1277,260,10,45.73,21.28,14.37,13.89,25.71,45.03,57.21,B,Pass
1278,260,9,47.07,25.04,13.55,10.11,26.69,26.24,48.59,C,Pass
1279,260,1,41.86,19.77,12.73,11.4,35.89,48.92,61.46,B+,Pass
1280,261,51,69.97,29.65,12.32,2.5,25.78,32.35,48.99,C,Pass
1281,261,53,76.38,28.12,17.27,12.66,26.89,50.46,64.29,B+,Pass
1282,261,49,85.69,29.63,18.69,16.66,44.7,51.8,77.15,A,Pass
1283,261,52,72.51,30.99,21.42,10.81,33.57,60.45,74.46,A,Pass
1284,262,12,83.64,34.55,18.11,15.7,38.87,62.91,81.17,A+,Pass
1285,262,13,82.79,27.81,18.48,18.89,41.22,43.97,71.87,A,Pass
1286,262,9,82.03,28.82,25.0,14.0,35.9,68.78,81.46,A+,Pass
1287,262,5,81.32,37.31,20.68,16.53,37.42,43.96,74.42,A,Pass
1288,262,11,78.02,29.24,17.64,16.86,27.77,62.97,73.38,A,Pass
1289,263,103,89.57,38.13,21.65,16.99,29.51,52.8,75.61,A,Pass
1290,263,102,77.17,30.02,23.51,13.96,36.5,61.7,78.44,A,Pass
1291,263,101,76.57,25.33,17.8,12.94,33.04,46.93,64.67,B+,Pass
1292,263,106,83.82,27.9,20.1,11.14,32.39,51.57,67.82,B+,Pass
1293,263,110,84.54,30.17,22.15,16.96,38.2,50.6,75.14,A,Pass
1294,264,85,54.93,23.34,12.55,8.74,31.33,53.39,61.64,B+,Pass
1295,264,82,54.42,26.75,20.29,14.26,42.58,48.66,72.62,A,Pass
1296,264,81,62.74,17.51,11.28,10.32,29.52,50.76,56.87,B,Pass
1297,264,83,66.27,21.37,15.99,16.03,38.06,29.57,57.92,B,Pass
1298,264,86,58.07,38.97,22.65,20.0,50.0,75.0,98.55,O,Pass
1299,264,89,64.24,27.42,18.93,18.42,39.99,57.54,77.34,A,Pass
1300,265,63,94.39,40.0,25.0,17.98,50.0,75.0,98.99,O,Pass
1301,265,54,92.07,38.57,25.0,18.82,46.89,55.9,88.23,A+,Pass
1302,265,51,98.29,33.71,24.59,19.79,43.39,65.59,88.89,A+,Pass
1303,265,58,95.75,35.47,21.53,20.0,35.28,66.43,84.99,A+,Pass
1304,266,105,60.95,24.09,19.76,15.46,30.86,43.93,63.6,B+,Pass
1305,266,97,75.01,24.77,23.97,7.91,30.04,53.14,65.74,B+,Pass
1306,266,102,67.16,25.09,13.22,13.05,38.97,62.31,72.92,A,Pass
1307,266,107,63.51,25.65,16.12,15.75,28.81,45.31,62.7,B+,Pass
1308,266,98,60.84,22.12,20.29,12.63,36.22,52.52,68.11,B+,Pass
1309,267,5,68.07,24.52,13.06,8.57,35.25,51.24,63.31,B+,Pass
1310,267,6,78.29,33.37,21.48,8.76,35.35,61.47,76.02,A,Pass
1311,267,2,72.34,26.95,16.82,13.33,33.71,47.49,65.88,B+,Pass
1312,267,7,74.41,25.19,10.62,15.93,32.44,35.27,57.49,B,Pass
1313,267,11,69.06,23.6,16.99,9.8,37.47,55.09,67.94,B+,Pass
1314,268,81,87.9,23.91,20.27,12.82,31.71,69.14,74.59,A,Pass
1315,268,96,72.39,30.97,15.44,17.21,22.05,62.77,70.58,A,Pass
1316,268,91,80.44,25.52,16.26,14.04,42.94,52.1,72.06,A,Pass
1317,268,89,82.62,28.05,21.58,8.73,25.19,24.0,50.82,B,Pass
1318,269,47,81.05,30.95,15.7,13.73,35.08,44.77,67.05,B+,Pass
1319,269,43,74.45,32.82,19.75,18.8,41.96,63.93,84.52,A+,Pass
1320,269,36,77.33,36.52,23.63,15.35,47.99,60.75,87.73,A+,Pass
1321,269,34,86.47,34.66,25.0,20.0,40.03,65.62,87.97,A+,Pass
1322,269,41,77.86,26.64,25.0,17.7,39.46,61.54,80.62,A+,Pass
1323,270,97,37.82,15.35,16.38,14.46,37.01,39.86,58.56,B,Pass
1324,270,98,52.95,15.56,8.26,8.98,30.76,32.52,46.13,C,Pass
1325,270,99,38.59,20.15,14.25,9.31,24.75,39.71,51.33,B,Pass
1326,270,101,34.86,16.32,9.7,9.74,33.4,42.51,53.45,B,Pass
1327,270,100,58.85,16.57,7.81,11.01,5.42,25.19,31.38,F,Fail
1328,270,102,46.59,26.28,16.11,11.88,24.01,45.65,58.83,B,Pass
1329,271,49,90.37,30.56,19.62,17.04,38.9,68.81,83.21,A+,Pass
1330,271,51,97.26,31.96,22.81,16.47,38.81,51.86,76.95,A,Pass
1331,271,63,96.27,31.31,21.23,15.29,50.0,62.85,86.12,A+,Pass
1332,271,53,90.16,37.66,21.3,16.78,40.92,53.02,80.94,A+,Pass
1333,271,61,97.19,38.09,23.47,16.36,38.4,60.78,84.18,A+,Pass
1334,272,100,39.11,25.71,14.71,17.13,28.99,49.59,64.94,B+,Pass
1335,272,97,33.26,25.64,13.9,13.64,30.07,37.38,57.68,B,Pass
1336,272,101,33.44,29.19,20.48,12.0,38.57,51.86,72.27,A,Pass
1337,272,104,33.62,26.92,12.02,17.97,22.0,45.62,59.54,B,Pass
1338,272,107,41.17,28.77,15.07,19.15,19.48,31.14,54.26,B,Pass
1339,272,106,38.41,17.07,10.91,12.18,20.29,32.49,44.3,C,Pass
1340,273,19,74.05,22.51,17.74,14.15,27.17,53.96,64.19,B+,Pass
1341,273,23,74.1,28.48,15.25,11.37,38.93,41.56,64.88,B+,Pass
1342,273,30,65.87,30.74,19.99,14.41,29.31,46.84,67.08,B+,Pass
1343,273,26,67.44,18.55,20.26,8.98,32.3,52.06,62.31,B+,Pass
1344,274,2,97.02,40.0,24.46,16.94,50.0,70.98,96.38,O,Pass
1345,274,1,98.34,27.52,14.12,16.16,49.4,55.58,78.12,A,Pass
1346,274,6,95.0,40.0,22.63,20.0,43.16,62.01,89.57,A+,Pass
1347,274,7,89.01,40.0,23.97,17.73,45.91,54.24,86.72,A+,Pass
1348,274,4,95.19,34.38,19.25,20.0,37.75,72.79,87.74,A+,Pass
1349,274,5,93.2,39.1,25.0,16.48,41.9,66.59,89.82,A+,Pass
1350,275,4,85.04,25.14,23.85,12.02,38.65,53.12,72.23,A,Pass
1351,275,6,81.51,34.82,19.7,11.72,48.2,67.0,86.51,A+,Pass
1352,275,5,91.72,35.98,20.87,18.49,40.37,70.78,88.8,A+,Pass
1353,275,12,87.07,36.46,25.0,13.8,34.95,58.72,80.01,A+,Pass
1354,276,1,77.74,40.0,17.68,18.88,46.76,58.2,87.05,A+,Pass
1355,276,4,76.07,38.25,18.91,18.37,50.0,57.89,87.89,A+,Pass
1356,276,5,87.66,38.3,25.0,15.47,42.14,62.79,87.26,A+,Pass
1357,276,2,73.82,27.38,18.68,12.23,35.86,50.93,68.98,B+,Pass
1358,277,3,82.45,30.34,19.41,18.86,33.2,61.03,77.44,A,Pass
1359,277,6,80.74,30.02,20.71,10.72,39.16,48.77,70.99,A,Pass
1360,277,7,74.42,24.77,16.35,16.93,33.78,51.98,68.53,B+,Pass
1361,277,4,83.52,26.44,17.78,13.93,28.78,56.36,67.99,B+,Pass
1362,277,1,72.24,34.24,19.78,18.26,38.19,75.0,88.25,A+,Pass
1363,277,8,84.34,39.16,22.47,20.0,41.25,59.05,86.75,A+,Pass
1364,278,95,65.96,29.31,21.76,13.62,30.6,44.87,66.41,B+,Pass
1365,278,93,71.23,28.15,21.93,20.0,44.02,50.38,78.37,A,Pass
1366,278,92,71.76,32.99,23.13,18.55,45.94,62.64,87.22,A+,Pass
1367,278,91,62.04,31.95,17.7,19.45,32.02,42.05,68.42,B+,Pass
1368,278,90,66.0,17.79,10.45,14.74,24.9,54.85,58.49,B,Pass
1369,278,96,56.46,22.03,12.43,9.0,31.62,49.42,59.36,B,Pass
1370,279,53,51.47,23.52,17.12,9.59,35.66,40.73,60.24,B+,Pass
1371,279,55,55.47,27.42,21.6,15.2,37.46,44.56,69.47,B+,Pass
1372,279,50,50.34,20.79,19.93,16.37,30.74,56.28,68.19,B+,Pass
1373,279,52,56.06,28.1,16.42,8.98,22.56,57.4,63.17,B+,Pass
1374,279,60,48.8,29.34,16.2,7.37,38.35,57.75,70.96,A,Pass
1375,280,66,84.38,29.09,14.36,17.77,45.52,58.12,79.06,A,Pass
1376,280,69,71.71,34.17,20.94,18.79,45.28,60.12,85.56,A+,Pass
1377,280,71,77.24,28.77,22.39,15.09,40.41,65.07,81.46,A+,Pass
1378,280,67,80.48,32.76,17.4,15.22,39.62,69.14,83.03,A+,Pass
1379,280,68,76.91,23.36,18.66,13.84,33.98,57.53,69.91,B+,Pass
1380,280,73,82.9,24.81,21.46,8.96,35.64,55.18,69.04,B+,Pass
1381,281,57,100.0,26.72,22.43,14.06,37.18,44.69,68.81,B+,Pass
1382,281,53,100.0,31.15,18.96,15.33,32.97,46.93,69.21,B+,Pass
1383,281,51,100.0,31.43,23.23,14.94,33.29,56.43,75.46,A,Pass
1384,281,50,98.0,36.02,21.7,11.03,45.27,36.51,71.88,A,Pass
1385,281,54,96.97,35.87,22.7,19.42,44.14,63.77,88.55,A+,Pass
1386,281,58,100.0,30.43,23.62,18.63,38.72,66.54,84.39,A+,Pass
1387,282,18,63.18,26.63,15.26,13.22,31.88,52.43,66.43,B+,Pass
1388,282,22,61.11,39.25,21.68,20.0,34.8,42.99,75.76,A,Pass
1389,282,21,60.82,32.97,22.33,8.46,31.9,50.02,68.94,B+,Pass
1390,282,23,58.12,27.03,17.59,12.21,36.67,45.21,66.09,B+,Pass
1391,282,24,54.63,26.39,24.62,13.13,41.05,49.78,73.36,A,Pass
1392,282,20,58.14,29.86,18.96,11.33,36.88,41.56,66.01,B+,Pass
1393,283,86,36.33,15.07,11.42,2.73,24.19,45.43,46.76,C,Pass
1394,283,81,43.29,11.72,13.61,4.94,25.94,25.04,38.43,F,Fail
1395,283,82,43.91,19.68,10.2,10.8,23.21,34.11,46.85,C,Pass
1396,283,83,45.39,24.77,12.64,10.29,26.41,44.39,56.51,B,Pass
1397,284,85,76.54,27.43,15.91,8.73,36.18,58.01,69.6,B+,Pass
1398,284,94,81.06,27.87,17.08,9.59,35.64,41.3,62.65,B+,Pass
1399,284,89,65.25,38.26,16.97,11.72,33.46,46.78,70.34,A,Pass
1400,284,96,75.47,28.01,18.86,20.0,26.98,45.74,66.38,B+,Pass
1401,284,91,80.45,40.0,20.91,11.98,45.83,57.54,84.12,A+,Pass
1402,284,84,63.9,35.05,16.19,16.75,37.34,56.27,77.3,A,Pass
1403,285,100,74.23,23.17,17.22,12.6,29.76,39.41,58.04,B,Pass
1404,285,112,66.2,25.48,16.24,5.4,30.43,39.2,55.44,B,Pass
1405,285,109,74.79,25.65,18.7,15.27,32.4,60.86,72.54,A,Pass
1406,285,111,78.96,23.02,12.37,10.68,24.13,50.23,57.3,B,Pass
1407,285,104,78.55,17.72,15.86,10.54,28.17,36.75,51.71,B,Pass
1408,286,81,54.33,21.33,13.84,6.7,28.64,40.51,52.78,B,Pass
1409,286,86,44.79,19.4,12.78,10.5,15.81,29.51,41.74,C,Pass
1410,286,82,52.37,15.51,14.91,15.29,25.15,37.28,51.33,B,Pass
1411,286,84,48.31,21.67,15.86,9.79,36.77,43.6,60.81,B+,Pass
1412,286,83,56.08,23.11,12.59,9.97,29.51,43.6,56.68,B,Pass
1413,286,85,49.51,22.64,12.39,10.85,24.15,38.57,51.78,B,Pass
1414,287,71,41.48,21.33,15.49,3.71,38.16,50.05,61.15,B+,Pass
1415,287,67,41.33,21.17,17.75,14.13,33.13,52.5,65.82,B+,Pass
1416,287,68,44.9,25.74,19.88,14.0,23.36,41.91,59.06,B,Pass
1417,287,73,50.75,20.84,13.4,10.82,30.36,34.65,52.54,B,Pass
1418,287,74,48.59,23.85,21.16,9.72,28.53,52.11,63.83,B+,Pass
1419,287,70,42.76,20.81,14.0,17.93,32.79,50.92,65.13,B+,Pass
1420,288,38,80.31,30.12,16.72,17.12,38.31,65.42,79.99,A,Pass
1421,288,33,70.71,27.52,20.31,13.83,36.19,50.9,70.65,A,Pass
1422,288,36,79.16,29.57,24.97,19.54,48.46,59.47,86.52,A+,Pass
1423,288,34,76.33,30.84,22.39,16.86,37.53,53.68,76.62,A,Pass
1424,288,37,74.77,35.57,16.15,16.35,45.06,50.82,78.67,A,Pass
1425,288,35,71.35,36.24,25.0,20.0,47.8,69.58,94.49,O,Pass
1426,289,20,30.0,23.3,16.06,11.15,30.41,41.51,58.22,B,Pass
1427,289,26,31.15,33.54,15.03,12.22,33.14,54.67,70.98,A,Pass
1428,289,23,30.1,11.88,12.81,13.91,23.69,42.81,49.85,C,Pass
1429,289,18,30.0,27.37,11.48,12.39,30.67,38.09,57.58,B,Pass
1430,289,17,30.0,27.49,11.88,11.47,30.05,54.85,64.86,B+,Pass
1431,289,21,34.36,27.58,17.44,11.47,36.37,44.5,65.45,B+,Pass
1432,290,58,36.37,17.21,6.75,10.74,14.62,30.22,38.09,F,Fail
1433,290,64,30.0,16.92,7.39,6.56,20.41,20.86,34.64,F,Fail
1434,290,50,30.8,12.99,6.08,2.8,13.71,16.29,24.78,F,Fail
1435,290,61,37.81,7.33,11.07,2.35,20.24,46.78,41.21,C,Pass
1436,290,56,30.71,16.88,13.54,9.62,23.65,31.4,45.15,C,Pass
1437,290,52,30.0,14.41,15.78,10.68,20.84,25.9,41.37,C,Pass
1438,291,84,65.02,34.43,22.33,20.0,47.04,56.98,86.26,A+,Pass
1439,291,81,67.37,27.11,21.83,13.09,30.54,56.91,70.66,A,Pass
1440,291,83,65.7,27.97,17.48,18.77,39.95,49.2,73.3,A,Pass
1441,291,85,61.14,26.42,14.17,10.56,28.82,47.17,60.58,B+,Pass
1442,292,58,80.47,38.08,20.34,20.0,43.63,75.0,93.99,O,Pass
1443,292,57,76.69,30.11,23.79,10.11,30.9,53.51,70.06,A,Pass
1444,292,55,76.54,24.43,22.91,20.0,46.26,56.88,81.05,A+,Pass
1445,292,53,77.72,38.33,25.0,19.51,43.37,66.9,91.82,O,Pass
1446,292,49,71.07,32.0,22.1,14.49,36.86,65.47,81.07,A+,Pass
1447,293,68,56.71,32.49,16.92,18.42,35.49,51.18,73.85,A,Pass
1448,293,66,56.22,19.84,12.87,5.94,21.22,42.06,48.28,C,Pass
1449,293,65,61.28,27.83,15.4,12.2,18.33,37.34,52.77,B,Pass
1450,293,67,57.61,37.56,18.46,15.31,42.01,58.93,82.33,A+,Pass
1451,294,85,82.25,28.58,20.32,16.52,41.31,65.71,82.0,A+,Pass
1452,294,84,87.32,23.73,18.79,18.77,34.66,62.63,75.33,A,Pass
1453,294,83,88.86,31.14,19.39,20.0,36.76,64.42,81.77,A+,Pass
1454,294,81,84.81,30.93,19.86,14.95,29.37,56.09,71.75,A,Pass
1455,295,97,63.47,24.08,12.44,8.44,30.6,37.46,54.02,B,Pass
1456,295,106,61.67,26.35,18.45,5.5,25.42,39.98,54.67,B,Pass
1457,295,110,51.39,26.42,20.7,8.27,30.83,53.88,66.18,B+,Pass
1458,295,104,54.08,24.25,16.85,7.74,34.36,42.64,59.81,B,Pass
1459,295,108,50.08,19.72,12.07,7.33,30.18,43.26,53.63,B,Pass
1460,296,55,66.44,31.08,21.84,18.56,30.6,60.95,77.31,A,Pass
1461,296,49,71.98,26.12,22.18,14.73,31.61,48.08,67.53,B+,Pass
1462,296,57,73.76,31.37,18.21,18.26,35.13,51.89,73.88,A,Pass
1463,296,53,72.04,35.38,20.97,17.16,49.34,69.06,91.56,O,Pass
1464,296,51,68.5,21.56,17.51,2.0,25.23,49.94,54.7,B,Pass
1465,297,25,60.96,30.41,18.08,15.41,44.52,47.54,74.58,A,Pass
1466,297,26,58.5,22.58,11.04,16.36,31.53,42.72,59.59,B,Pass
1467,297,17,62.15,30.22,13.03,12.28,36.04,40.25,63.26,B+,Pass
1468,297,18,57.5,20.68,10.38,8.67,23.34,40.43,49.37,C,Pass
1469,298,52,93.76,34.07,20.55,17.24,40.38,75.0,89.06,A+,Pass
1470,298,49,98.1,38.64,25.0,18.95,49.41,70.01,96.17,O,Pass
1471,298,56,100.0,40.0,23.89,15.54,43.06,50.6,82.46,A+,Pass
1472,298,50,100.0,32.9,24.36,20.0,50.0,75.0,96.2,O,Pass
1473,298,55,100.0,26.63,17.39,18.69,40.39,63.54,79.46,A,Pass
1474,298,53,100.0,38.04,24.7,14.33,48.47,60.38,88.48,A+,Pass
1475,299,38,100.0,38.36,21.81,20.0,50.0,66.66,94.01,O,Pass
1476,299,37,100.0,33.13,20.22,16.79,44.58,59.16,82.95,A+,Pass
1477,299,33,100.0,33.55,25.0,20.0,40.86,56.67,83.65,A+,Pass
1478,299,36,100.0,33.53,17.32,16.38,43.04,67.27,84.8,A+,Pass
1479,300,82,86.82,33.36,21.45,19.64,32.79,59.42,79.21,A,Pass
1480,300,83,88.99,37.36,22.6,20.0,45.55,69.0,92.7,O,Pass
1481,300,90,95.37,34.42,20.78,11.52,35.91,58.63,76.6,A,Pass
1482,300,91,93.3,35.44,24.94,17.94,46.53,50.39,83.45,A+,Pass
1483,301,18,70.42,30.92,16.74,14.92,35.94,54.11,72.84,A,Pass
1484,301,22,75.77,23.01,21.41,16.97,39.64,48.6,71.05,A,Pass
1485,301,20,74.37,28.73,23.22,16.62,36.13,53.18,74.84,A,Pass
1486,301,19,88.87,29.18,18.05,12.08,29.2,41.33,61.74,B+,Pass
1487,301,17,71.7,34.5,15.39,15.4,39.0,48.83,73.39,A,Pass
1488,302,105,70.07,22.79,15.84,16.79,28.99,42.22,60.32,B+,Pass
1489,302,107,56.83,15.14,10.51,10.11,23.41,27.87,41.54,C,Pass
1490,302,110,56.83,34.86,17.69,16.78,36.53,61.13,79.69,A,Pass
1491,302,101,61.01,24.93,13.94,12.99,37.14,32.58,58.31,B,Pass
1492,303,9,80.18,19.88,14.54,9.26,25.11,39.23,51.25,B,Pass
1493,303,1,82.14,33.9,16.1,12.47,40.3,64.18,79.73,A,Pass
1494,303,4,73.25,40.0,17.41,17.54,46.32,49.79,82.13,A+,Pass
1495,303,12,84.89,40.0,21.7,19.46,50.0,61.13,91.94,O,Pass
1496,303,5,82.81,27.01,21.59,11.13,35.27,55.45,71.22,A,Pass
1497,303,10,74.76,35.44,19.75,15.8,48.46,53.99,82.95,A+,Pass
1498,304,2,66.68,26.36,16.76,14.89,36.7,40.32,64.49,B+,Pass
1499,304,16,74.32,21.24,16.74,12.55,29.74,59.92,66.42,B+,Pass
1500,304,6,75.74,27.42,18.46,11.79,30.76,53.06,67.13,B+,Pass
1501,304,3,71.17,30.0,13.76,11.66,39.1,38.2,63.71,B+,Pass
1502,305,67,69.57,22.74,14.99,10.97,38.16,50.65,65.56,B+,Pass
1503,305,72,59.5,22.61,11.56,6.61,32.96,44.86,56.65,B,Pass
1504,305,66,68.86,28.72,14.64,12.77,27.14,60.93,68.6,B+,Pass
1505,305,74,70.33,21.78,15.33,11.24,21.69,40.59,52.43,B,Pass
1506,305,78,65.11,34.63,20.7,15.28,32.88,56.2,75.9,A,Pass
1507,305,76,74.75,19.88,16.51,12.39,32.53,51.49,63.03,B+,Pass
1508,306,33,71.19,28.72,20.05,14.57,34.46,64.1,76.81,A,Pass
1509,306,40,72.17,36.53,19.33,17.76,41.69,57.63,82.61,A+,Pass
1510,306,39,73.72,26.24,18.33,15.17,24.59,53.73,65.41,B+,Pass
1511,306,42,72.28,40.0,25.0,14.23,48.61,61.54,90.14,O,Pass
1512,306,34,66.56,31.38,17.45,18.69,29.33,60.04,74.7,A,Pass
1513,306,41,69.57,25.16,18.69,16.26,32.78,49.76,67.8,B+,Pass
1514,307,2,57.51,33.23,16.35,14.41,25.67,49.84,66.46,B+,Pass
1515,307,10,57.17,23.62,20.03,10.75,29.19,58.56,67.12,B+,Pass
1516,307,4,56.6,31.75,17.1,13.76,35.04,59.5,74.88,A,Pass
1517,307,9,65.42,19.48,13.41,9.83,30.67,41.89,54.91,B,Pass
1518,307,7,62.3,31.85,17.28,20.0,39.24,55.53,78.37,A,Pass
1519,308,42,92.96,34.46,19.68,20.0,41.51,58.17,83.0,A+,Pass
1520,308,34,96.48,29.22,13.46,11.89,36.83,54.81,69.93,B+,Pass
1521,308,38,92.61,28.26,18.71,20.0,46.52,64.88,85.15,A+,Pass
1522,308,36,99.04,31.74,22.72,14.7,38.17,66.64,82.49,A+,Pass
1523,309,5,70.83,23.86,12.32,15.26,26.68,35.7,54.49,B,Pass
1524,309,3,66.8,27.01,18.35,15.34,25.39,33.34,56.77,B,Pass
1525,309,1,66.92,25.39,16.53,10.92,42.03,35.84,62.5,B+,Pass
1526,309,2,60.24,24.47,15.58,10.43,32.14,31.36,54.39,B,Pass
1527,309,4,57.4,16.75,11.07,10.54,23.8,35.06,46.34,C,Pass
1528,310,69,91.72,33.5,19.64,14.16,36.93,55.79,76.19,A,Pass
1529,310,68,91.07,29.56,14.22,12.64,47.69,45.28,71.77,A,Pass
1530,310,67,90.08,31.8,17.7,15.3,35.58,65.24,78.86,A,Pass
1531,310,65,89.24,36.94,18.09,12.0,40.64,73.26,86.21,A+,Pass
1532,311,67,35.96,15.04,7.94,4.36,20.15,40.39,41.8,C,Pass
1533,311,72,33.43,9.89,7.34,6.11,19.27,28.41,33.83,F,Fail
1534,311,65,37.56,22.63,10.9,9.19,18.55,43.87,50.02,B,Pass
1535,311,79,37.3,11.97,8.19,6.66,8.46,30.45,31.03,F,Fail
1536,312,20,67.14,22.46,14.51,13.2,27.21,53.49,62.21,B+,Pass
1537,312,24,64.0,29.53,12.8,10.03,28.93,47.01,61.31,B+,Pass
1538,312,26,63.24,29.65,16.66,9.24,40.22,53.57,71.22,A,Pass
1539,312,17,62.41,27.56,12.48,14.76,25.35,48.53,61.48,B+,Pass
1540,312,19,68.05,13.27,16.51,6.64,35.49,40.57,53.24,B,Pass
1541,313,103,57.99,21.3,10.24,12.38,31.06,49.44,59.54,B,Pass
1542,313,102,50.62,19.62,17.78,9.5,26.91,41.85,54.65,B,Pass
1543,313,104,53.85,19.87,18.74,13.48,35.22,53.99,66.98,B+,Pass
1544,313,106,59.04,16.17,14.84,6.72,18.17,26.19,38.69,F,Fail
1545,313,97,61.89,25.27,11.49,18.35,33.24,50.68,66.68,B+,Pass
1546,314,85,70.03,28.94,17.94,15.77,36.23,49.71,70.84,A,Pass
1547,314,83,73.1,28.28,16.12,13.19,35.84,50.93,68.88,B+,Pass
1548,314,84,72.84,32.27,20.42,18.98,37.71,62.97,82.03,A+,Pass
1549,314,86,77.48,37.78,21.27,15.85,38.57,53.07,79.37,A,Pass
1550,314,91,76.34,24.61,22.59,13.61,49.13,47.02,74.65,A,Pass
1551,315,88,68.39,24.52,16.15,18.3,33.91,52.01,69.09,B+,Pass
1552,315,83,71.35,20.34,12.3,13.25,33.63,45.73,59.87,B,Pass
1553,315,84,64.77,28.22,16.55,14.4,34.61,69.54,77.69,A,Pass
1554,315,81,71.21,37.21,18.07,12.71,36.15,52.5,74.76,A,Pass
1555,316,85,40.23,24.58,14.75,3.92,31.76,48.65,58.73,B,Pass
1556,316,81,49.79,18.85,17.73,10.08,23.13,42.74,53.06,B,Pass
1557,316,83,57.73,21.02,15.86,9.61,40.65,44.26,62.64,B+,Pass
1558,316,84,46.54,23.59,8.01,13.65,33.47,36.92,55.79,B,Pass
1559,317,6,54.29,25.45,20.56,12.13,33.44,48.86,66.53,B+,Pass
1560,317,3,54.68,23.37,19.9,13.0,30.87,49.56,64.71,B+,Pass
1561,317,1,60.31,20.5,10.13,9.06,26.99,38.05,50.08,B,Pass
1562,317,5,51.46,20.96,13.57,11.29,32.05,44.83,58.5,B,Pass
1563,317,4,48.45,13.98,10.99,6.81,22.19,46.44,47.56,C,Pass
1564,318,84,80.16,32.39,23.71,15.17,41.58,54.08,79.29,A,Pass
1565,318,81,83.74,37.86,25.0,19.13,40.7,60.06,86.87,A+,Pass
1566,318,85,85.47,30.1,12.42,12.28,31.0,51.09,65.5,B+,Pass
1567,318,83,78.77,38.65,15.1,14.17,32.44,60.25,76.79,A,Pass
1568,319,103,85.05,34.15,22.72,20.0,43.28,68.22,89.64,A+,Pass
1569,319,101,92.99,32.64,17.52,17.61,40.66,50.8,76.17,A,Pass
1570,319,97,84.73,31.75,21.74,15.23,38.25,68.49,83.27,A+,Pass
1571,319,102,86.04,29.05,23.54,20.0,50.0,74.01,93.48,O,Pass
1572,320,84,85.36,36.01,17.12,14.28,35.77,55.71,75.88,A,Pass
1573,320,82,93.99,29.92,14.99,11.36,36.44,57.7,71.79,A,Pass
1574,320,81,84.62,38.41,23.49,17.61,41.69,63.85,88.04,A+,Pass
1575,320,86,84.35,34.81,25.0,13.39,40.49,61.48,83.03,A+,Pass
1576,320,83,89.78,30.35,22.18,19.82,41.18,56.66,80.99,A+,Pass
1577,321,74,56.18,25.17,15.26,7.1,27.76,45.99,57.58,B,Pass
1578,321,67,65.54,22.02,7.67,11.91,29.68,45.75,56.23,B,Pass
1579,321,66,50.24,24.83,13.3,9.06,31.39,52.57,62.5,B+,Pass
1580,321,75,56.56,22.95,17.44,13.58,26.41,39.79,57.01,B,Pass
1581,322,73,89.86,38.11,18.98,16.29,44.16,66.03,87.69,A+,Pass
1582,322,66,87.24,29.78,23.49,13.98,40.04,54.96,76.95,A,Pass
1583,322,67,82.0,29.82,23.22,14.06,38.31,51.47,74.41,A,Pass
1584,322,68,90.13,39.67,21.76,16.23,39.43,69.94,89.01,A+,Pass
1585,322,74,89.11,29.25,19.77,14.86,36.05,46.27,69.58,B+,Pass
1586,323,33,51.61,29.56,18.87,20.0,39.31,43.18,72.14,A,Pass
1587,323,37,61.88,33.43,13.78,10.49,31.29,38.47,61.06,B+,Pass
1588,323,35,63.42,19.94,17.08,8.66,28.49,48.32,57.93,B,Pass
1589,323,36,59.39,33.25,22.15,17.54,32.99,49.33,73.77,A,Pass
1590,324,7,65.32,28.77,18.46,15.51,42.01,55.24,76.31,A,Pass
1591,324,1,62.38,26.41,15.94,12.15,31.19,44.54,62.03,B+,Pass
1592,324,13,57.79,30.37,19.54,15.33,34.38,56.26,74.11,A,Pass
1593,324,6,65.65,19.9,7.53,11.1,35.85,29.35,50.13,B,Pass
1594,325,20,59.54,17.97,11.8,10.71,37.79,32.14,52.95,B,Pass
1595,325,17,45.75,20.24,13.57,13.3,27.27,46.21,57.4,B,Pass
1596,325,29,52.1,14.95,8.7,8.25,28.36,40.15,48.0,C,Pass
1597,325,24,46.03,24.12,16.51,11.23,26.9,23.58,48.74,C,Pass
1598,326,104,86.6,31.96,15.82,17.97,33.98,64.97,78.6,A,Pass
1599,326,112,85.95,35.05,22.18,19.52,40.11,51.36,80.18,A+,Pass
1600,326,99,84.52,18.86,15.93,13.24,28.66,52.2,61.11,B+,Pass
1601,326,98,82.94,28.92,23.23,10.13,36.21,56.83,73.44,A,Pass
1602,326,108,82.64,33.0,23.95,13.13,35.08,56.12,76.38,A,Pass
1603,326,109,86.6,33.57,24.25,9.79,29.17,47.23,68.01,B+,Pass
1604,327,72,30.0,22.68,9.44,8.67,26.15,31.2,47.09,C,Pass
1605,327,65,30.55,7.58,10.35,2.81,24.91,28.0,34.86,F,Fail
1606,327,70,30.0,19.55,11.54,5.29,24.4,34.17,45.18,C,Pass
1607,327,74,32.6,16.31,12.04,8.53,25.45,32.04,44.91,C,Pass
1608,327,69,30.0,21.59,12.67,11.21,26.78,28.74,48.27,C,Pass
1609,327,73,32.85,22.27,11.33,9.8,25.09,41.72,52.58,B,Pass
1610,328,69,42.43,26.79,18.38,11.47,26.09,43.74,59.93,B,Pass
1611,328,70,37.23,25.61,15.21,16.47,26.03,30.11,54.19,B,Pass
1612,328,68,43.4,20.76,8.68,13.1,26.12,44.55,54.25,B,Pass
1613,328,67,30.0,23.62,15.59,10.32,22.16,55.09,60.0,B+,Pass
1614,328,65,33.47,33.44,13.26,15.89,33.26,47.72,68.87,B+,Pass
1615,329,54,85.07,27.35,14.9,16.38,26.66,42.05,60.78,B+,Pass
1616,329,51,76.92,30.93,18.93,15.7,46.06,49.02,76.8,A,Pass
1617,329,50,83.64,30.85,16.24,14.96,29.84,62.62,73.54,A,Pass
1618,329,49,90.52,27.86,18.19,16.57,45.83,54.57,77.88,A,Pass
1619,329,52,79.9,27.35,20.17,15.11,40.11,60.61,77.63,A,Pass
1620,329,53,85.29,31.69,16.29,13.19,39.61,61.98,77.68,A,Pass
1621,330,2,30.0,7.2,10.15,6.55,17.3,32.45,34.73,F,Fail
1622,330,5,30.0,24.12,13.15,11.2,21.96,38.48,51.86,B,Pass
1623,330,6,33.92,14.16,6.21,7.07,17.95,46.95,43.98,C,Pass
1624,330,4,38.49,23.23,11.73,7.72,14.97,30.45,41.86,C,Pass
1625,330,8,30.0,20.85,5.93,10.74,29.88,25.11,44.82,C,Pass
1626,331,37,62.08,17.91,9.67,11.68,24.59,38.6,48.98,C,Pass
1627,331,36,64.86,25.17,14.66,13.95,33.87,42.48,62.19,B+,Pass
1628,331,38,55.99,21.43,21.33,11.5,20.43,48.18,57.7,B,Pass
1629,331,34,59.89,19.23,15.54,12.41,30.7,43.49,57.69,B,Pass
1630,332,33,53.61,33.83,13.1,12.23,35.23,33.74,61.63,B+,Pass
1631,332,35,44.88,24.11,16.43,11.32,25.52,51.52,61.09,B+,Pass
1632,332,36,46.98,18.77,15.8,6.07,27.04,44.01,52.8,B,Pass
1633,332,34,52.91,29.26,17.53,6.8,34.82,56.39,68.77,B+,Pass
1634,332,38,53.35,26.62,12.2,9.68,23.76,50.7,58.57,B,Pass
1635,332,37,44.21,22.32,11.1,12.86,27.38,51.38,59.7,B,Pass
1636,333,72,74.04,32.23,21.79,17.02,37.14,64.8,82.15,A+,Pass
1637,333,65,75.89,40.0,23.19,20.0,45.66,71.59,95.52,O,Pass
1638,333,66,73.91,40.0,25.0,20.0,49.28,61.98,93.56,O,Pass
1639,333,70,65.12,36.64,20.99,20.0,47.35,63.39,89.97,A+,Pass
1640,333,71,69.49,35.33,22.67,17.22,36.21,69.4,85.83,A+,Pass
1641,334,83,49.4,20.1,15.12,10.08,28.48,54.08,60.62,B+,Pass
1642,334,81,53.08,26.01,12.47,18.5,42.1,46.23,69.87,B+,Pass
1643,334,85,53.39,25.76,19.42,10.62,41.74,51.33,70.78,A,Pass
1644,334,84,53.97,31.45,17.42,19.08,38.67,50.27,75.03,A,Pass
1645,335,100,84.69,26.95,13.71,15.22,41.04,53.76,72.17,A,Pass
1646,335,102,83.01,18.73,19.22,9.88,19.71,41.88,51.39,B,Pass
1647,335,99,85.78,28.08,18.15,17.82,38.55,70.49,82.37,A+,Pass
1648,335,98,77.65,28.98,16.89,10.09,36.98,51.02,68.59,B+,Pass
1649,335,97,94.44,29.41,21.74,14.24,38.57,55.01,75.48,A,Pass
1650,335,101,84.63,36.06,20.77,15.34,41.41,55.59,80.65,A+,Pass
1651,336,76,53.02,29.26,22.73,14.08,37.77,56.99,76.24,A,Pass
1652,336,65,53.37,21.01,19.9,17.06,34.65,59.84,72.25,A,Pass
1653,336,73,44.64,24.55,16.47,12.39,35.53,45.92,64.26,B+,Pass
1654,336,68,43.68,32.15,18.02,12.22,42.35,51.09,74.41,A,Pass
1655,336,66,49.68,20.2,16.67,14.65,31.09,60.07,67.67,B+,Pass
1656,337,53,64.07,24.74,13.26,13.68,38.94,41.99,63.58,B+,Pass
1657,337,59,70.0,23.1,15.69,15.16,38.08,52.05,68.74,B+,Pass
1658,337,60,71.32,23.06,16.48,8.38,31.39,59.87,65.94,B+,Pass
1659,337,58,76.82,27.54,19.8,2.83,31.58,50.32,62.38,B+,Pass
1660,337,61,77.22,31.11,18.37,11.12,25.14,61.02,69.51,B+,Pass
1661,337,54,69.46,28.01,15.13,8.5,21.62,42.96,55.16,B,Pass
1662,338,100,43.85,24.07,22.17,10.9,35.14,42.88,63.93,B+,Pass
1663,338,108,43.41,22.48,21.44,15.96,31.51,39.25,61.86,B+,Pass
1664,338,101,48.4,30.07,18.56,14.27,36.83,45.53,69.26,B+,Pass
1665,338,97,43.56,18.73,6.43,2.0,22.31,33.02,39.5,F,Fail
1666,338,103,42.66,18.59,15.48,12.61,13.63,40.56,47.53,C,Pass
1667,339,100,60.79,27.66,19.55,16.05,36.17,50.58,71.36,A,Pass
1668,339,97,70.38,35.61,13.39,11.19,33.59,42.52,65.4,B+,Pass
1669,339,98,65.56,29.16,16.54,11.93,33.58,48.4,66.54,B+,Pass
1670,339,99,77.58,34.6,8.97,12.83,27.19,47.82,63.21,B+,Pass
1671,339,103,85.69,28.37,18.89,11.94,31.35,46.66,65.16,B+,Pass
1672,339,101,71.38,32.21,15.49,14.73,34.07,55.49,72.6,A,Pass
1673,340,6,82.19,33.46,19.5,20.0,44.46,57.32,83.51,A+,Pass
1674,340,12,83.35,35.44,24.93,18.71,38.21,52.02,80.43,A+,Pass
1675,340,5,82.4,30.57,24.1,20.0,41.75,72.32,89.55,A+,Pass
1676,340,4,75.16,35.56,15.83,17.91,35.87,61.71,79.79,A,Pass
1677,341,19,49.53,21.93,9.97,9.05,33.08,36.56,53.08,B,Pass
1678,341,27,49.24,15.36,15.91,8.99,20.5,43.91,49.28,C,Pass
1679,341,17,43.93,21.19,16.15,8.95,21.35,24.26,43.52,C,Pass
1680,341,22,45.9,12.98,9.2,14.58,29.25,30.02,46.09,C,Pass
1681,342,102,93.28,22.84,15.43,12.91,38.03,53.05,67.82,B+,Pass
1682,342,104,89.23,39.45,25.0,18.44,44.05,65.44,91.51,O,Pass
1683,342,97,98.55,29.01,14.3,17.77,34.56,52.64,70.95,A,Pass
1684,342,103,93.34,29.39,13.26,8.07,32.35,33.15,55.68,B,Pass
1685,343,4,64.3,23.01,13.38,10.07,19.31,49.55,54.67,B,Pass
1686,343,2,69.96,20.19,17.2,4.98,30.33,47.6,56.84,B,Pass
1687,343,3,53.03,25.0,19.07,14.17,35.53,48.32,67.53,B+,Pass
1688,343,5,73.71,28.92,19.13,14.25,41.28,57.73,76.82,A,Pass
1689,343,6,57.61,17.13,21.25,12.22,23.5,35.68,51.58,B,Pass
1690,344,90,51.27,31.09,24.19,10.89,41.29,56.24,77.56,A,Pass
1691,344,94,36.23,28.85,23.96,14.89,33.47,51.38,72.16,A,Pass
1692,344,88,50.67,27.93,18.9,14.57,33.62,54.73,71.16,A,Pass
1693,344,93,39.6,33.52,21.21,15.88,41.06,60.21,81.81,A+,Pass
1694,344,89,42.56,25.14,12.55,12.56,30.95,60.9,67.77,B+,Pass
1695,345,6,30.0,24.3,15.09,9.66,16.92,35.87,48.22,C,Pass
1696,345,3,30.0,12.48,13.46,7.92,31.41,33.57,46.95,C,Pass
1697,345,7,30.0,24.35,10.46,8.24,18.45,38.57,47.71,C,Pass
1698,345,4,30.0,16.7,12.65,13.06,22.77,29.83,45.24,C,Pass
1699,346,101,69.92,29.26,14.01,15.03,44.95,64.54,80.34,A+,Pass
1700,346,104,63.14,23.1,15.44,10.13,30.83,58.45,65.49,B+,Pass
1701,346,105,69.2,27.92,12.25,9.69,36.05,39.75,60.28,B+,Pass
1702,346,100,76.35,30.79,17.0,15.77,32.71,56.49,72.8,A,Pass
1703,346,99,65.45,12.96,13.73,9.67,33.43,45.6,54.8,B,Pass
1704,347,37,48.7,32.04,17.92,14.21,33.14,59.79,74.76,A,Pass
1705,347,36,41.67,30.34,13.18,12.99,31.72,38.89,60.94,B+,Pass
1706,347,33,53.94,25.29,14.47,11.03,18.4,36.59,50.22,B,Pass
1707,347,35,44.71,28.11,18.57,15.15,28.68,49.65,66.57,B+,Pass
1708,348,83,97.5,40.0,25.0,19.33,36.36,69.24,90.16,O,Pass
1709,348,89,98.87,34.02,25.0,19.67,36.52,73.97,89.63,A+,Pass
1710,348,87,100.0,27.82,18.71,8.89,40.03,41.67,65.29,B+,Pass
1711,348,85,97.83,31.83,22.11,19.13,47.14,51.63,81.98,A+,Pass
1712,348,86,99.76,34.48,21.76,13.39,44.94,60.41,83.3,A+,Pass
1713,348,82,100.0,29.94,21.24,18.46,41.43,60.61,81.7,A+,Pass
1714,349,12,46.36,28.05,9.18,12.75,33.84,62.69,70.25,A,Pass
1715,349,13,49.19,20.74,15.56,13.69,24.53,56.46,62.05,B+,Pass
1716,349,1,50.91,28.73,17.15,16.26,34.78,50.87,70.48,A,Pass
1717,349,6,49.71,35.11,25.0,16.04,35.49,49.65,76.49,A,Pass
1718,349,8,45.11,18.43,10.89,10.56,34.98,53.09,61.12,B+,Pass
1719,349,4,41.29,28.8,20.07,13.36,31.88,44.97,66.03,B+,Pass
1720,350,35,35.6,10.35,5.31,7.42,9.49,30.18,29.83,F,Fail
1721,350,36,30.0,9.54,6.49,2.0,15.47,11.76,21.59,F,Fail
1722,350,37,33.8,18.65,5.12,7.7,18.9,26.34,36.96,F,Fail
1723,350,38,32.83,16.61,6.22,8.98,20.89,9.87,30.33,F,Fail
1724,350,33,30.0,17.16,7.26,9.4,15.17,35.02,40.11,C,Pass
1725,350,34,31.95,20.24,8.11,13.48,12.74,28.55,39.8,F,Fail
1726,351,7,78.33,31.06,19.72,14.87,40.79,53.93,76.41,A,Pass
1727,351,10,73.28,25.13,23.93,13.44,33.46,53.44,70.52,A,Pass
1728,351,5,86.1,30.38,25.0,15.92,48.79,63.2,87.03,A+,Pass
1729,351,2,85.8,37.97,22.81,20.0,38.06,52.79,81.77,A+,Pass
1730,351,8,86.67,36.38,17.5,8.09,36.2,48.1,69.78,B+,Pass
1731,351,6,72.64,24.65,25.0,13.36,44.88,54.44,76.85,A,Pass
1732,352,51,53.19,16.21,14.35,15.61,27.73,38.31,53.39,B,Pass
1733,352,50,49.96,18.86,6.22,11.31,25.73,33.55,46.09,C,Pass
1734,352,52,58.21,24.27,16.19,9.83,20.62,57.07,60.47,B+,Pass
1735,352,54,55.21,21.08,11.41,5.58,18.39,31.25,41.67,C,Pass
1736,352,53,53.87,24.65,12.53,9.94,26.47,32.71,50.81,B,Pass
1737,353,20,75.14,29.58,21.29,11.77,40.24,50.56,72.91,A,Pass
1738,353,17,78.37,26.42,18.28,15.65,28.96,48.58,65.5,B+,Pass
1739,353,21,79.58,32.37,22.99,13.98,37.8,61.93,80.18,A+,Pass
1740,353,19,66.86,27.07,15.73,14.5,31.98,58.97,70.59,A,Pass
1741,354,50,57.21,26.58,15.75,11.55,25.27,41.89,57.55,B,Pass
1742,354,54,53.18,30.15,18.5,11.76,33.89,49.62,68.45,B+,Pass
1743,354,49,61.94,20.78,11.5,13.38,29.98,49.93,59.97,B,Pass
1744,354,51,60.8,31.09,22.42,12.84,35.4,54.99,74.3,A,Pass
1745,354,56,57.15,29.36,20.28,15.29,45.92,51.82,77.58,A,Pass
1746,354,55,62.14,22.23,14.81,13.03,31.82,47.55,61.66,B+,Pass
1747,355,47,31.67,25.47,12.81,8.72,22.31,40.01,52.04,B,Pass
1748,355,40,37.95,19.72,14.56,9.0,27.24,38.59,51.81,B,Pass
1749,355,46,33.71,18.17,11.3,12.15,24.53,29.79,45.85,C,Pass
1750,355,36,30.02,10.78,9.75,4.53,23.89,19.83,32.76,F,Fail
1751,356,1,35.68,13.55,7.85,6.53,26.24,39.7,44.82,C,Pass
1752,356,8,40.29,21.73,11.82,14.4,26.96,32.4,51.39,B,Pass
1753,356,12,36.44,17.8,12.87,9.31,23.48,43.58,50.78,B,Pass
1754,356,6,33.37,18.6,11.8,9.19,26.17,41.55,51.09,B,Pass
1755,356,4,35.65,20.67,10.02,8.87,28.37,38.16,50.77,B,Pass
1756,357,28,30.0,21.34,15.05,10.16,33.64,32.75,53.87,B,Pass
1757,357,20,30.0,24.96,14.19,7.42,19.85,37.77,49.42,C,Pass
1758,357,18,30.0,16.95,17.18,6.59,29.81,34.09,49.45,C,Pass
1759,357,25,30.0,20.32,6.95,9.46,17.87,29.71,40.47,C,Pass
1760,358,108,30.71,18.08,12.83,10.8,28.31,46.14,55.26,B,Pass
1761,358,107,31.94,16.08,12.18,3.44,25.01,44.43,47.87,C,Pass
1762,358,99,35.53,17.76,9.84,9.25,30.56,45.65,54.03,B,Pass
1763,358,101,30.0,13.68,6.56,7.79,17.63,26.02,34.32,F,Fail
1764,358,102,33.4,26.72,12.43,11.59,28.87,45.29,59.69,B,Pass
1765,358,106,34.1,22.41,12.89,7.92,19.8,41.57,49.62,C,Pass
1766,359,105,54.34,29.34,18.08,13.08,35.95,49.34,69.44,B+,Pass
1767,359,101,57.69,23.13,18.34,17.66,40.66,45.35,69.22,B+,Pass
1768,359,108,53.05,31.05,18.26,11.74,33.77,64.51,75.69,A,Pass
1769,359,97,59.1,29.89,24.62,18.23,36.89,41.85,71.88,A,Pass
1770,359,98,61.91,31.35,12.76,15.27,47.04,52.65,76.5,A,Pass
1771,359,104,59.21,32.92,24.64,14.44,33.51,50.06,73.65,A,Pass
1772,360,79,45.84,34.28,15.5,6.18,25.54,40.29,58.0,B,Pass
1773,360,73,47.48,26.39,14.95,12.87,30.9,41.81,60.57,B+,Pass
1774,360,77,46.37,15.08,9.75,15.28,18.75,50.41,51.98,B,Pass
1775,360,68,47.15,24.05,17.72,6.06,27.4,50.6,59.46,B,Pass
1776,360,72,46.21,27.05,12.55,14.88,34.96,54.89,69.08,B+,Pass
1777,360,78,50.43,26.6,17.18,16.09,35.27,31.19,60.41,B+,Pass
1778,361,97,94.57,34.2,23.55,13.31,34.42,47.65,72.62,A,Pass
1779,361,102,89.88,31.89,20.81,11.16,37.47,61.88,77.46,A,Pass
1780,361,107,92.38,33.89,20.43,13.94,35.35,75.0,84.76,A+,Pass
1781,361,106,99.66,38.01,25.0,19.46,32.44,57.21,81.66,A+,Pass
1782,362,34,62.39,24.26,12.66,8.98,26.84,39.36,53.47,B,Pass
1783,362,33,51.29,19.56,16.85,13.19,29.68,49.9,61.25,B+,Pass
1784,362,37,54.6,24.64,14.99,7.02,38.41,31.35,55.66,B,Pass
1785,362,35,45.96,23.69,14.16,10.29,35.13,49.63,63.38,B+,Pass
1786,362,38,55.45,27.8,16.7,10.1,18.96,43.27,55.3,B,Pass
1787,362,36,47.58,24.42,14.9,16.11,39.36,53.61,70.92,A,Pass
1788,363,17,94.21,35.4,21.46,13.55,40.88,62.66,82.74,A+,Pass
1789,363,22,100.0,33.47,20.22,13.75,41.51,45.19,73.54,A,Pass
1790,363,21,100.0,34.48,19.79,20.0,45.55,68.19,89.75,A+,Pass
1791,363,18,93.43,37.76,22.97,17.29,30.51,65.07,82.33,A+,Pass
1792,364,106,40.43,21.74,17.87,16.02,25.61,54.3,64.17,B+,Pass
1793,364,107,47.8,24.16,15.15,18.84,34.16,59.05,72.19,A,Pass
1794,364,100,45.57,28.2,22.59,10.8,36.41,49.12,69.66,B+,Pass
1795,364,103,40.47,19.32,14.18,12.93,18.58,44.91,52.05,B,Pass
1796,365,82,46.0,19.78,8.51,5.73,26.24,37.13,46.6,C,Pass
1797,365,85,40.83,16.56,11.01,7.82,27.88,39.97,49.19,C,Pass
1798,365,84,35.76,19.72,10.01,6.14,15.21,27.57,37.41,F,Fail
1799,365,86,33.97,28.54,15.13,7.93,23.55,25.84,48.12,C,Pass
1800,365,83,47.05,23.6,15.41,10.03,20.9,34.65,49.6,C,Pass
1801,366,2,94.96,38.03,22.3,16.75,46.04,63.29,88.87,A+,Pass
1802,366,3,95.74,30.14,25.0,16.31,42.07,60.69,82.58,A+,Pass
1803,366,13,95.45,36.11,25.0,8.49,49.99,70.63,90.26,O,Pass
1804,366,9,98.4,33.57,19.98,9.84,39.23,60.29,77.45,A,Pass
1805,366,7,95.96,31.46,23.18,15.4,36.96,58.53,78.49,A,Pass
1806,366,12,93.06,32.17,21.78,15.97,30.23,64.88,78.18,A,Pass
1807,367,5,86.36,27.76,21.74,19.15,34.91,58.88,77.08,A,Pass
1808,367,9,78.1,39.57,12.62,10.02,40.61,52.15,74.49,A,Pass
1809,367,1,82.78,36.73,17.84,16.31,40.23,75.0,88.77,A+,Pass
1810,367,11,73.06,36.38,19.22,16.68,37.1,48.45,75.38,A,Pass
1811,367,13,79.62,30.97,24.46,18.87,49.81,67.09,90.92,O,Pass
1812,367,14,89.05,26.44,20.07,13.58,41.3,64.76,78.91,A,Pass
1813,368,5,66.2,27.4,18.82,13.1,24.23,58.33,67.11,B+,Pass
1814,368,1,80.18,22.65,13.36,12.64,36.91,61.11,69.96,B+,Pass
1815,368,4,69.49,29.95,13.8,16.35,37.16,61.52,75.96,A,Pass
1816,368,3,76.7,32.79,17.73,13.51,39.42,50.94,73.72,A,Pass
1817,369,36,36.18,21.36,11.53,8.48,22.08,37.18,47.92,C,Pass
1818,369,39,44.61,22.69,11.15,15.57,21.98,38.27,52.44,B,Pass
1819,369,44,41.51,15.13,9.73,10.56,28.9,39.95,49.83,C,Pass
1820,369,40,43.01,26.29,9.55,12.17,20.93,46.88,55.39,B,Pass
1821,370,37,51.48,15.75,11.04,11.36,36.16,42.28,55.78,B,Pass
1822,370,33,61.57,24.5,13.14,10.11,37.38,48.69,63.98,B+,Pass
1823,370,36,51.38,30.93,21.46,13.09,36.08,42.78,68.6,B+,Pass
1824,370,35,58.72,23.8,19.26,15.54,36.01,55.83,71.43,A,Pass
1825,371,14,48.85,19.99,13.43,8.13,24.39,56.6,58.04,B,Pass
1826,371,5,56.29,26.42,16.66,13.79,35.14,50.86,68.07,B+,Pass
1827,371,12,49.3,30.1,19.8,13.12,40.09,54.41,74.97,A,Pass
1828,371,9,54.8,21.54,18.98,10.79,28.18,52.27,62.24,B+,Pass
1829,371,1,54.44,22.56,13.2,15.47,32.24,50.44,63.96,B+,Pass
1830,371,10,57.82,26.73,16.11,15.45,44.27,40.82,68.72,B+,Pass
1831,372,20,39.13,23.18,9.93,10.81,30.64,36.65,53.39,B,Pass
1832,372,21,45.41,21.93,14.83,8.92,21.06,36.26,48.81,C,Pass
1833,372,19,37.17,23.05,13.34,7.89,36.39,43.19,59.16,B,Pass
1834,372,17,38.06,17.3,13.0,7.36,25.1,37.29,47.49,C,Pass
1835,373,82,56.9,29.9,18.85,14.79,34.52,50.71,70.81,A,Pass
1836,373,88,51.51,17.01,15.77,12.55,35.07,44.39,59.34,B,Pass
1837,373,83,50.04,18.77,15.16,15.24,28.08,33.74,52.86,B,Pass
1838,373,85,55.5,21.59,17.81,14.96,27.95,44.9,60.33,B+,Pass
1839,373,81,51.19,30.6,7.63,5.98,38.06,44.1,60.95,B+,Pass
1840,373,86,63.15,25.62,10.02,9.41,32.41,36.82,54.91,B,Pass
1841,374,17,70.54,35.87,19.75,15.03,38.37,69.73,85.07,A+,Pass
1842,374,22,70.87,37.28,18.89,11.44,44.69,60.36,82.43,A+,Pass
1843,374,21,71.75,34.48,22.33,20.0,40.58,66.95,87.71,A+,Pass
1844,374,19,61.25,28.05,20.68,15.07,35.6,66.98,78.89,A,Pass
1845,375,3,83.43,25.78,15.78,14.97,24.47,46.3,60.52,B+,Pass
1846,375,5,77.57,28.52,17.74,16.16,32.22,35.97,62.33,B+,Pass
1847,375,1,82.03,23.25,13.34,10.55,24.79,38.03,52.38,B,Pass
1848,375,4,78.31,25.81,15.55,11.47,34.71,53.03,66.96,B+,Pass
1849,376,54,64.42,31.08,20.44,16.71,35.37,53.13,74.55,A,Pass
1850,376,55,56.48,29.31,20.98,13.02,44.82,65.18,82.39,A+,Pass
1851,376,58,60.09,30.73,14.26,14.77,49.59,45.67,74.56,A,Pass
1852,376,56,61.53,24.75,15.13,19.16,34.99,58.04,72.58,A,Pass
1853,376,51,55.6,30.81,18.44,8.96,43.14,62.52,78.01,A,Pass
1854,376,50,66.99,23.8,19.27,15.14,43.96,42.36,68.93,B+,Pass
1855,377,41,44.31,22.3,14.38,5.95,32.51,25.31,47.94,C,Pass
1856,377,46,33.41,16.76,12.79,12.1,29.77,36.55,51.49,B,Pass
1857,377,45,41.88,19.55,15.05,8.19,27.22,38.99,51.69,B,Pass
1858,377,38,43.84,15.86,12.91,2.0,16.19,39.05,40.41,C,Pass
1859,377,48,45.81,26.91,10.83,7.69,30.69,44.75,57.86,B,Pass
1860,378,83,58.85,25.85,10.5,11.33,30.88,38.37,56.14,B,Pass
1861,378,81,57.18,14.38,9.4,10.71,24.81,41.27,47.97,C,Pass
1862,378,84,57.18,18.74,15.14,9.54,27.62,37.93,51.7,B,Pass
1863,378,85,47.0,26.01,15.36,14.41,23.55,44.46,58.88,B,Pass
1864,379,98,96.69,37.39,22.29,15.6,45.71,61.73,87.07,A+,Pass
1865,379,108,100.0,25.53,25.0,18.78,29.79,66.46,78.07,A,Pass
1866,379,112,88.26,27.13,23.31,13.94,37.43,62.22,77.61,A,Pass
1867,379,109,99.61,32.13,20.08,14.64,44.3,64.59,83.72,A+,Pass
1868,379,99,99.47,35.91,24.83,17.96,47.23,60.11,88.53,A+,Pass
1869,380,97,41.06,23.85,13.01,12.34,27.94,36.03,54.09,B,Pass
1870,380,100,33.72,13.5,10.33,12.5,22.02,42.63,48.03,C,Pass
1871,380,101,34.45,12.54,13.47,7.03,19.25,29.29,38.47,F,Fail
1872,380,99,32.4,26.18,15.53,7.9,12.81,38.76,47.75,C,Pass
1873,381,11,76.7,35.67,23.13,17.16,42.48,63.4,86.49,A+,Pass
1874,381,3,86.27,38.14,16.08,16.96,40.13,60.56,82.31,A+,Pass
1875,381,2,83.2,33.26,21.94,11.83,47.67,58.11,82.27,A+,Pass
1876,381,16,78.29,30.87,20.87,17.29,39.19,55.75,78.04,A,Pass
1877,381,6,89.81,38.05,18.72,12.35,36.88,68.49,83.09,A+,Pass
1878,382,36,56.91,31.63,21.99,12.8,39.83,61.76,79.75,A,Pass
1879,382,33,59.1,36.27,15.64,13.07,37.17,45.08,70.55,A,Pass
1880,382,35,50.67,20.08,17.96,9.65,29.28,57.76,63.65,B+,Pass
1881,382,37,56.58,26.84,22.28,20.0,37.7,33.24,66.7,B+,Pass
1882,383,12,66.25,18.62,19.34,16.3,35.03,38.43,60.65,B+,Pass
1883,383,4,62.19,22.62,15.98,8.29,28.33,42.65,55.92,B,Pass
1884,383,7,58.51,15.14,10.19,8.61,29.49,56.8,57.21,B,Pass
1885,383,6,54.49,22.8,18.54,9.73,38.03,50.77,66.39,B+,Pass
1886,383,11,51.14,26.68,16.03,12.5,41.55,36.19,63.66,B+,Pass
1887,384,5,74.4,38.72,19.68,13.12,43.27,67.03,86.7,A+,Pass
1888,384,3,81.15,35.87,21.65,17.43,28.13,61.15,77.91,A,Pass
1889,384,4,70.23,35.04,22.06,20.0,44.81,67.77,90.38,O,Pass
1890,384,1,73.71,30.25,19.78,19.55,32.14,72.63,82.77,A+,Pass
1891,385,68,49.61,26.15,6.74,13.47,17.95,40.02,50.16,B,Pass
1892,385,73,60.12,23.77,8.12,8.12,19.26,41.21,48.05,C,Pass
1893,385,66,46.88,14.88,3.18,8.35,14.09,26.13,32.12,F,Fail
1894,385,72,65.04,7.3,7.03,2.0,13.14,40.07,32.73,F,Fail
1895,385,80,53.17,20.23,10.98,9.63,29.28,36.83,51.15,B,Pass
1896,386,11,73.79,33.07,19.85,15.24,37.21,53.35,75.6,A,Pass
1897,386,16,83.59,31.25,16.97,13.53,35.99,42.19,66.87,B+,Pass
1898,386,5,65.62,25.61,20.06,12.19,43.48,45.67,69.97,B+,Pass
1899,386,3,73.61,20.19,17.35,11.89,36.77,61.88,70.24,A,Pass
1900,386,2,76.86,26.81,19.94,20.0,41.32,46.3,73.64,A,Pass
1901,387,42,47.73,24.2,20.19,14.87,31.87,44.08,64.12,B+,Pass
1902,387,33,45.6,26.61,19.1,19.96,26.61,54.5,69.66,B+,Pass
1903,387,44,48.38,20.75,16.16,9.63,28.12,43.76,56.13,B,Pass
1904,387,43,49.96,15.45,15.94,12.58,27.07,49.22,56.89,B,Pass
1905,387,46,54.14,36.48,25.0,20.0,31.95,47.82,76.53,A,Pass
1906,388,40,76.03,34.12,16.21,6.6,32.04,39.25,61.18,B+,Pass
1907,388,46,72.83,26.81,16.53,14.36,33.98,60.5,72.42,A,Pass
1908,388,42,78.25,30.75,15.03,9.63,35.23,47.11,65.8,B+,Pass
1909,388,38,79.35,33.35,15.98,12.82,36.41,52.09,71.99,A,Pass
1910,388,45,82.48,28.09,13.7,8.22,28.38,42.64,57.72,B,Pass
1911,388,39,75.44,29.38,20.3,18.47,34.54,58.04,76.4,A,Pass
1912,389,97,71.73,28.49,17.96,9.76,33.24,45.54,64.18,B+,Pass
1913,389,106,70.79,29.19,16.73,15.37,37.15,66.5,78.59,A,Pass
1914,389,100,80.92,34.06,16.33,13.25,31.31,42.4,65.63,B+,Pass
1915,389,99,71.35,30.98,18.42,15.34,40.3,70.2,83.44,A+,Pass
1916,389,109,63.78,39.41,25.0,14.57,35.52,62.75,84.04,A+,Pass
1917,389,104,81.68,28.16,14.06,13.78,32.58,34.87,59.16,B,Pass
1918,390,73,91.48,31.63,22.45,13.03,37.66,43.88,70.61,A,Pass
1919,390,78,84.65,20.7,20.52,6.07,31.84,38.54,55.5,B,Pass
1920,390,68,89.76,27.59,22.57,16.85,37.93,58.3,77.42,A,Pass
1921,390,74,79.89,29.12,24.56,16.71,36.51,54.89,76.6,A,Pass
1922,391,3,40.91,21.74,15.11,9.31,28.39,33.89,51.58,B,Pass
1923,391,10,52.12,25.09,14.99,10.93,23.04,44.24,56.17,B,Pass
1924,391,1,58.54,24.81,14.54,13.19,38.24,49.09,66.84,B+,Pass
1925,391,6,43.57,20.42,17.13,10.78,39.47,45.06,63.21,B+,Pass
1926,391,9,44.73,22.33,18.25,16.19,26.6,42.26,59.58,B,Pass
1927,392,85,32.0,23.76,13.68,2.35,26.37,32.35,46.81,C,Pass
1928,392,81,39.73,17.33,10.13,4.92,25.55,23.51,38.92,F,Fail
1929,392,84,36.35,19.63,10.63,10.09,18.01,46.86,49.98,C,Pass
1930,392,83,32.45,15.69,9.09,11.63,12.45,32.52,38.7,F,Fail
1931,393,36,58.29,31.03,17.43,14.7,38.03,55.61,74.8,A,Pass
1932,393,39,66.03,33.0,20.41,17.48,42.15,44.2,75.11,A,Pass
1933,393,35,62.32,35.43,23.24,13.72,45.06,58.8,83.84,A+,Pass
1934,393,34,62.26,26.51,12.6,15.1,35.29,53.88,68.64,B+,Pass
1935,394,98,92.97,34.0,18.13,16.62,29.09,56.15,73.31,A,Pass
1936,394,99,90.55,34.86,25.0,18.98,34.03,61.58,82.67,A+,Pass
1937,394,100,99.98,36.26,19.49,17.56,37.95,53.19,78.5,A,Pass
1938,394,103,98.29,34.62,18.98,16.6,40.81,66.31,84.55,A+,Pass
1939,394,101,93.29,30.37,17.66,15.43,36.69,47.97,70.7,A,Pass
1940,395,102,71.77,25.57,17.51,6.6,26.63,62.21,65.44,B+,Pass
1941,395,97,72.38,21.23,17.3,16.79,47.5,64.41,79.73,A,Pass
1942,395,99,72.52,18.72,12.8,11.45,28.58,60.2,62.59,B+,Pass
1943,395,101,74.77,15.16,15.57,7.44,34.55,41.89,54.35,B,Pass
1944,395,100,64.49,19.25,15.14,12.61,26.27,50.03,58.47,B,Pass
1945,396,42,42.81,22.16,14.57,9.37,37.89,45.96,61.99,B+,Pass
1946,396,44,38.39,32.74,14.3,12.68,30.13,50.6,67.11,B+,Pass
1947,396,45,43.53,23.18,13.29,7.61,27.17,41.17,53.51,B,Pass
1948,396,34,39.13,22.65,11.25,16.54,31.76,51.2,63.86,B+,Pass
1949,396,46,37.59,22.23,11.57,9.96,31.7,47.59,58.78,B,Pass
1950,397,101,97.15,40.0,17.4,13.73,40.2,55.63,79.88,A,Pass
1951,397,106,88.42,22.22,21.05,11.59,48.04,50.06,72.71,A,Pass
1952,397,110,91.29,36.12,25.0,16.56,37.27,60.1,83.02,A+,Pass
1953,397,104,92.17,39.21,20.4,20.0,44.91,70.27,93.01,O,Pass
1954,398,4,67.5,33.61,17.75,10.33,44.05,47.48,73.25,A,Pass
1955,398,15,73.38,30.95,19.45,11.64,44.34,60.03,79.26,A,Pass
1956,398,5,64.59,25.39,20.25,8.49,37.47,43.88,64.26,B+,Pass
1957,398,12,64.19,26.53,19.26,13.61,33.77,48.46,67.28,B+,Pass
1958,398,10,73.59,19.03,21.36,17.2,34.63,40.29,62.78,B+,Pass
1959,398,14,72.88,26.89,18.43,17.38,47.02,53.2,77.85,A,Pass
1960,399,84,53.65,34.31,20.91,16.4,45.86,73.49,90.94,O,Pass
1961,399,92,63.7,29.29,18.4,15.76,36.42,46.53,69.81,B+,Pass
1962,399,81,61.51,32.67,18.63,17.2,38.62,60.04,79.71,A,Pass
1963,399,83,55.1,35.04,15.0,11.79,38.36,54.25,73.91,A,Pass
1964,400,18,66.2,33.68,23.72,16.7,38.67,55.59,79.95,A,Pass
1965,400,20,72.2,22.41,17.3,16.29,40.71,48.29,69.16,B+,Pass
1966,400,19,71.45,32.54,17.64,14.51,38.33,46.3,71.35,A,Pass
1967,400,22,71.49,34.96,25.0,18.51,42.98,66.89,89.44,A+,Pass
1968,401,83,48.36,16.91,7.96,7.83,16.9,26.35,36.3,F,Fail
1969,401,90,48.3,23.11,14.35,7.07,30.19,36.54,52.98,B,Pass
1970,401,89,45.44,21.63,13.7,12.35,17.4,28.13,44.3,C,Pass
1971,401,84,47.85,16.56,13.31,5.31,41.07,47.21,58.83,B,Pass
1972,401,88,46.45,17.04,8.2,9.13,20.29,32.21,41.54,C,Pass
1973,401,85,47.32,12.3,10.14,7.9,19.22,47.46,45.92,C,Pass
1974,402,42,52.66,21.04,17.25,9.07,27.65,40.8,54.82,B,Pass
1975,402,35,54.97,29.88,11.97,14.36,36.77,55.42,71.16,A,Pass
1976,402,44,51.93,24.05,20.24,8.94,34.63,41.55,61.3,B+,Pass
1977,402,33,51.61,17.54,11.69,7.73,33.54,54.35,59.44,B,Pass
1978,403,98,79.17,26.49,10.93,11.06,28.93,57.59,64.48,B+,Pass
1979,403,103,86.4,23.84,18.36,9.07,36.02,46.59,63.55,B+,Pass
1980,403,101,81.64,28.9,16.89,18.04,31.94,49.74,69.41,B+,Pass
1981,403,97,81.59,27.4,13.95,14.6,25.81,56.04,65.64,B+,Pass
1982,404,45,86.4,29.82,14.97,13.21,34.03,46.19,66.07,B+,Pass
1983,404,39,79.9,38.11,19.34,13.43,33.55,49.76,73.5,A,Pass
1984,404,35,88.44,27.01,25.0,17.66,47.4,56.53,82.41,A+,Pass
1985,404,43,82.37,31.29,19.24,18.26,27.49,60.3,74.35,A,Pass
1986,405,69,46.55,28.83,14.5,9.6,33.28,50.12,65.04,B+,Pass
1987,405,67,49.85,23.94,17.12,9.59,26.04,36.39,53.62,B,Pass
1988,405,68,56.9,23.26,22.26,20.0,24.97,53.15,67.82,B+,Pass
1989,405,65,52.14,14.08,16.8,8.58,30.13,39.69,51.64,B,Pass
1990,405,70,47.57,20.27,16.38,13.24,27.52,55.79,63.1,B+,Pass
1991,405,66,60.29,29.48,14.29,8.99,22.68,45.58,57.56,B,Pass
1992,406,103,100.0,32.84,24.2,13.0,33.03,73.99,83.65,A+,Pass
1993,406,99,95.37,37.94,19.23,19.05,43.75,50.46,81.61,A+,Pass
1994,406,97,98.72,31.58,23.53,17.61,50.0,54.96,84.65,A+,Pass
1995,406,104,91.32,40.0,25.0,19.41,47.43,66.48,94.44,O,Pass
1996,407,83,81.3,34.71,19.59,14.2,29.25,52.75,71.53,A,Pass
1997,407,84,74.24,24.4,15.18,15.9,36.9,52.73,69.28,B+,Pass
1998,407,82,82.13,30.39,19.49,14.98,37.02,50.93,72.76,A,Pass
1999,407,87,71.4,26.26,15.05,13.93,30.48,51.51,65.4,B+,Pass
2000,408,52,49.94,23.43,17.46,10.39,20.98,45.45,55.6,B,Pass
2001,408,53,45.01,24.67,17.2,9.42,27.31,45.96,59.03,B,Pass
2002,408,57,42.26,32.19,12.39,9.06,26.47,42.2,58.51,B,Pass
2003,408,58,44.6,29.48,10.95,10.65,34.05,50.47,65.02,B+,Pass
2004,408,54,49.64,15.97,10.46,5.71,19.02,35.51,41.1,C,Pass
2005,408,60,42.78,27.51,17.03,15.15,27.28,50.56,65.38,B+,Pass
2006,409,85,79.3,35.26,18.19,16.97,21.54,61.44,72.84,A,Pass
2007,409,93,75.63,28.39,11.22,15.76,30.7,57.24,68.63,B+,Pass
2008,409,89,68.21,26.18,18.14,14.96,26.66,37.09,58.46,B,Pass
2009,409,90,79.85,29.81,22.14,12.68,25.0,59.43,70.33,A,Pass
2010,409,83,78.68,32.43,22.11,14.46,41.73,57.15,79.83,A,Pass
2011,410,2,40.91,22.15,8.88,13.72,15.24,40.33,47.93,C,Pass
2012,410,10,49.8,16.84,14.46,3.16,30.64,40.82,50.15,B,Pass
2013,410,1,43.35,23.57,17.6,9.68,30.08,44.03,59.26,B,Pass
2014,410,4,40.59,31.23,18.64,7.18,21.51,56.93,63.98,B+,Pass
2015,410,5,38.55,23.12,14.76,14.25,35.69,47.46,64.58,B+,Pass
2016,410,8,45.19,30.06,13.94,13.54,24.83,36.66,56.9,B,Pass
2017,411,35,51.85,28.3,18.64,12.95,29.31,56.84,69.26,B+,Pass
2018,411,39,68.19,27.83,17.44,14.26,35.51,60.05,73.8,A,Pass
2019,411,33,60.81,29.28,24.33,11.25,30.26,49.63,68.29,B+,Pass
2020,411,36,68.39,30.33,17.91,20.0,43.21,67.7,85.53,A+,Pass
2021,411,38,65.09,32.25,24.55,16.74,28.73,65.14,79.08,A,Pass
2022,412,86,74.3,29.77,24.51,14.88,43.74,72.32,87.76,A+,Pass
2023,412,94,79.54,25.6,15.93,14.56,28.63,40.45,59.64,B,Pass
2024,412,82,81.16,24.59,17.96,11.38,26.28,52.69,62.9,B+,Pass
2025,412,87,73.82,33.2,17.08,19.06,45.31,62.73,84.89,A+,Pass
2026,413,105,70.7,26.59,15.76,17.2,32.87,41.31,63.91,B+,Pass
2027,413,109,69.91,35.71,11.83,10.67,41.4,41.0,67.75,B+,Pass
2028,413,108,78.05,24.25,16.56,12.4,26.76,62.21,67.37,B+,Pass
2029,413,111,64.29,23.36,18.45,12.7,27.06,49.51,62.04,B+,Pass
2030,413,101,68.55,28.12,21.17,13.83,43.53,47.5,73.37,A,Pass
2031,414,72,100.0,28.02,19.59,18.56,35.56,58.17,76.05,A,Pass
2032,414,65,100.0,38.42,22.39,16.78,48.73,72.68,94.84,O,Pass
2033,414,68,100.0,27.94,16.37,14.59,41.95,57.04,75.41,A,Pass
2034,414,66,100.0,36.27,21.14,19.02,38.3,65.76,85.94,A+,Pass
2035,414,67,100.0,39.01,23.89,20.0,32.08,69.71,87.63,A+,Pass
2036,414,70,95.7,36.21,25.0,16.78,43.69,69.84,90.93,O,Pass
2037,415,3,89.93,40.0,25.0,20.0,45.54,63.5,92.4,O,Pass
2038,415,4,87.41,38.38,20.54,15.7,35.78,69.29,85.48,A+,Pass
2039,415,5,97.38,40.0,25.0,20.0,46.28,65.84,93.86,O,Pass
2040,415,1,99.85,29.88,19.57,11.84,33.48,48.47,68.05,B+,Pass
2041,416,72,73.14,21.71,18.81,12.32,30.83,44.54,60.74,B+,Pass
2042,416,73,74.11,31.64,20.32,10.25,36.2,59.22,74.81,A,Pass
2043,416,77,72.48,25.55,18.53,14.24,38.19,49.0,69.27,B+,Pass
2044,416,67,76.32,35.99,17.73,20.0,35.26,52.74,77.33,A,Pass
2045,416,78,70.83,34.23,18.18,14.62,23.29,58.03,70.42,A,Pass
2046,416,68,73.15,22.03,16.2,16.81,25.88,41.16,58.04,B,Pass
2047,417,84,42.12,17.25,15.67,5.41,37.24,39.6,54.7,B,Pass
2048,417,82,40.76,17.57,12.17,6.5,12.63,22.77,33.84,F,Fail
2049,417,86,47.11,23.04,12.03,11.88,33.07,44.65,59.64,B,Pass
2050,417,81,38.14,24.2,14.03,11.84,31.84,41.63,58.98,B,Pass
2051,418,33,31.03,20.02,16.29,11.03,35.49,31.28,54.38,B,Pass
2052,418,35,32.29,22.0,13.78,13.18,27.63,42.04,56.54,B,Pass
2053,418,36,30.0,23.57,22.98,18.91,25.22,66.01,73.85,A,Pass
2054,418,37,31.31,24.68,14.07,12.11,28.39,37.65,55.79,B,Pass
2055,419,53,55.47,26.71,13.82,16.61,36.86,64.22,75.59,A,Pass
2056,419,60,54.45,36.39,18.51,14.75,35.56,49.69,73.94,A,Pass
2057,419,54,48.7,25.39,18.59,16.99,36.18,54.98,72.37,A,Pass
2058,419,49,46.61,15.14,15.2,5.72,22.37,37.9,45.38,C,Pass
2059,419,50,54.24,24.57,18.56,11.15,17.73,38.89,52.29,B,Pass
2060,420,5,84.4,33.14,16.87,14.18,38.96,59.88,77.83,A,Pass
2061,420,3,95.45,37.68,24.87,19.52,37.13,59.29,84.78,A+,Pass
2062,420,4,93.19,28.94,15.02,19.0,44.63,48.32,74.85,A,Pass
2063,420,1,88.37,32.3,18.76,14.32,40.51,45.69,72.39,A,Pass
2064,421,12,83.31,30.23,23.0,14.67,35.31,62.68,78.55,A,Pass
2065,421,7,91.35,32.41,18.06,11.23,27.06,30.54,56.83,B,Pass
2066,421,9,77.71,35.95,22.16,12.17,38.73,53.48,77.25,A,Pass
2067,421,2,86.75,31.25,17.59,16.57,44.66,47.42,75.4,A,Pass
2068,421,11,81.34,35.45,25.0,17.74,42.82,57.2,84.7,A+,Pass
2069,421,10,79.03,21.33,11.46,13.34,27.83,56.33,62.12,B+,Pass
2070,422,13,99.34,39.25,20.9,18.32,43.99,62.57,88.34,A+,Pass
2071,422,10,98.14,40.0,25.0,17.84,46.3,67.1,93.38,O,Pass
2072,422,7,94.68,40.0,25.0,18.35,43.04,64.26,90.69,O,Pass
2073,422,14,97.33,40.0,20.7,16.17,45.03,65.24,89.32,A+,Pass
2074,422,8,95.65,25.43,14.08,16.43,26.18,57.64,66.55,B+,Pass
2075,422,6,100.0,36.71,17.21,15.16,42.23,61.99,82.86,A+,Pass
2076,423,1,72.82,25.64,16.7,20.0,35.33,44.76,68.05,B+,Pass
2077,423,5,69.12,31.15,21.28,17.36,37.17,59.56,79.15,A,Pass
2078,423,3,79.92,24.87,14.47,17.95,34.08,55.23,70.01,A,Pass
2079,423,4,72.31,25.01,18.22,7.22,34.39,54.63,66.1,B+,Pass
2080,424,11,77.79,28.58,22.77,10.63,40.41,43.97,69.44,B+,Pass
2081,424,10,82.51,28.51,9.61,16.44,34.47,45.29,64.69,B+,Pass
2082,424,13,80.05,28.74,18.09,10.86,32.39,42.71,63.16,B+,Pass
2083,424,3,76.69,30.65,16.48,14.55,34.36,44.06,66.94,B+,Pass
2084,424,8,81.25,24.73,16.14,12.98,42.94,60.06,74.81,A,Pass
2085,424,6,70.0,29.19,17.56,12.47,40.17,48.74,70.68,A,Pass
2086,425,102,80.79,33.04,25.0,20.0,50.0,53.46,86.47,A+,Pass
2087,425,100,81.62,34.74,25.0,14.42,50.0,71.2,92.81,O,Pass
2088,425,106,90.57,34.04,21.7,19.1,38.65,54.1,79.82,A,Pass
2089,425,105,78.8,34.46,19.6,17.1,39.16,61.62,81.96,A+,Pass
2090,426,7,39.74,22.45,13.94,12.87,26.7,55.35,62.42,B+,Pass
2091,426,16,37.5,20.0,19.14,8.24,32.78,50.78,61.86,B+,Pass
2092,426,11,33.97,16.13,16.63,7.37,19.93,29.62,42.19,C,Pass
2093,426,4,37.33,20.98,12.59,9.45,27.43,50.99,57.76,B,Pass
2094,426,6,37.28,20.59,14.11,8.8,38.57,46.85,61.49,B+,Pass
2095,427,90,58.79,33.01,22.24,13.08,50.0,45.32,78.09,A,Pass
2096,427,88,62.46,37.06,15.81,10.67,37.11,49.52,71.85,A,Pass
2097,427,81,60.94,28.89,25.0,7.19,48.32,64.46,82.28,A+,Pass
2098,427,84,70.65,22.88,20.71,7.77,28.98,43.68,58.49,B,Pass
2099,428,35,38.83,16.26,11.18,8.21,25.42,31.86,44.29,C,Pass
2100,428,37,32.63,21.73,19.45,16.15,33.27,39.58,61.83,B+,Pass
2101,428,36,43.15,24.14,11.64,16.25,26.36,29.33,51.72,B,Pass
2102,428,33,36.54,21.34,16.81,7.36,19.62,44.35,51.58,B,Pass
2103,429,90,79.64,39.37,24.59,15.49,44.38,67.66,91.03,O,Pass
2104,429,84,72.86,27.03,10.6,3.41,36.27,44.42,58.32,B,Pass
2105,429,87,79.9,28.05,15.29,19.82,34.13,70.77,80.14,A+,Pass
2106,429,88,76.81,26.52,16.69,15.99,20.84,59.35,66.05,B+,Pass
2107,430,17,48.17,25.59,17.78,14.3,35.44,41.39,64.1,B+,Pass
2108,430,31,61.92,33.49,17.09,13.78,33.66,49.53,70.41,A,Pass
2109,430,29,53.54,24.71,19.64,7.3,25.54,31.17,51.17,B,Pass
2110,430,19,59.43,24.49,20.53,15.08,36.77,52.69,70.97,A,Pass
2111,430,28,50.43,33.77,24.89,12.31,36.66,59.91,79.29,A,Pass
2112,430,18,46.93,31.69,12.24,10.45,30.3,47.18,63.13,B+,Pass
2113,431,6,40.66,14.89,16.64,6.32,27.0,45.11,51.81,B,Pass
2114,431,7,38.74,14.27,17.69,11.16,19.84,25.47,41.59,C,Pass
2115,431,1,38.75,16.87,14.23,5.01,29.54,24.49,42.83,C,Pass
2116,431,9,38.41,25.3,17.58,12.82,28.86,38.76,58.61,B,Pass
2117,432,49,71.15,36.19,16.9,11.3,33.97,62.06,76.45,A,Pass
2118,432,57,73.02,25.4,15.85,13.13,33.39,60.66,70.61,A,Pass
2119,432,59,78.98,30.6,19.85,15.99,44.36,73.32,87.63,A+,Pass
2120,432,50,82.69,36.8,16.65,12.9,32.92,52.18,72.31,A,Pass
2121,432,53,79.42,22.49,16.28,15.17,39.42,67.59,76.59,A,Pass
2122,432,58,71.74,17.01,12.92,7.53,29.48,46.53,53.9,B,Pass
2123,433,69,51.07,25.19,16.31,2.99,28.68,31.66,49.73,C,Pass
2124,433,65,54.36,22.61,17.01,7.24,35.18,52.53,63.84,B+,Pass
2125,433,68,54.36,24.35,13.43,10.97,31.95,39.94,57.65,B,Pass
2126,433,67,49.52,27.88,15.99,9.31,30.5,46.88,62.12,B+,Pass
2127,434,38,30.73,18.25,9.95,9.51,19.57,24.41,39.04,F,Fail
2128,434,42,39.59,19.15,4.48,8.11,23.81,32.97,42.72,C,Pass
2129,434,35,30.0,13.62,13.06,7.74,28.95,37.89,48.06,C,Pass
2130,434,41,30.71,5.76,10.26,5.9,22.03,29.8,34.86,F,Fail
2131,434,34,39.52,15.71,8.98,7.71,24.89,25.85,39.81,F,Fail
2132,434,40,35.76,16.83,11.95,12.4,29.12,38.75,52.04,B,Pass
2133,435,94,88.33,33.08,17.88,15.81,39.42,72.17,84.99,A+,Pass
2134,435,85,79.5,29.54,25.0,20.0,28.98,63.27,78.78,A,Pass
2135,435,91,74.69,29.73,14.95,18.69,34.01,62.28,76.26,A,Pass
2136,435,88,72.59,29.6,22.09,12.25,35.59,54.07,72.79,A,Pass
2137,435,82,80.12,32.3,14.89,19.92,41.09,56.3,78.88,A,Pass
2138,435,87,76.74,33.15,14.5,12.16,35.75,42.49,66.16,B+,Pass
2139,436,94,66.62,33.39,20.58,13.57,34.2,54.98,74.46,A,Pass
2140,436,84,70.0,21.6,22.38,13.46,43.1,63.04,77.45,A,Pass
2141,436,81,71.38,36.88,22.19,20.0,24.42,57.24,76.24,A,Pass
2142,436,85,72.11,25.04,19.54,17.45,32.99,47.32,67.64,B+,Pass
2143,436,88,72.68,32.63,15.42,20.0,26.17,63.01,74.97,A,Pass
2144,436,82,86.99,30.34,21.02,15.62,22.73,52.84,67.41,B+,Pass
2145,437,91,85.03,31.24,22.29,14.94,34.38,55.24,74.98,A,Pass
2146,437,84,90.02,27.74,14.55,12.27,21.08,59.88,64.31,B+,Pass
2147,437,88,81.62,36.72,18.33,14.07,34.31,61.71,78.68,A,Pass
2148,437,92,79.16,36.06,24.59,12.39,50.0,69.73,91.6,O,Pass
2149,437,85,85.7,37.02,21.57,20.0,37.9,62.45,85.23,A+,Pass
2150,438,17,75.9,15.21,5.64,7.46,26.59,40.54,45.8,C,Pass
2151,438,25,70.57,28.31,25.0,14.41,31.8,49.9,70.54,A,Pass
2152,438,28,71.78,23.05,19.04,14.05,28.85,56.24,66.84,B+,Pass
2153,438,19,82.19,29.49,18.83,9.23,28.58,37.29,58.58,B,Pass
2154,439,64,100.0,35.03,18.7,17.24,42.58,64.95,85.22,A+,Pass
2155,439,62,98.8,34.14,25.0,16.2,40.33,58.81,82.77,A+,Pass
2156,439,60,97.8,37.08,25.0,18.08,45.37,75.0,95.26,O,Pass
2157,439,49,88.99,40.0,25.0,14.99,49.82,60.62,90.69,O,Pass
2158,439,61,97.64,23.37,17.06,14.47,37.38,63.28,73.96,A,Pass
2159,439,63,100.0,34.6,18.58,19.19,50.0,58.86,86.79,A+,Pass
2160,440,75,85.61,31.59,17.75,17.73,34.35,47.72,71.2,A,Pass
2161,440,78,100.0,35.46,17.03,15.44,34.56,50.0,72.87,A,Pass
2162,440,70,87.6,26.65,17.25,15.44,34.61,55.45,71.12,A,Pass
2163,440,79,91.23,26.07,19.87,13.37,24.49,50.57,63.51,B+,Pass
2164,440,72,86.13,31.4,21.96,20.0,44.84,58.48,84.19,A+,Pass
2165,440,73,89.34,26.33,23.98,20.0,30.86,55.28,73.98,A,Pass
2166,441,69,58.78,30.7,18.21,9.53,26.47,55.05,66.33,B+,Pass
2167,441,70,62.57,27.44,15.27,10.97,23.18,56.8,63.41,B+,Pass
2168,441,65,61.64,26.77,17.27,12.12,35.53,62.7,73.37,A,Pass
2169,441,71,69.9,25.77,16.21,18.24,39.92,52.75,73.07,A,Pass
2170,441,67,67.38,23.99,12.02,14.88,25.91,62.14,66.2,B+,Pass
2171,441,74,63.02,24.63,15.63,5.55,43.04,54.95,68.5,B+,Pass
2172,442,22,81.86,40.0,21.51,17.76,50.0,75.0,97.48,O,Pass
2173,442,25,88.92,29.97,23.39,16.5,44.63,60.16,82.97,A+,Pass
2174,442,28,77.56,30.78,19.93,9.16,34.77,54.18,70.61,A,Pass
2175,442,29,81.9,36.83,22.27,19.68,38.85,59.09,84.17,A+,Pass
2176,442,31,79.75,34.04,24.39,15.07,43.13,61.04,84.37,A+,Pass
2177,442,17,85.26,38.96,22.5,16.81,45.5,61.03,88.12,A+,Pass
2178,443,78,55.5,20.45,10.4,10.41,27.5,47.15,55.35,B,Pass
2179,443,66,66.27,28.61,23.39,9.48,37.28,37.43,64.51,B+,Pass
2180,443,74,61.13,28.03,18.67,12.83,32.42,55.67,70.09,A,Pass
2181,443,76,60.86,20.93,12.35,8.97,27.96,48.04,56.28,B,Pass
2182,443,73,64.81,35.53,17.73,14.2,39.07,60.85,79.89,A,Pass
2183,443,77,65.14,22.01,11.6,15.24,31.69,43.94,59.61,B,Pass
2184,444,90,75.29,33.6,16.0,13.21,33.27,68.59,78.45,A,Pass
2185,444,81,73.2,25.49,20.16,10.8,35.78,42.43,63.9,B+,Pass
2186,444,83,75.92,28.73,13.72,10.54,32.75,44.59,62.3,B+,Pass
2187,444,89,65.94,23.94,17.34,15.24,33.75,51.86,67.6,B+,Pass
2188,445,106,92.29,34.57,22.6,19.82,41.86,63.17,86.64,A+,Pass
2189,445,108,100.0,36.37,20.83,20.0,43.82,63.25,87.94,A+,Pass
2190,445,102,98.91,40.0,25.0,18.52,50.0,63.36,93.83,O,Pass
2191,445,101,97.88,40.0,21.51,20.0,34.41,60.63,84.1,A+,Pass
2192,445,104,89.47,34.41,25.0,20.0,48.73,64.52,91.68,O,Pass
2193,445,107,95.51,30.45,25.0,12.65,42.92,63.89,82.83,A+,Pass
2194,446,34,80.75,34.13,22.3,13.67,42.4,73.85,88.48,A+,Pass
2195,446,35,86.75,32.07,23.74,18.19,48.06,75.0,93.65,O,Pass
2196,446,39,75.4,37.94,21.9,18.87,45.39,57.09,86.5,A+,Pass
2197,446,37,81.09,28.74,19.01,19.17,37.7,67.35,81.84,A+,Pass
2198,446,36,78.57,29.21,22.06,14.29,44.09,60.17,80.7,A+,Pass
2199,447,97,56.64,24.56,15.32,7.65,26.77,36.98,52.87,B,Pass
2200,447,101,59.38,21.18,15.94,13.39,28.48,49.07,60.8,B+,Pass
2201,447,98,49.37,30.6,20.35,14.03,30.18,36.73,62.68,B+,Pass
2202,447,100,57.76,15.95,11.41,10.38,28.23,33.78,47.61,C,Pass
2203,448,93,31.68,10.8,12.72,7.67,21.99,41.96,44.9,C,Pass
2204,448,84,30.35,17.34,17.55,6.62,30.35,30.22,48.27,C,Pass
2205,448,96,36.99,15.51,15.76,12.44,32.27,46.1,57.93,B,Pass
2206,448,89,30.85,24.56,7.78,9.6,28.5,28.33,47.66,C,Pass
2207,448,94,30.0,18.2,6.48,7.57,28.14,32.91,44.91,C,Pass
2208,448,90,32.57,18.14,12.79,13.76,25.31,50.32,57.2,B,Pass
2209,449,97,75.65,32.95,12.1,10.06,28.46,60.33,68.73,B+,Pass
2210,449,104,66.94,35.03,22.88,16.36,50.0,42.57,79.71,A,Pass
2211,449,108,73.98,19.18,17.7,7.04,32.91,44.79,57.55,B,Pass
2212,449,103,69.28,40.0,23.93,14.33,37.09,69.1,87.53,A+,Pass
2213,449,106,72.58,36.75,20.94,12.21,33.46,56.79,76.09,A,Pass
2214,449,107,76.82,33.17,23.29,13.56,48.3,60.49,85.06,A+,Pass
2215,450,83,35.37,16.28,11.87,5.92,15.49,29.56,37.39,F,Fail
2216,450,84,55.12,30.35,18.42,17.33,27.73,47.64,67.3,B+,Pass
2217,450,81,44.28,16.78,8.15,13.98,27.87,33.56,48.24,C,Pass
2218,450,87,43.49,21.01,11.26,7.08,27.03,41.07,51.23,B,Pass
2219,451,19,43.34,11.46,6.47,2.15,16.73,30.33,31.91,F,Fail
2220,451,21,40.23,12.38,5.86,4.88,19.78,23.16,31.68,F,Fail
2221,451,18,41.1,15.1,12.82,7.19,21.44,45.8,48.37,C,Pass
2222,451,20,52.45,15.24,6.9,6.32,21.63,42.05,43.98,C,Pass
2223,452,37,77.23,27.19,25.0,19.45,42.34,63.12,83.95,A+,Pass
2224,452,35,75.78,31.29,18.78,16.3,37.4,63.31,79.56,A,Pass
2225,452,33,68.67,36.82,21.23,14.69,44.32,65.5,86.97,A+,Pass
2226,452,34,64.31,38.12,25.0,17.74,49.82,71.42,96.17,O,Pass
2227,453,83,43.09,24.94,13.38,12.18,27.38,36.94,54.84,B,Pass
2228,453,91,56.81,21.06,12.74,7.69,24.58,46.5,53.46,B,Pass
2229,453,81,55.43,23.26,13.97,9.4,27.63,35.64,52.36,B,Pass
2230,453,85,48.66,22.55,13.88,13.63,26.04,51.27,60.59,B+,Pass
2231,453,92,52.05,18.64,11.03,14.45,29.06,39.99,54.15,B,Pass
2232,454,19,70.19,33.15,15.59,16.71,27.54,64.17,74.89,A,Pass
2233,454,21,72.23,24.42,15.93,13.39,39.93,50.33,68.73,B+,Pass
2234,454,20,71.63,32.89,14.01,13.52,25.73,34.47,57.76,B,Pass
2235,454,17,78.42,24.75,22.33,11.26,27.41,54.6,66.12,B+,Pass
2236,455,37,30.0,23.21,13.86,13.57,31.93,48.92,62.73,B+,Pass
2237,455,41,37.42,16.85,15.15,18.45,19.25,38.88,51.48,B,Pass
2238,455,42,40.15,19.64,13.66,10.79,25.52,45.06,54.47,B,Pass
2239,455,39,32.41,22.25,11.49,9.63,29.52,44.62,56.12,B,Pass
2240,455,44,39.3,22.54,15.74,11.51,24.89,49.78,58.99,B,Pass
2241,455,36,30.0,21.81,13.09,6.89,28.75,35.76,50.65,B,Pass
2242,456,37,98.56,39.07,17.28,18.0,29.39,58.42,77.41,A,Pass
2243,456,34,94.45,27.6,15.36,14.36,38.76,45.18,67.59,B+,Pass
2244,456,42,90.66,37.13,25.0,16.28,50.0,65.38,92.21,O,Pass
2245,456,45,93.89,38.81,22.75,16.57,50.0,63.67,91.51,O,Pass
2246,456,39,99.01,29.53,14.03,12.78,27.66,50.05,63.96,B+,Pass
2247,457,3,83.18,35.09,21.44,15.76,38.38,51.81,77.37,A,Pass
2248,457,14,75.14,26.58,20.08,13.33,32.57,56.99,70.87,A,Pass
2249,457,10,79.18,30.35,20.55,18.25,38.65,47.42,73.97,A,Pass
2250,457,15,78.22,25.05,19.74,16.2,39.35,46.18,69.75,B+,Pass
2251,458,59,56.61,26.94,17.09,13.3,22.67,50.01,61.63,B+,Pass
2252,458,54,54.55,19.47,13.86,11.13,30.46,37.63,53.63,B,Pass
2253,458,62,45.74,33.69,14.5,7.38,32.66,46.51,64.37,B+,Pass
2254,458,63,59.04,25.49,15.36,8.12,25.31,38.17,53.41,B,Pass
2255,458,55,53.67,21.3,12.75,10.36,19.39,32.19,45.64,C,Pass
2256,459,99,30.0,13.99,12.3,9.99,19.32,23.41,37.49,F,Fail
2257,459,101,30.0,12.15,10.5,2.0,18.95,30.81,35.13,F,Fail
2258,459,97,32.04,16.6,8.65,11.73,16.32,32.89,41.14,C,Pass
2259,459,100,32.84,27.21,13.92,14.19,19.78,39.31,54.5,B,Pass
2260,460,84,77.63,19.64,13.65,10.98,14.11,46.18,49.37,C,Pass
2261,460,89,87.68,30.81,12.89,17.89,38.09,61.15,77.08,A,Pass
2262,460,94,83.1,25.38,14.64,13.96,35.26,47.1,65.14,B+,Pass
2263,460,82,76.21,31.16,13.63,14.59,28.61,51.97,66.89,B+,Pass
2264,460,87,85.88,31.35,21.12,14.83,44.16,57.72,80.55,A+,Pass
2265,461,10,69.95,27.85,17.03,14.03,38.46,42.86,66.99,B+,Pass
2266,461,2,72.36,30.78,17.3,15.86,28.16,47.96,66.7,B+,Pass
2267,461,3,66.84,33.93,21.94,8.42,27.37,56.12,69.83,B+,Pass
2268,461,1,70.56,32.36,24.72,15.19,42.08,52.94,79.41,A,Pass
2269,462,85,72.05,28.22,19.94,16.74,32.1,64.64,76.67,A,Pass
2270,462,94,77.64,30.29,19.81,12.92,35.23,59.3,74.82,A,Pass
2271,462,93,67.81,31.6,20.59,19.57,43.65,55.64,81.61,A+,Pass
2272,462,83,72.19,27.89,20.22,17.97,42.75,51.38,76.38,A,Pass
2273,462,89,71.23,22.36,15.16,14.8,38.56,57.86,70.92,A,Pass
2274,463,65,64.83,40.0,16.68,14.84,47.89,71.95,91.62,O,Pass
2275,463,67,72.1,32.88,14.25,19.3,36.06,56.07,75.99,A,Pass
2276,463,68,75.3,34.03,23.8,19.82,38.98,62.95,85.31,A+,Pass
2277,463,69,65.22,32.69,18.79,17.22,47.92,66.72,87.56,A+,Pass
2278,464,37,74.02,23.15,17.79,17.55,40.47,49.06,70.6,A,Pass
2279,464,36,85.46,25.66,19.33,16.61,38.61,62.98,77.57,A,Pass
2280,464,38,73.64,29.66,11.68,15.72,35.32,54.66,70.53,A,Pass
2281,464,33,81.22,25.12,17.35,14.87,31.86,55.52,68.78,B+,Pass
2282,464,34,80.01,34.89,13.64,13.72,26.11,45.19,63.91,B+,Pass
2283,465,17,92.97,32.17,20.64,14.62,34.45,58.37,76.12,A,Pass
2284,465,25,86.53,32.93,21.15,20.0,48.63,75.0,94.24,O,Pass
2285,465,26,91.61,39.98,21.11,20.0,44.46,71.84,94.19,O,Pass
2286,465,24,87.75,31.18,20.72,18.28,38.87,61.99,81.38,A+,Pass
2287,465,19,95.99,39.37,25.0,14.9,50.0,56.48,88.49,A+,Pass
2288,465,21,86.06,37.39,16.81,11.84,38.37,56.18,76.75,A,Pass
2289,466,107,79.09,35.36,17.93,14.86,45.02,46.64,76.56,A,Pass
2290,466,98,73.79,30.78,20.28,20.0,32.25,51.67,73.74,A,Pass
2291,466,97,72.49,24.47,17.29,11.86,35.37,44.01,63.31,B+,Pass
2292,466,102,77.75,40.0,25.0,15.97,44.79,65.86,91.12,O,Pass
2293,467,67,42.26,14.24,10.86,9.59,15.9,20.65,33.85,F,Fail
2294,467,69,41.93,20.63,8.38,10.31,22.55,23.83,41.22,C,Pass
2295,467,70,42.27,11.51,12.59,10.98,24.87,31.78,43.55,C,Pass
2296,467,68,43.97,11.86,3.82,10.1,19.59,36.3,39.24,F,Fail
2297,467,65,45.18,17.64,12.11,9.54,25.63,29.83,45.17,C,Pass
2298,467,66,30.0,14.72,13.76,4.32,15.91,38.8,41.08,C,Pass
2299,468,21,43.53,26.83,10.47,12.63,25.23,47.64,58.77,B,Pass
2300,468,25,46.94,21.66,12.41,11.45,26.08,39.45,52.97,B,Pass
2301,468,27,45.7,28.13,15.01,11.98,28.88,32.68,55.75,B,Pass
2302,468,17,33.52,25.71,17.28,14.32,33.22,36.48,60.57,B+,Pass
2303,469,77,59.9,25.61,13.16,19.07,24.91,64.57,70.19,A,Pass
2304,469,68,61.82,23.72,11.59,15.17,31.49,42.4,59.62,B,Pass
2305,469,72,56.64,16.35,10.54,12.3,29.45,46.05,54.76,B,Pass
2306,469,79,51.72,16.64,11.25,13.09,23.54,49.28,54.13,B,Pass
2307,469,76,63.26,18.16,11.64,8.93,28.3,40.68,51.34,B,Pass
2308,470,33,62.33,24.55,23.54,16.61,29.57,62.74,74.06,A,Pass
2309,470,39,55.87,32.59,19.37,14.87,40.57,55.19,77.52,A,Pass
2310,470,36,54.56,17.41,18.94,12.1,28.8,40.64,55.7,B,Pass
2311,470,37,54.06,27.87,19.86,13.74,27.13,41.81,61.82,B+,Pass
2312,470,40,60.75,27.77,16.1,12.05,34.15,40.69,62.41,B+,Pass
2313,471,76,43.56,16.84,13.16,16.2,28.84,32.94,51.58,B,Pass
2314,471,69,42.61,19.91,16.76,10.81,31.34,26.61,50.15,B,Pass
2315,471,73,42.04,22.93,12.79,10.53,30.95,55.72,63.32,B+,Pass
2316,471,67,49.91,24.95,20.26,10.15,31.53,53.25,66.27,B+,Pass
2317,471,66,44.15,24.84,10.86,12.49,28.29,45.44,58.35,B,Pass
2318,472,97,77.12,22.03,17.19,9.33,35.65,42.76,60.34,B+,Pass
2319,472,99,86.81,32.97,24.51,18.64,32.8,59.72,79.87,A,Pass
2320,472,103,80.26,32.42,20.29,15.75,39.19,48.41,74.39,A,Pass
2321,472,100,70.01,27.66,16.72,12.71,30.91,55.62,68.28,B+,Pass
2322,472,102,75.17,23.79,17.45,17.99,41.71,55.99,74.86,A,Pass
2323,473,50,77.48,28.2,22.09,16.11,47.81,61.53,83.61,A+,Pass
2324,473,60,71.71,29.98,20.1,16.57,37.22,54.3,75.27,A,Pass
2325,473,51,80.47,28.79,19.37,16.05,37.82,50.9,72.83,A,Pass
2326,473,56,80.41,36.93,22.68,18.98,41.74,59.0,85.43,A+,Pass
2327,473,53,80.93,36.0,25.0,20.0,46.28,75.0,96.14,O,Pass
2328,474,99,60.4,37.89,19.28,20.0,27.95,50.56,74.22,A,Pass
2329,474,103,62.97,22.65,18.57,20.0,38.8,59.88,76.1,A,Pass
2330,474,101,63.72,27.87,20.76,17.05,36.23,51.51,72.92,A,Pass
2331,474,100,53.93,25.35,18.21,16.29,26.43,35.9,58.07,B,Pass
2332,475,67,33.04,23.41,17.81,13.84,27.21,38.43,57.29,B,Pass
2333,475,72,40.36,24.49,23.07,16.57,29.57,50.69,68.2,B+,Pass
2334,475,71,44.84,22.33,17.66,12.47,31.75,44.4,61.06,B+,Pass
2335,475,77,39.67,22.2,14.87,15.68,21.78,31.79,50.61,B,Pass
2336,476,35,80.56,36.24,9.39,14.26,27.6,45.34,63.97,B+,Pass
2337,476,34,86.79,23.64,14.93,13.46,35.8,58.67,69.8,B+,Pass
2338,476,45,76.94,26.62,19.24,11.89,35.74,50.23,68.26,B+,Pass
2339,476,36,83.6,20.34,13.92,7.15,29.17,48.3,56.44,B,Pass
2340,476,40,66.71,22.97,14.77,11.31,38.18,47.94,64.51,B+,Pass
2341,476,33,77.46,29.02,15.96,10.88,46.33,49.69,72.69,A,Pass
2342,477,67,84.8,22.45,23.38,20.0,27.39,54.43,69.67,B+,Pass
2343,477,65,88.17,31.28,17.14,14.47,30.43,50.68,68.6,B+,Pass
2344,477,69,83.68,39.9,19.79,16.47,31.97,75.0,87.09,A+,Pass
2345,477,68,90.19,29.14,17.08,10.87,31.32,47.51,64.67,B+,Pass
2346,478,65,35.65,22.34,6.13,4.74,13.06,20.97,32.31,F,Fail
2347,478,74,39.02,18.06,12.29,10.13,31.13,33.68,50.3,B,Pass
2348,478,70,37.64,20.58,11.99,12.24,20.46,35.71,48.1,C,Pass
2349,478,72,32.19,17.26,13.39,5.72,26.08,31.21,44.45,C,Pass
2350,478,69,32.17,19.6,6.65,13.56,21.0,20.04,39.09,F,Fail
2351,478,67,39.6,9.71,11.61,3.91,21.88,40.79,41.43,C,Pass
2352,479,21,51.9,33.15,18.11,18.49,42.6,51.76,78.51,A,Pass
2353,479,20,63.56,26.65,14.94,9.56,32.18,37.96,57.89,B,Pass
2354,479,19,64.57,23.2,15.26,11.17,37.84,49.17,65.16,B+,Pass
2355,479,17,62.26,21.74,14.12,8.25,33.52,36.68,54.52,B,Pass
2356,480,36,53.08,28.64,15.2,13.67,33.32,48.47,66.51,B+,Pass
2357,480,38,42.37,24.83,14.04,10.77,26.13,47.8,58.79,B,Pass
2358,480,35,49.67,25.93,20.74,12.91,36.73,46.46,67.76,B+,Pass
2359,480,37,48.56,26.89,24.46,19.56,33.09,60.89,77.97,A,Pass
2360,481,35,35.52,18.98,11.85,12.23,22.9,43.25,51.97,B,Pass
2361,481,36,40.23,8.38,5.15,4.28,23.19,22.2,30.35,F,Fail
2362,481,34,30.0,19.67,13.81,14.13,35.59,40.99,59.35,B,Pass
2363,481,38,30.0,29.14,14.02,9.62,28.8,36.48,56.42,B,Pass
2364,481,33,37.53,19.31,10.29,6.57,18.28,30.25,40.31,C,Pass
2365,482,68,62.65,32.16,21.79,17.73,43.29,51.72,79.45,A,Pass
2366,482,67,56.22,29.11,18.38,9.0,34.0,57.67,70.32,A,Pass
2367,482,65,61.86,29.65,12.7,13.63,39.19,44.99,67.31,B+,Pass
2368,482,69,60.43,27.02,18.25,13.13,31.81,52.06,67.58,B+,Pass
2369,483,21,67.72,29.25,19.44,11.69,36.54,48.84,69.31,B+,Pass
2370,483,25,60.01,26.45,17.17,17.08,23.9,47.65,62.81,B+,Pass
2371,483,26,62.42,28.72,25.0,20.0,38.59,50.23,77.1,A,Pass
2372,483,23,55.81,30.97,20.04,17.49,37.84,54.89,76.78,A,Pass
2373,483,20,55.34,19.16,17.23,16.03,39.18,55.82,70.13,A,Pass
2374,483,22,70.75,25.24,15.12,16.66,42.5,65.32,78.74,A,Pass
2375,484,85,72.94,31.32,22.4,20.0,46.06,55.53,83.56,A+,Pass
2376,484,95,72.84,35.97,25.0,19.85,50.0,66.06,93.74,O,Pass
2377,484,82,72.25,33.4,20.35,14.18,31.3,61.99,76.51,A,Pass
2378,484,86,73.31,37.69,21.61,18.17,41.01,49.31,80.09,A+,Pass
2379,485,67,62.98,29.92,21.75,18.1,34.42,54.13,75.18,A,Pass
2380,485,71,61.28,24.79,13.16,7.36,28.56,31.16,50.16,B,Pass
2381,485,66,61.25,34.38,16.16,13.42,39.66,64.94,80.5,A+,Pass
2382,485,72,57.41,29.92,13.25,16.92,37.79,43.36,67.85,B+,Pass
2383,485,68,58.99,27.07,17.33,7.43,34.08,46.61,62.98,B+,Pass
2384,486,23,86.27,32.37,20.23,18.98,29.02,60.95,76.72,A,Pass
2385,486,24,77.5,36.03,18.05,19.48,35.29,70.72,85.62,A+,Pass
2386,486,20,69.0,36.47,19.61,16.27,42.64,57.31,82.28,A+,Pass
2387,486,29,67.76,33.13,18.44,17.67,32.97,46.44,70.93,A,Pass
2388,486,19,65.53,30.84,22.4,20.0,41.9,51.68,79.45,A,Pass
2389,486,28,70.88,30.0,14.26,10.85,33.34,55.22,68.57,B+,Pass
2390,487,109,85.91,36.67,20.63,9.11,46.29,52.84,78.95,A,Pass
2391,487,104,81.29,31.03,23.7,16.63,40.6,53.0,78.35,A,Pass
2392,487,98,83.3,31.5,17.82,16.13,33.9,58.94,75.4,A,Pass
2393,487,100,85.37,33.91,22.56,20.0,34.42,62.33,82.28,A+,Pass
2394,487,105,89.44,29.3,19.76,14.05,39.66,50.07,72.77,A,Pass
2395,488,33,67.67,25.22,22.5,15.02,40.58,57.63,76.31,A,Pass
2396,488,35,74.53,27.0,19.46,16.34,43.85,55.39,77.22,A,Pass
2397,488,36,74.8,24.77,15.65,12.5,33.73,60.7,70.09,A,Pass
2398,488,41,65.93,39.54,24.09,17.9,28.97,53.86,77.97,A,Pass
2399,489,80,61.23,31.67,19.78,11.57,39.89,46.34,71.1,A,Pass
2400,489,76,59.06,27.35,8.07,15.02,39.12,36.33,60.93,B+,Pass
2401,489,68,54.8,25.41,19.56,13.12,26.22,42.12,59.86,B,Pass
2402,489,73,46.39,20.36,16.06,12.03,28.92,40.57,56.01,B,Pass
2403,489,72,58.44,27.91,16.17,8.78,28.16,48.73,61.64,B+,Pass
2404,490,67,70.29,22.41,16.34,17.83,35.5,48.59,67.08,B+,Pass
2405,490,68,77.77,29.91,20.04,13.34,40.74,63.49,79.64,A,Pass
2406,490,69,69.9,30.01,13.49,16.39,22.53,40.03,58.54,B,Pass
2407,490,65,73.41,35.85,18.85,17.4,32.01,57.37,76.95,A,Pass
2408,491,95,87.32,30.77,14.44,11.75,40.18,49.54,70.25,A,Pass
2409,491,83,83.92,29.0,14.88,12.53,32.09,49.03,65.64,B+,Pass
2410,491,90,84.81,38.62,22.39,15.8,50.0,64.06,91.06,O,Pass
2411,491,81,96.19,30.7,15.17,17.39,41.15,51.14,74.56,A,Pass
2412,491,84,79.81,32.69,21.08,13.01,43.58,43.56,73.4,A,Pass
2413,491,87,80.51,29.55,17.66,19.07,36.77,58.15,76.89,A,Pass
2414,492,102,65.31,20.46,16.01,9.24,23.96,36.97,50.49,B,Pass
2415,492,103,56.49,26.33,20.37,16.86,21.9,35.66,57.34,B,Pass
2416,492,104,57.76,26.86,10.05,11.75,34.87,34.6,56.91,B,Pass
2417,492,107,62.45,25.14,12.13,6.82,15.62,52.11,52.95,B,Pass
2418,492,108,62.98,25.17,17.08,15.38,21.2,34.56,53.83,B,Pass
2419,493,100,100.0,38.03,23.34,15.93,40.5,56.24,82.81,A+,Pass
2420,493,99,100.0,40.0,23.47,20.0,41.35,64.5,90.16,O,Pass
2421,493,97,97.89,32.75,23.01,20.0,44.25,58.85,85.17,A+,Pass
2422,493,101,100.0,29.51,25.0,14.89,45.2,59.66,82.64,A+,Pass
2423,493,102,97.77,20.82,17.24,16.61,39.51,42.69,65.29,B+,Pass
2424,494,70,59.39,32.69,20.57,14.69,38.81,57.92,78.35,A,Pass
2425,494,68,68.52,27.64,13.26,15.56,37.28,56.81,72.06,A,Pass
2426,494,67,66.0,23.66,15.67,8.65,18.5,32.79,46.98,C,Pass
2427,494,69,70.53,30.67,13.5,13.47,35.23,50.75,68.77,B+,Pass
2428,494,65,56.65,19.56,12.96,8.82,32.03,48.87,58.19,B,Pass
2429,495,58,92.13,34.81,20.88,15.26,32.28,58.9,77.01,A,Pass
2430,495,55,86.44,33.7,17.06,9.64,37.02,53.82,72.11,A,Pass
2431,495,51,92.28,28.07,18.83,19.05,43.24,55.1,78.43,A,Pass
2432,495,61,93.06,32.59,24.91,14.18,42.57,48.78,77.4,A,Pass
2433,495,56,89.29,31.75,19.9,9.89,32.25,65.25,75.35,A,Pass
2434,496,28,89.09,40.0,25.0,17.38,47.4,68.49,94.35,O,Pass
2435,496,27,97.34,34.46,25.0,20.0,46.64,60.66,88.86,A+,Pass
2436,496,21,94.49,35.34,25.0,18.74,50.0,75.0,97.04,O,Pass
2437,496,23,90.5,32.68,17.29,18.43,35.51,75.0,85.23,A+,Pass
2438,497,103,69.12,35.85,23.92,19.41,42.39,63.72,88.13,A+,Pass
2439,497,111,70.24,30.06,15.44,20.0,43.73,50.73,76.75,A,Pass
2440,497,105,69.39,27.51,20.25,20.0,35.84,59.62,77.59,A,Pass
2441,497,97,77.41,32.96,24.75,18.75,41.23,65.24,86.81,A+,Pass
2442,498,50,65.04,30.1,22.93,14.47,34.02,45.04,69.48,B+,Pass
2443,498,59,61.4,27.44,23.77,12.69,33.66,55.33,72.22,A,Pass
2444,498,54,74.31,27.39,21.98,16.32,36.25,49.0,71.64,A,Pass
2445,498,60,66.88,31.93,25.0,10.56,48.66,74.71,90.44,O,Pass
2446,498,57,64.16,24.35,20.59,12.33,34.6,56.88,70.42,A,Pass
2447,499,72,45.07,17.39,8.5,3.02,14.39,32.9,36.16,F,Fail
2448,499,70,40.47,11.05,7.27,3.75,19.65,20.66,29.77,F,Fail
2449,499,65,45.24,20.09,11.86,11.85,13.85,31.48,42.33,C,Pass
2450,499,66,50.74,17.29,13.72,13.89,23.78,32.52,48.14,C,Pass
2451,499,77,32.42,15.12,6.25,10.49,13.85,36.53,39.28,F,Fail
2452,499,71,44.62,19.28,15.48,10.37,24.24,37.93,50.83,B,Pass
2453,500,53,75.68,33.02,20.89,16.97,39.2,57.28,79.69,A,Pass
2454,500,56,68.26,27.38,23.41,10.09,31.13,41.16,62.87,B+,Pass
2455,500,50,78.84,27.51,19.88,6.84,34.46,62.0,71.29,A,Pass
2456,500,52,74.74,30.81,25.0,14.92,43.54,53.13,79.43,A,Pass
2457,501,33,38.12,20.33,10.32,10.44,19.69,44.88,50.3,B,Pass
2458,501,38,35.47,20.09,11.63,10.02,30.96,45.98,56.64,B,Pass
2459,501,36,30.0,27.71,16.67,17.62,26.43,41.84,62.07,B+,Pass
2460,501,34,30.0,9.64,13.74,6.54,19.12,43.29,43.35,C,Pass
2461,501,40,35.88,11.94,6.81,8.43,13.7,43.48,40.05,C,Pass
2462,502,2,56.79,32.36,16.6,17.0,34.51,46.35,70.21,A,Pass
2463,502,4,74.57,29.33,20.47,15.21,29.21,63.97,74.92,A,Pass
2464,502,8,57.55,28.11,18.19,17.19,33.35,72.88,80.61,A+,Pass
2465,502,1,67.16,20.33,17.23,15.05,28.95,61.99,67.99,B+,Pass
2466,502,3,62.51,33.76,18.23,19.67,44.01,60.15,84.09,A+,Pass
2467,503,5,63.78,17.4,11.46,10.53,27.71,30.13,46.47,C,Pass
2468,503,3,58.26,36.82,18.37,13.57,29.73,42.32,67.16,B+,Pass
2469,503,4,48.35,28.53,14.44,16.1,32.59,49.12,67.31,B+,Pass
2470,503,1,58.17,24.76,8.53,15.1,32.97,37.77,57.45,B,Pass
2471,504,107,95.49,40.0,21.54,15.85,37.47,60.64,83.58,A+,Pass
2472,504,99,100.0,34.03,12.58,15.8,37.02,55.54,74.38,A,Pass
2473,504,102,94.69,35.27,24.98,12.78,43.79,67.43,87.38,A+,Pass
2474,504,97,100.0,33.51,20.17,15.3,46.78,58.73,83.27,A+,Pass
2475,505,51,43.29,18.84,8.5,4.61,24.47,36.89,44.58,C,Pass
2476,505,49,45.45,21.13,10.07,4.86,31.2,46.92,54.52,B,Pass
2477,505,53,52.92,21.7,13.26,15.61,18.53,37.78,50.86,B,Pass
2478,505,52,43.72,17.75,11.05,5.48,23.22,29.69,41.5,C,Pass
2479,506,77,33.08,19.07,7.46,2.16,20.1,27.89,36.67,F,Fail
2480,506,73,32.9,11.58,10.77,13.75,18.63,30.42,40.48,C,Pass
2481,506,69,30.0,15.32,13.35,8.01,22.89,33.4,44.04,C,Pass
2482,506,70,30.0,22.45,14.49,10.38,19.16,35.79,48.49,C,Pass
2483,506,65,30.0,20.66,16.36,10.93,18.29,54.64,56.98,B,Pass
2484,507,94,50.95,24.63,18.17,19.12,30.87,59.42,72.31,A,Pass
2485,507,96,61.35,32.04,21.14,20.0,44.44,58.72,84.1,A+,Pass
2486,507,88,65.65,26.25,14.42,14.27,21.21,52.51,61.13,B+,Pass
2487,507,85,58.22,34.52,20.04,17.05,40.85,62.79,83.53,A+,Pass
2488,508,82,87.14,30.24,19.24,9.13,20.43,56.88,64.14,B+,Pass
2489,508,83,78.33,29.85,13.31,12.67,32.23,52.76,67.32,B+,Pass
2490,508,88,82.31,25.92,16.03,14.61,31.26,44.62,63.13,B+,Pass
2491,508,86,77.23,28.35,22.51,12.88,38.39,57.44,75.62,A,Pass
2492,509,49,63.9,17.59,12.8,7.63,10.71,20.41,32.61,F,Fail
2493,509,58,67.57,12.29,15.16,7.59,21.83,47.7,49.18,C,Pass
2494,509,59,55.68,25.14,18.23,10.51,39.58,37.14,62.24,B+,Pass
2495,509,60,71.22,14.56,8.22,7.16,17.95,41.66,42.57,C,Pass
2496,509,51,56.55,21.47,11.32,10.91,23.3,41.24,51.61,B,Pass
2497,509,54,71.82,28.1,15.08,10.54,27.42,44.79,59.96,B,Pass
2498,510,25,69.43,20.15,19.02,9.94,25.42,44.1,55.94,B,Pass
2499,510,24,82.28,27.74,12.85,10.09,19.04,45.03,54.59,B,Pass
2500,510,23,71.65,14.96,14.13,16.26,28.64,37.59,53.13,B,Pass
2501,510,22,70.89,33.63,14.49,8.6,30.81,47.58,64.52,B+,Pass
2502,510,17,74.99,34.32,14.72,10.99,23.29,53.41,65.11,B+,Pass
2503,510,20,75.67,20.47,19.14,6.67,33.04,48.72,60.48,B+,Pass
2504,511,100,51.6,32.48,16.35,16.03,28.34,50.37,68.47,B+,Pass
2505,511,101,51.71,19.12,4.86,8.51,31.61,32.88,46.91,C,Pass
2506,511,99,46.16,19.7,9.04,12.79,27.52,38.19,51.44,B,Pass
2507,511,105,49.52,19.99,16.47,14.02,32.13,40.06,58.36,B,Pass
2508,512,65,92.12,26.79,15.57,10.36,35.61,53.62,67.63,B+,Pass
2509,512,69,100.0,36.89,21.32,20.0,40.57,59.69,85.11,A+,Pass
2510,512,68,89.69,32.54,20.82,15.12,45.09,62.24,83.75,A+,Pass
2511,512,67,98.04,29.55,13.1,16.99,42.48,55.77,75.78,A,Pass
2512,513,30,92.09,35.41,17.68,16.73,43.8,53.77,80.14,A+,Pass
2513,513,29,92.42,26.91,19.31,11.32,40.79,39.15,65.51,B+,Pass
2514,513,21,93.24,37.12,15.38,17.03,37.33,67.72,83.5,A+,Pass
2515,513,24,96.52,25.6,18.62,13.21,33.45,38.73,61.66,B+,Pass
2516,514,76,72.78,30.65,21.26,15.45,41.86,60.61,80.77,A+,Pass
2517,514,73,75.87,35.0,18.92,19.52,50.0,59.49,87.59,A+,Pass
2518,514,74,73.2,27.52,19.87,13.92,31.9,50.25,68.07,B+,Pass
2519,514,65,75.56,40.0,21.44,14.07,43.12,75.0,92.17,O,Pass
2520,514,70,66.29,25.19,19.61,9.87,33.29,48.19,64.51,B+,Pass
2521,515,84,64.41,35.13,25.0,20.0,47.25,74.28,95.85,O,Pass
2522,515,81,78.56,22.82,17.24,10.91,33.8,48.46,63.28,B+,Pass
2523,515,83,82.74,37.55,20.88,20.0,32.68,56.54,79.85,A,Pass
2524,515,85,69.03,27.23,20.92,14.95,36.1,64.45,77.59,A,Pass
2525,516,38,61.11,24.63,25.0,18.18,39.82,62.79,80.62,A+,Pass
2526,516,33,57.44,30.35,13.02,7.95,26.35,31.38,52.18,B,Pass
2527,516,40,58.33,25.3,20.24,18.68,41.89,47.04,72.98,A,Pass
2528,516,42,49.92,27.4,16.69,13.75,28.16,32.39,56.44,B,Pass
2529,517,54,64.06,25.37,19.43,15.78,41.94,53.3,74.19,A,Pass
2530,517,51,64.38,27.38,13.11,14.04,39.22,46.27,67.16,B+,Pass
2531,517,57,64.51,32.09,17.35,14.53,33.88,47.19,69.21,B+,Pass
2532,517,50,63.43,26.69,16.01,16.78,35.71,55.29,71.8,A,Pass
2533,517,58,72.76,23.67,15.29,13.74,28.22,35.16,55.34,B,Pass
2534,517,56,61.02,28.4,19.48,14.9,39.27,57.28,75.81,A,Pass
2535,518,21,89.3,33.73,22.93,20.0,50.0,68.79,93.14,O,Pass
2536,518,18,78.53,39.5,21.17,17.96,45.1,70.54,92.67,O,Pass
2537,518,20,84.29,28.07,22.57,20.0,36.95,59.35,79.23,A,Pass
2538,518,17,79.06,30.66,25.0,19.77,36.67,72.09,87.2,A+,Pass
2539,518,24,74.7,35.92,20.08,17.62,50.0,54.44,85.21,A+,Pass
2540,519,20,49.0,25.21,15.13,9.9,25.42,38.09,54.1,B,Pass
2541,519,23,57.49,23.71,13.33,14.64,29.67,35.87,56.08,B,Pass
2542,519,19,56.8,20.92,12.16,15.47,28.53,46.78,59.16,B,Pass
2543,519,22,54.55,16.21,10.41,5.27,20.56,23.86,36.32,F,Fail
2544,520,44,47.36,17.94,13.35,9.18,21.65,32.15,44.73,C,Pass
2545,520,40,39.1,17.88,11.61,8.58,21.43,21.68,38.71,F,Fail
2546,520,46,33.31,26.11,18.7,15.41,33.81,45.51,66.38,B+,Pass
2547,520,37,33.99,18.44,9.32,7.3,26.66,34.64,46.09,C,Pass
2548,520,36,55.91,17.38,13.97,11.14,21.6,31.74,45.46,C,Pass
2549,521,33,58.57,21.42,14.7,11.79,28.55,38.45,54.7,B,Pass
2550,521,42,68.67,19.67,15.95,10.79,35.28,46.06,60.74,B+,Pass
2551,521,46,63.51,20.75,18.68,12.24,32.02,40.08,58.69,B,Pass
2552,521,48,65.1,24.3,9.59,10.84,29.17,39.94,54.63,B,Pass
2553,521,35,60.6,13.87,10.29,14.11,27.18,44.39,52.41,B,Pass
2554,522,44,81.82,28.93,21.11,18.52,34.27,45.1,70.35,A,Pass
2555,522,41,80.71,31.38,23.69,12.93,41.21,60.76,80.59,A+,Pass
2556,522,36,86.81,27.02,23.41,17.18,38.36,73.06,84.74,A+,Pass
2557,522,39,79.28,33.76,25.0,17.68,36.56,75.0,89.0,A+,Pass
2558,522,42,83.48,34.32,17.76,20.0,34.77,59.87,79.58,A,Pass
2559,523,86,73.4,39.59,20.2,15.78,47.56,64.2,89.5,A+,Pass
2560,523,85,73.22,40.0,23.5,20.0,42.68,52.3,85.15,A+,Pass
2561,523,84,68.95,34.36,18.98,13.32,38.14,47.43,72.63,A,Pass
2562,523,81,67.9,39.58,23.84,19.64,37.62,64.07,87.86,A+,Pass
2563,523,87,63.97,37.4,19.47,14.36,45.33,63.65,86.04,A+,Pass
2564,524,75,66.84,25.79,19.38,12.13,31.99,47.35,64.8,B+,Pass
2565,524,74,65.74,30.1,15.97,10.9,38.08,55.65,71.9,A,Pass
2566,524,76,60.53,29.88,23.19,19.19,38.17,52.63,77.46,A,Pass
2567,524,72,60.92,32.42,20.37,14.7,32.3,46.9,69.74,B+,Pass
2568,524,78,61.31,30.37,20.67,16.96,31.54,49.26,70.69,A,Pass
2569,525,79,61.02,28.77,16.72,12.45,35.88,56.25,71.48,A,Pass
2570,525,77,63.91,20.48,12.95,15.82,13.75,41.19,49.43,C,Pass
2571,525,75,52.93,27.22,14.12,13.35,36.02,51.77,68.1,B+,Pass
2572,525,76,53.06,19.72,13.74,5.07,34.61,41.52,54.56,B,Pass
2573,525,73,49.09,21.7,13.75,8.05,28.52,40.26,53.43,B,Pass
2574,526,48,100.0,36.73,15.21,17.91,43.44,54.66,80.63,A+,Pass
2575,526,36,100.0,23.16,23.74,14.7,41.22,51.6,73.12,A,Pass
2576,526,35,100.0,39.29,15.91,20.0,45.94,61.49,87.68,A+,Pass
2577,526,46,98.5,33.15,23.63,14.29,30.37,74.85,83.29,A+,Pass
2578,527,100,74.45,28.19,22.24,15.01,47.06,63.82,83.8,A+,Pass
2579,527,97,76.6,33.25,19.54,14.65,36.44,50.24,73.43,A,Pass
2580,527,101,75.87,26.83,20.61,17.01,42.72,44.73,72.4,A,Pass
2581,527,99,73.82,32.86,15.37,19.04,31.85,51.64,72.12,A,Pass
2582,528,5,89.94,39.27,19.71,19.12,42.22,74.74,93.07,O,Pass
2583,528,3,85.82,33.4,19.29,12.74,38.03,63.03,79.22,A,Pass
2584,528,1,90.96,40.0,24.51,20.0,47.54,58.05,90.66,O,Pass
2585,528,4,86.96,35.32,23.52,19.83,44.23,73.14,93.23,O,Pass
2586,529,4,70.47,33.83,19.91,14.06,43.89,59.05,81.41,A+,Pass
2587,529,10,78.95,23.09,17.26,16.7,39.3,54.75,72.0,A,Pass
2588,529,1,75.12,29.94,16.46,15.23,27.49,39.69,61.44,B+,Pass
2589,529,3,77.79,32.63,14.37,18.84,36.09,42.17,69.21,B+,Pass
2590,530,24,68.73,32.42,21.88,17.2,28.17,49.81,70.89,A,Pass
2591,530,22,67.28,33.05,18.63,12.69,31.2,41.02,65.07,B+,Pass
2592,530,21,57.63,27.64,16.89,16.99,45.34,47.86,74.07,A,Pass
2593,530,20,64.85,24.05,20.77,14.84,36.81,56.85,72.69,A,Pass
2594,530,17,64.04,32.9,17.41,10.57,37.57,61.72,76.29,A,Pass
2595,531,70,72.14,34.03,19.93,9.98,39.08,39.97,68.17,B+,Pass
2596,531,78,72.21,36.58,23.04,16.04,43.99,69.52,89.96,A+,Pass
2597,531,67,74.8,31.18,14.09,14.05,40.5,49.1,71.41,A,Pass
2598,531,76,65.21,29.79,17.9,14.69,35.02,61.96,75.83,A,Pass
2599,531,72,71.74,22.02,11.71,12.16,26.33,48.39,57.52,B,Pass
2600,531,75,74.28,30.77,10.74,18.55,34.51,56.67,72.65,A,Pass
2601,532,80,97.89,33.93,25.0,18.85,46.23,55.15,85.24,A+,Pass
2602,532,79,100.0,31.27,21.74,12.9,41.34,55.15,77.19,A,Pass
2603,532,67,96.72,34.82,22.83,15.23,41.55,61.16,83.47,A+,Pass
2604,532,74,100.0,40.0,21.22,20.0,44.26,56.38,86.93,A+,Pass
2605,532,69,100.0,35.22,17.13,13.76,36.56,51.89,73.84,A,Pass
2606,533,36,68.37,19.63,17.11,12.33,32.38,38.08,56.78,B,Pass
2607,533,38,72.27,15.42,11.02,5.78,13.81,29.04,35.46,F,Fail
2608,533,40,67.83,23.75,15.93,12.11,18.19,39.8,51.98,B,Pass
2609,533,35,65.63,20.32,15.21,12.3,27.23,45.16,57.09,B,Pass
2610,534,70,30.0,16.51,7.13,6.1,20.83,38.48,42.53,C,Pass
2611,534,66,38.37,17.66,10.94,6.22,24.57,42.75,48.56,C,Pass
2612,534,68,32.61,17.58,5.59,7.82,20.29,12.15,30.75,F,Fail
2613,534,69,30.0,11.13,6.89,6.1,21.88,36.39,39.3,F,Fail
2614,535,1,60.15,23.68,12.01,14.56,39.22,55.43,69.4,B+,Pass
2615,535,9,55.93,20.84,18.81,13.35,32.92,40.97,60.19,B+,Pass
2616,535,8,64.12,28.41,16.51,17.59,30.57,59.0,72.43,A,Pass
2617,535,6,64.43,34.31,17.21,14.17,31.12,61.75,75.5,A,Pass
2618,535,5,69.38,31.73,22.6,13.09,42.55,52.94,77.43,A,Pass
2619,536,23,37.44,20.89,14.26,16.59,31.98,53.96,65.62,B+,Pass
2620,536,20,45.4,18.94,11.68,15.06,34.52,29.03,52.48,B,Pass
2621,536,22,32.81,30.62,19.54,17.72,40.93,50.22,75.89,A,Pass
2622,536,18,39.4,22.38,13.46,10.64,34.08,34.04,54.82,B,Pass
2623,536,26,39.47,20.71,18.36,8.45,33.12,63.79,68.25,B+,Pass
2624,536,28,37.64,25.47,15.79,12.82,25.52,45.54,59.47,B,Pass
2625,537,88,77.46,32.14,19.08,12.94,40.69,52.15,74.85,A,Pass
2626,537,94,65.5,30.82,18.38,11.38,35.9,60.55,74.66,A,Pass
2627,537,90,64.09,33.56,15.31,14.53,36.71,47.27,70.59,A,Pass
2628,537,87,65.91,30.29,19.09,12.88,33.23,44.17,66.45,B+,Pass
2629,537,91,59.52,24.46,17.42,12.55,26.88,46.75,60.73,B+,Pass
2630,538,60,58.47,21.97,18.34,9.3,34.03,63.84,69.77,B+,Pass
2631,538,53,47.41,34.0,24.7,13.41,38.46,55.28,78.61,A,Pass
2632,538,49,59.29,37.44,22.27,10.05,28.56,55.44,72.81,A,Pass
2633,538,58,61.29,24.25,13.34,13.15,34.96,56.11,67.7,B+,Pass
2634,539,5,34.22,11.69,6.98,2.0,15.46,36.84,34.56,F,Fail
2635,539,4,34.13,17.21,13.08,5.3,19.82,46.9,48.29,C,Pass
2636,539,7,34.79,25.43,11.86,8.71,24.37,33.06,49.43,C,Pass
2637,539,1,47.45,13.35,18.33,2.26,29.17,27.68,42.64,C,Pass
2638,539,9,33.44,25.91,11.92,12.76,27.53,51.8,62.05,B+,Pass
2639,540,26,62.04,27.88,13.04,11.23,30.95,51.4,64.23,B+,Pass
2640,540,19,62.72,26.98,15.92,18.61,24.81,35.34,58.06,B,Pass
2641,540,28,64.84,35.3,15.68,13.38,37.21,54.24,74.53,A,Pass
2642,540,23,55.61,23.95,16.22,10.97,35.08,52.38,65.93,B+,Pass
2643,540,30,59.9,26.66,17.21,12.7,27.39,52.7,64.85,B+,Pass
2644,540,21,61.53,26.44,13.32,7.05,24.16,49.55,57.27,B,Pass
2645,541,3,66.47,25.52,11.91,16.88,35.89,51.54,67.96,B+,Pass
2646,541,8,67.7,17.91,7.66,6.59,24.01,38.06,45.08,C,Pass
2647,541,7,61.69,21.02,8.35,12.15,27.95,39.38,52.28,B,Pass
2648,541,1,62.43,28.98,20.31,9.74,35.03,57.87,72.01,A,Pass
2649,542,42,39.26,16.44,12.2,8.99,29.09,38.35,50.03,B,Pass
2650,542,39,35.67,16.93,13.83,9.54,25.92,36.5,48.76,C,Pass
2651,542,35,39.2,19.14,11.54,8.38,34.42,49.48,58.68,B,Pass
2652,542,36,41.8,23.07,10.83,9.49,20.72,32.91,46.33,C,Pass
2653,543,24,76.4,34.03,24.35,17.72,33.46,54.02,77.56,A,Pass
2654,543,22,78.96,29.33,19.43,16.11,34.03,65.14,77.9,A,Pass
2655,543,28,79.42,34.5,18.56,17.98,31.83,57.88,76.59,A,Pass
2656,543,19,75.63,33.23,20.72,17.51,43.45,54.1,80.62,A+,Pass
2657,544,85,82.54,38.79,21.67,20.0,48.14,63.38,91.71,O,Pass
2658,544,84,74.98,33.35,21.61,17.88,37.7,46.77,74.94,A,Pass
2659,544,83,80.8,27.93,19.6,19.83,32.66,55.19,73.8,A,Pass
2660,544,81,78.06,33.22,22.04,20.0,41.64,66.84,87.44,A+,Pass
2661,545,81,64.78,34.44,22.62,12.74,41.34,56.96,79.89,A,Pass
2662,545,82,69.33,28.23,10.99,20.0,27.87,51.08,66.29,B+,Pass
2663,545,83,65.31,30.17,21.07,15.43,46.27,53.36,79.26,A,Pass
2664,545,84,66.23,21.24,14.79,11.37,26.11,44.28,55.95,B,Pass
2665,546,104,70.26,27.03,18.99,12.41,41.72,66.14,79.04,A,Pass
2666,546,101,67.7,30.08,16.53,14.69,32.72,41.24,64.6,B+,Pass
2667,546,103,73.5,30.36,23.02,9.08,37.44,48.34,70.21,A,Pass
2668,546,100,74.53,25.3,15.35,14.0,21.6,57.99,63.65,B+,Pass
2669,547,31,55.07,18.75,15.58,14.81,24.28,43.89,55.64,B,Pass
2670,547,27,41.11,22.06,14.04,14.66,26.05,43.03,57.08,B,Pass
2671,547,24,45.97,20.45,16.05,11.78,30.6,43.74,58.25,B,Pass
2672,547,32,53.85,18.62,18.35,5.93,33.69,38.58,54.46,B,Pass
2673,547,26,43.68,18.46,16.9,2.29,17.43,29.03,39.39,F,Fail
2674,548,81,62.74,21.96,19.99,13.45,37.07,46.11,65.75,B+,Pass
2675,548,83,63.67,29.24,13.39,16.27,37.16,40.28,65.49,B+,Pass
2676,548,88,62.41,18.09,17.04,14.01,34.35,48.02,62.45,B+,Pass
2677,548,87,57.27,26.39,18.55,20.0,33.45,45.51,68.57,B+,Pass
2678,548,85,57.89,24.05,14.64,10.61,29.96,49.61,61.32,B+,Pass
2679,549,55,67.33,28.49,18.17,17.01,35.86,67.07,79.24,A,Pass
2680,549,51,73.09,18.51,13.58,10.11,25.95,49.25,55.7,B,Pass
2681,549,52,57.93,35.38,17.61,13.52,40.15,57.12,78.23,A,Pass
2682,549,54,59.56,29.13,13.86,16.97,29.12,46.21,64.72,B+,Pass
2683,549,49,63.01,23.51,14.3,10.32,39.92,49.0,65.46,B+,Pass
2684,549,50,55.53,31.04,25.0,13.13,29.93,51.88,71.26,A,Pass
2685,550,93,96.35,38.74,25.0,17.68,40.54,72.5,92.32,O,Pass
2686,550,89,100.0,40.0,23.98,20.0,40.93,62.44,89.2,A+,Pass
2687,550,81,98.81,32.11,22.97,20.0,43.47,52.19,81.33,A+,Pass
2688,550,83,100.0,40.0,25.0,18.05,49.77,72.22,97.62,O,Pass
2689,550,95,100.0,40.0,25.0,20.0,45.1,75.0,97.55,O,Pass
2690,551,55,62.98,32.86,12.27,15.02,30.77,47.19,66.25,B+,Pass
2691,551,49,59.65,22.45,10.58,8.48,24.04,40.57,50.65,B,Pass
2692,551,57,63.01,40.0,25.0,20.0,43.58,59.35,89.49,A+,Pass
2693,551,56,73.94,31.72,20.32,17.83,37.53,66.64,82.76,A+,Pass
2694,552,97,76.94,33.74,21.79,18.03,33.32,50.84,74.99,A,Pass
2695,552,105,93.76,26.2,15.46,16.13,40.81,51.44,71.76,A,Pass
2696,552,106,87.31,28.91,16.17,11.35,33.4,47.32,65.38,B+,Pass
2697,552,100,92.84,29.65,15.22,16.82,36.72,55.91,73.77,A,Pass
2698,553,67,56.92,19.48,16.19,14.77,28.84,47.03,59.97,B,Pass
2699,553,71,54.49,29.45,15.76,12.04,36.01,52.85,69.72,B+,Pass
2700,553,69,56.9,27.51,20.98,15.8,33.29,50.98,70.48,A,Pass
2701,553,72,55.72,25.23,14.74,13.77,35.2,42.98,63.05,B+,Pass
2702,553,78,66.69,15.86,12.05,11.11,30.44,48.81,56.3,B,Pass
2703,553,80,62.47,23.87,22.59,14.6,27.77,37.86,59.82,B,Pass
2704,554,90,70.08,28.55,16.53,19.46,23.78,42.94,62.54,B+,Pass
2705,554,91,70.24,26.14,14.17,14.47,23.48,50.78,61.41,B+,Pass
2706,554,89,71.18,28.76,18.98,11.37,29.22,50.6,65.88,B+,Pass
2707,554,81,78.9,29.98,9.99,12.22,35.11,41.4,61.97,B+,Pass
2708,555,16,55.79,6.75,11.45,5.76,25.37,42.36,43.29,C,Pass
2709,555,1,48.84,19.42,16.91,9.12,26.3,36.54,51.24,B,Pass
2710,555,3,42.5,17.6,11.93,12.18,22.88,19.46,40.19,C,Pass
2711,555,2,56.62,16.81,7.85,4.72,22.64,27.76,38.18,F,Fail
2712,555,7,45.5,14.34,9.96,8.27,22.47,33.34,42.08,C,Pass
2713,556,84,54.25,30.6,18.43,17.08,31.63,64.54,77.15,A,Pass
2714,556,83,61.58,21.27,16.75,14.58,35.58,44.76,63.3,B+,Pass
2715,556,88,52.78,29.12,21.5,7.14,26.54,33.44,55.61,B,Pass
2716,556,90,51.87,21.59,21.42,16.43,33.64,47.82,66.72,B+,Pass
2717,556,92,50.05,31.36,17.16,20.0,30.25,53.02,72.41,A,Pass
2718,556,85,58.82,27.28,13.03,8.19,28.11,40.42,55.87,B,Pass
2719,557,87,48.63,32.88,13.09,9.42,40.79,50.61,70.4,A,Pass
2720,557,92,56.38,23.1,10.19,9.82,32.12,45.41,57.78,B,Pass
2721,557,91,55.55,25.55,22.3,18.76,31.9,56.65,73.46,A,Pass
2722,557,84,55.19,21.15,25.0,11.86,34.56,55.47,69.67,B+,Pass
2723,557,89,59.69,23.64,12.81,7.3,27.42,46.83,56.16,B,Pass
2724,558,84,75.38,34.61,23.57,13.6,42.97,63.68,84.74,A+,Pass
2725,558,83,66.09,30.31,14.53,10.58,36.04,38.25,62.13,B+,Pass
2726,558,82,61.79,23.13,14.53,10.8,30.41,34.39,54.03,B,Pass
2727,558,85,77.83,26.11,13.98,10.28,34.59,46.9,62.97,B+,Pass
2728,559,67,34.43,6.31,5.62,11.32,23.59,26.42,35.19,F,Fail
2729,559,65,40.19,18.48,8.41,8.4,23.12,35.03,44.72,C,Pass
2730,559,69,31.64,9.63,5.09,8.38,14.42,31.88,33.12,F,Fail
2731,559,68,38.57,13.87,6.16,12.47,16.21,44.65,44.57,C,Pass
2732,560,72,78.02,29.23,15.67,20.0,41.37,45.18,72.65,A,Pass
2733,560,69,88.57,30.38,18.54,18.0,48.02,65.03,85.96,A+,Pass
2734,560,65,76.28,24.48,19.25,8.97,26.66,49.73,60.96,B+,Pass
2735,560,70,84.76,29.16,22.99,18.44,37.94,53.11,76.75,A,Pass
2736,560,73,82.59,35.23,19.82,20.0,40.64,60.55,84.12,A+,Pass
2737,561,95,47.99,30.02,16.66,9.35,26.6,25.4,51.5,B,Pass
2738,561,82,43.83,21.68,12.47,16.27,16.03,35.64,48.61,C,Pass
2739,561,90,50.6,31.91,19.13,13.45,30.97,57.93,72.85,A,Pass
2740,561,85,42.21,18.97,18.34,15.25,36.43,47.27,64.72,B+,Pass
2741,561,92,39.55,23.1,7.09,10.76,17.7,27.51,41.45,C,Pass
2742,561,83,54.99,29.77,16.7,17.5,27.66,61.37,72.78,A,Pass
2743,562,76,53.39,26.13,14.9,18.36,34.86,50.99,69.43,B+,Pass
2744,562,75,55.06,29.78,16.85,19.9,34.48,48.82,71.61,A,Pass
2745,562,66,65.58,26.46,20.69,13.99,37.51,60.35,75.42,A,Pass
2746,562,70,50.31,28.79,15.96,13.0,34.6,40.45,63.46,B+,Pass
2747,562,71,58.89,33.88,21.96,19.86,36.95,63.52,83.77,A+,Pass
2748,563,36,74.05,28.3,16.54,18.68,47.28,63.2,83.24,A+,Pass
2749,563,39,68.92,40.0,21.41,14.42,46.84,66.83,90.38,O,Pass
2750,563,34,62.75,24.55,19.63,10.74,26.18,52.71,63.19,B+,Pass
2751,563,37,67.13,19.69,14.91,8.92,28.93,47.78,57.03,B,Pass
2752,563,33,66.2,28.38,25.0,17.38,35.12,55.14,76.17,A,Pass
2753,563,40,65.08,30.66,15.9,12.21,41.69,62.34,77.73,A,Pass
2754,564,86,47.57,23.96,16.2,13.78,24.2,38.9,55.6,B,Pass
2755,564,81,44.53,21.45,15.96,9.52,30.3,38.91,55.18,B,Pass
2756,564,85,43.32,15.37,19.18,12.08,37.69,39.63,58.73,B,Pass
2757,564,82,45.14,28.64,18.95,16.09,37.83,52.89,73.54,A,Pass
2758,564,84,42.36,23.85,9.51,4.33,19.36,37.25,44.96,C,Pass
2759,564,83,44.98,19.29,17.02,12.46,39.07,39.79,60.78,B+,Pass
2760,565,28,88.11,34.77,21.01,20.0,32.48,59.68,79.88,A,Pass
2761,565,17,86.1,33.89,19.46,20.0,44.88,63.64,86.87,A+,Pass
2762,565,26,85.44,34.38,17.27,13.85,44.92,64.53,83.6,A+,Pass
2763,565,21,81.69,37.11,20.15,20.0,37.47,56.97,81.94,A+,Pass
2764,566,19,94.97,31.72,19.7,19.94,46.9,67.08,88.47,A+,Pass
2765,566,20,86.8,25.2,13.53,11.47,31.02,43.65,59.62,B,Pass
2766,566,17,83.25,25.32,17.22,13.61,28.85,44.81,61.69,B+,Pass
2767,566,21,90.73,33.05,16.33,20.0,40.64,60.74,81.72,A+,Pass
2768,567,20,59.51,23.85,13.3,8.47,35.2,37.05,56.37,B,Pass
2769,567,29,72.87,24.46,13.67,13.43,33.69,53.32,66.14,B+,Pass
2770,567,17,65.18,31.1,15.11,17.02,37.86,53.54,74.02,A,Pass
2771,567,30,65.73,24.29,11.64,10.52,29.05,33.06,52.01,B,Pass
2772,567,18,64.17,28.41,11.28,10.65,22.38,36.49,52.26,B,Pass
2773,568,50,71.87,21.45,19.15,13.77,31.05,58.15,67.93,B+,Pass
2774,568,57,72.05,23.95,18.99,8.33,30.98,58.19,66.38,B+,Pass
2775,568,51,74.91,34.55,17.78,8.4,32.1,57.83,71.62,A,Pass
2776,568,55,83.66,21.88,16.05,13.96,25.98,48.23,59.84,B,Pass
2777,568,56,69.58,20.97,20.33,13.61,21.3,44.65,56.9,B,Pass
2778,568,54,64.53,22.24,15.19,11.8,26.64,46.9,58.3,B,Pass
2779,569,53,72.82,34.1,15.73,15.7,36.22,52.68,73.89,A,Pass
2780,569,52,73.28,33.62,22.93,19.77,34.16,62.14,81.95,A+,Pass
2781,569,49,86.97,34.96,17.55,17.3,39.69,64.26,82.98,A+,Pass
2782,569,51,72.79,40.0,25.0,20.0,46.87,75.0,98.44,O,Pass
2783,570,101,78.23,16.04,20.76,9.81,31.89,55.94,63.28,B+,Pass
2784,570,97,93.61,24.45,25.0,19.25,41.67,65.13,83.08,A+,Pass
2785,570,103,74.34,34.58,15.86,14.57,39.06,51.87,74.65,A,Pass
2786,570,98,81.79,35.67,21.22,17.31,36.75,52.41,77.81,A,Pass
2787,570,104,78.03,36.53,15.19,20.0,39.17,56.27,80.19,A+,Pass
2788,570,100,86.14,29.06,19.54,17.32,39.77,62.77,80.18,A+,Pass
2789,571,18,36.76,21.21,9.67,13.19,19.59,40.26,49.65,C,Pass
2790,571,25,36.0,26.38,9.97,11.88,13.92,42.57,49.94,C,Pass
2791,571,20,38.55,25.39,20.4,15.22,19.2,41.9,57.62,B,Pass
2792,571,28,40.85,20.06,11.06,8.11,18.31,32.01,42.6,C,Pass
2793,571,27,34.05,20.26,10.24,12.65,33.91,52.17,61.86,B+,Pass
2794,572,65,50.85,23.18,11.07,11.91,34.5,56.29,65.49,B+,Pass
2795,572,68,51.58,27.34,3.98,8.32,31.16,28.25,48.18,C,Pass
2796,572,69,62.01,12.92,6.9,12.68,34.26,49.98,56.01,B,Pass
2797,572,67,63.02,16.87,7.84,5.13,24.7,36.22,43.39,C,Pass
2798,573,70,100.0,36.65,25.0,20.0,42.75,62.45,88.84,A+,Pass
2799,573,65,97.63,40.0,25.0,20.0,50.0,58.99,92.53,O,Pass
2800,573,68,100.0,39.09,25.0,19.1,45.24,75.0,96.72,O,Pass
2801,573,69,97.68,27.95,19.12,13.12,40.62,62.93,77.86,A,Pass
2802,574,49,64.05,29.3,9.32,16.72,29.0,60.4,69.42,B+,Pass
2803,574,50,70.58,24.49,25.0,13.82,44.74,49.39,74.57,A,Pass
2804,574,52,69.12,30.92,18.99,14.51,32.28,54.08,71.68,A,Pass
2805,574,54,65.02,27.51,21.88,9.96,38.84,56.76,73.4,A,Pass
2806,575,43,66.63,26.4,19.05,19.17,30.42,52.13,69.94,B+,Pass
2807,575,40,62.09,27.22,15.65,11.35,34.6,40.47,61.73,B+,Pass
2808,575,47,64.78,35.49,22.08,15.54,50.0,67.07,90.64,O,Pass
2809,575,44,61.42,21.8,17.08,15.54,29.47,56.58,66.64,B+,Pass
2810,576,35,76.06,32.98,19.26,18.76,50.0,70.18,91.33,O,Pass
2811,576,44,80.49,35.94,20.32,20.0,46.21,55.76,85.23,A+,Pass
2812,576,34,71.89,33.14,15.51,15.03,40.58,51.84,74.77,A,Pass
2813,576,40,74.6,35.72,20.66,15.88,44.75,40.59,75.38,A,Pass
2814,577,4,30.0,15.44,9.24,3.23,23.14,24.56,36.07,F,Fail
2815,577,5,30.9,28.79,18.37,18.46,31.62,43.5,67.09,B+,Pass
2816,577,7,37.64,14.23,9.49,10.17,23.82,44.57,48.7,C,Pass
2817,577,1,30.0,16.05,7.2,10.7,21.02,32.6,41.98,C,Pass
2818,578,23,74.69,27.96,16.8,12.27,30.68,56.19,68.4,B+,Pass
2819,578,21,83.76,26.55,14.98,10.35,31.02,51.24,63.87,B+,Pass
2820,578,25,81.28,24.27,15.81,8.93,34.77,46.09,61.81,B+,Pass
2821,578,17,80.55,31.79,23.3,16.82,43.27,50.53,78.84,A,Pass
2822,578,24,79.54,22.14,22.18,10.51,28.16,31.71,54.07,B,Pass
2823,579,40,30.0,14.21,9.58,8.71,19.66,17.07,33.09,F,Fail
2824,579,37,32.65,12.1,5.62,6.1,19.76,53.52,46.2,C,Pass
2825,579,36,30.0,15.87,8.46,11.36,21.86,35.73,44.61,C,Pass
2826,579,39,41.96,19.04,5.56,3.11,24.13,22.2,35.72,F,Fail
2827,579,33,34.13,15.17,13.67,10.34,15.92,36.8,43.35,C,Pass
2828,579,34,32.33,13.51,9.89,4.86,17.89,20.17,31.5,F,Fail
2829,580,1,60.84,15.25,21.68,15.04,31.64,51.78,63.8,B+,Pass
2830,580,12,55.19,25.48,14.67,9.89,29.54,48.82,61.11,B+,Pass
2831,580,10,65.28,25.18,14.34,9.24,34.69,58.87,67.77,B+,Pass
2832,580,4,55.42,27.79,11.96,16.8,29.71,48.0,64.34,B+,Pass
2833,581,53,73.21,27.36,15.66,9.15,36.57,43.27,63.0,B+,Pass
2834,581,49,75.67,29.4,24.03,19.2,40.83,56.48,80.69,A+,Pass
2835,581,52,76.23,30.45,21.84,14.92,36.21,60.59,77.8,A,Pass
2836,581,51,73.85,31.46,16.54,14.96,40.73,72.53,84.04,A+,Pass
2837,582,45,65.62,27.92,22.82,17.66,29.38,37.13,63.93,B+,Pass
2838,582,44,57.94,14.24,14.88,11.53,25.75,29.57,45.51,C,Pass
2839,582,42,60.3,31.3,12.11,8.61,30.81,35.74,56.88,B,Pass
2840,582,40,63.79,21.61,14.27,9.53,35.44,44.73,59.87,B,Pass
2841,583,28,32.72,24.85,17.23,14.34,28.85,46.03,62.39,B+,Pass
2842,583,24,30.0,19.08,11.71,8.62,20.12,43.03,48.67,C,Pass
2843,583,17,35.68,21.31,13.56,11.97,34.61,36.45,56.38,B,Pass
2844,583,27,36.74,24.1,9.14,8.05,14.75,49.42,50.17,B,Pass
2845,584,18,58.65,27.35,18.58,13.36,40.02,39.77,66.36,B+,Pass
2846,584,17,61.03,24.2,17.34,7.11,26.29,49.49,58.83,B,Pass
2847,584,22,52.36,26.54,15.6,6.94,30.06,52.0,62.28,B+,Pass
2848,584,19,54.06,29.32,17.83,15.32,30.79,50.28,68.31,B+,Pass
2849,584,20,57.27,28.01,18.33,13.06,33.01,43.38,64.61,B+,Pass
2850,584,21,49.86,28.94,16.89,10.89,29.17,50.24,64.7,B+,Pass
2851,585,5,82.56,40.0,20.43,18.03,47.82,71.77,94.59,O,Pass
2852,585,13,77.78,33.52,25.0,20.0,48.75,61.46,89.81,A+,Pass
2853,585,9,79.33,32.14,22.52,20.0,40.91,60.79,83.9,A+,Pass
2854,585,2,84.0,39.1,25.0,18.28,50.0,70.4,96.54,O,Pass
2855,585,8,81.47,40.0,25.0,20.0,41.51,55.28,86.56,A+,Pass
2856,586,92,82.87,39.26,22.13,16.45,42.14,63.27,87.3,A+,Pass
2857,586,95,79.57,36.35,22.31,16.5,42.31,69.26,88.83,A+,Pass
2858,586,88,80.92,34.24,15.32,15.79,36.9,61.51,78.29,A,Pass
2859,586,85,92.52,28.75,21.93,13.75,41.3,49.92,73.97,A,Pass
2860,586,90,93.13,33.48,24.16,16.33,37.5,60.24,81.44,A+,Pass
2861,587,56,100.0,31.42,15.0,13.13,35.12,56.54,72.22,A,Pass
2862,587,53,100.0,39.69,23.33,20.0,41.73,75.0,95.04,O,Pass
2863,587,55,100.0,40.0,23.66,16.75,50.0,75.0,97.84,O,Pass
2864,587,50,100.0,35.99,25.0,20.0,44.29,67.42,91.6,O,Pass
2865,587,49,97.02,35.51,25.0,20.0,44.06,68.72,91.86,O,Pass
2866,587,51,91.0,40.0,24.54,20.0,43.84,75.0,96.74,O,Pass
2867,588,84,88.57,35.09,25.0,20.0,39.39,58.42,84.5,A+,Pass
2868,588,88,74.98,24.04,19.17,18.05,36.02,52.39,71.17,A,Pass
2869,588,86,93.73,27.88,21.72,14.94,43.73,51.81,76.14,A,Pass
2870,588,83,88.06,31.47,22.42,18.02,40.08,44.1,74.33,A,Pass
2871,588,89,82.34,28.54,17.11,11.43,29.74,55.4,67.55,B+,Pass
2872,588,90,74.62,29.49,16.4,16.6,31.51,50.88,69.1,B+,Pass
2873,589,19,41.51,11.79,12.97,7.15,16.69,21.98,33.26,F,Fail
2874,589,18,41.38,20.06,13.47,11.34,30.07,33.96,51.97,B,Pass
2875,589,24,42.18,18.71,6.25,14.05,28.39,24.97,44.72,C,Pass
2876,589,22,46.99,20.41,7.21,3.11,14.71,32.91,37.36,F,Fail
2877,590,106,73.39,25.67,13.97,9.43,32.52,51.38,63.37,B+,Pass
2878,590,105,67.89,32.95,16.95,11.66,30.71,57.95,71.49,A,Pass
2879,590,107,64.03,25.24,14.66,13.52,28.61,48.61,62.23,B+,Pass
2880,590,102,62.64,27.75,18.32,17.09,44.1,44.14,72.4,A,Pass
2881,590,97,67.3,23.79,14.98,17.07,37.89,40.15,64.1,B+,Pass
2882,591,68,89.92,37.28,24.11,20.0,34.66,58.04,82.7,A+,Pass
2883,591,70,85.38,27.54,16.95,11.39,26.46,38.41,57.4,B,Pass
2884,591,66,92.15,34.97,12.41,14.25,43.19,65.87,81.91,A+,Pass
2885,591,65,88.72,27.23,20.61,13.51,33.48,47.02,67.3,B+,Pass
2886,591,67,88.02,25.96,20.25,15.72,42.06,54.58,75.43,A,Pass
2887,592,67,48.61,19.39,13.61,4.95,21.6,55.85,54.47,B,Pass
2888,592,75,45.46,15.74,13.95,10.71,23.74,56.04,56.83,B,Pass
2889,592,76,53.23,31.25,20.07,16.87,30.81,64.34,77.51,A,Pass
2890,592,78,56.66,20.24,12.15,10.67,19.48,25.14,41.79,C,Pass
2891,592,69,50.15,22.02,13.62,9.67,32.35,38.25,55.32,B,Pass
2892,593,53,76.05,17.67,15.8,12.73,24.41,44.0,54.26,B,Pass
2893,593,54,67.03,21.38,20.91,11.53,30.6,57.12,66.77,B+,Pass
2894,593,50,83.35,20.23,7.01,4.58,25.99,39.68,46.72,C,Pass
2895,593,51,67.84,26.37,13.91,11.69,26.42,42.37,57.58,B,Pass
2896,593,52,80.1,14.95,15.49,7.49,20.26,21.33,37.5,F,Fail
2897,594,57,58.12,34.91,22.93,19.64,34.97,58.63,81.3,A+,Pass
2898,594,55,71.15,34.14,19.01,19.11,44.4,57.14,83.09,A+,Pass
2899,594,58,63.83,33.82,20.54,13.96,33.71,39.34,67.31,B+,Pass
2900,594,62,61.51,30.96,22.47,12.08,38.13,61.78,78.4,A,Pass
2901,594,54,64.85,31.22,22.32,16.25,37.9,64.22,81.58,A+,Pass
2902,595,82,86.21,36.98,21.97,20.0,47.9,72.11,94.88,O,Pass
2903,595,91,90.34,37.98,21.99,14.45,34.45,59.09,79.81,A,Pass
2904,595,90,87.08,29.19,25.0,19.24,42.78,62.27,84.67,A+,Pass
2905,595,88,81.91,21.76,17.53,11.72,36.47,31.54,56.71,B,Pass
2906,596,20,84.44,38.44,23.7,20.0,50.0,66.31,94.64,O,Pass
2907,596,26,86.64,40.0,24.43,15.63,45.44,66.14,91.17,O,Pass
2908,596,29,77.45,40.0,22.41,20.0,44.8,64.33,91.39,O,Pass
2909,596,32,85.18,40.0,15.32,18.65,41.62,59.68,84.11,A+,Pass
2910,596,19,84.72,26.45,14.29,13.42,31.62,37.29,58.86,B,Pass
2911,597,59,100.0,31.78,21.88,15.57,39.55,67.25,83.59,A+,Pass
2912,597,55,98.88,26.03,25.0,17.61,47.29,68.37,87.37,A+,Pass
2913,597,62,98.76,38.62,21.03,19.46,39.99,75.0,92.44,O,Pass
2914,597,56,100.0,35.37,25.0,14.03,44.75,67.33,88.5,A+,Pass
2915,598,18,62.73,29.68,12.42,12.78,39.7,57.55,72.9,A,Pass
2916,598,28,66.09,28.91,21.73,11.01,40.31,44.82,69.72,B+,Pass
2917,598,27,61.95,30.92,13.3,10.57,33.19,44.89,63.61,B+,Pass
2918,598,30,65.64,19.69,15.76,13.23,22.64,47.66,56.33,B,Pass
2919,598,29,68.41,27.72,18.04,14.49,34.66,52.57,70.18,A,Pass
2920,598,17,72.78,30.54,17.47,19.18,49.15,55.66,82.4,A+,Pass
2921,599,51,73.24,23.51,14.44,15.83,47.16,47.86,71.36,A,Pass
2922,599,54,78.27,26.35,15.52,18.04,40.94,51.79,73.04,A,Pass
2923,599,56,76.94,31.21,20.94,16.74,20.32,53.18,67.33,B+,Pass
2924,599,62,79.63,32.53,19.53,14.54,33.85,51.57,72.34,A,Pass
2925,600,37,76.86,29.3,16.91,14.82,43.45,61.43,79.21,A,Pass
2926,600,40,79.13,36.8,22.48,12.47,43.03,56.36,81.44,A+,Pass
2927,600,41,69.09,30.18,17.38,15.81,36.7,57.2,75.0,A,Pass
2928,600,36,71.03,30.58,14.91,18.98,40.99,58.59,78.58,A,Pass
2929,600,39,66.06,35.48,19.13,19.53,31.45,68.18,82.7,A+,Pass
2930,600,34,67.88,34.38,18.59,18.25,45.37,53.71,81.51,A+,Pass
2931,601,78,71.46,36.75,20.15,14.36,39.58,58.39,80.65,A+,Pass
2932,601,65,78.36,35.37,13.54,10.02,40.12,56.2,74.4,A,Pass
2933,601,74,85.09,36.78,17.59,17.82,39.04,63.58,83.52,A+,Pass
2934,601,70,78.4,29.9,17.7,14.61,36.84,44.35,68.45,B+,Pass
2935,601,69,75.34,34.47,21.08,13.16,40.09,63.96,82.14,A+,Pass
2936,601,73,74.11,25.93,12.93,18.31,30.04,47.48,64.47,B+,Pass
2937,602,104,53.41,26.17,18.42,18.59,26.67,52.78,67.71,B+,Pass
2938,602,103,59.18,30.45,19.03,16.19,38.47,60.74,78.51,A,Pass
2939,602,97,47.32,30.36,8.7,11.22,29.8,42.7,59.1,B,Pass
2940,602,100,51.66,28.59,16.9,15.77,42.56,55.47,76.11,A,Pass
2941,603,98,64.4,32.29,15.44,10.12,22.07,41.39,57.73,B,Pass
2942,603,106,53.8,27.41,16.91,12.07,25.56,47.74,61.56,B+,Pass
2943,603,100,72.16,29.98,19.21,14.64,33.99,57.54,73.84,A,Pass
2944,603,105,62.6,25.22,15.75,14.16,35.89,44.05,64.49,B+,Pass
2945,604,36,79.5,29.53,18.18,17.37,24.05,49.61,65.9,B+,Pass
2946,604,35,65.88,35.84,17.14,12.28,39.18,47.18,72.52,A,Pass
2947,604,37,76.24,36.2,22.74,15.5,33.77,67.28,83.23,A+,Pass
2948,604,34,74.44,25.97,9.6,7.34,27.09,44.45,54.79,B,Pass
2949,604,33,81.8,20.86,15.47,8.23,24.9,42.99,53.25,B,Pass
2950,605,19,100.0,40.0,13.9,12.5,45.86,47.52,76.92,A,Pass
2951,605,28,97.58,30.49,20.11,15.43,45.34,68.37,85.58,A+,Pass
2952,605,29,98.82,35.25,23.78,20.0,43.24,71.6,92.17,O,Pass
2953,605,26,100.0,34.11,17.7,16.22,39.56,55.33,77.84,A,Pass
2954,606,37,64.11,23.76,16.71,14.09,28.49,49.43,62.92,B+,Pass
2955,606,38,74.8,29.98,15.51,9.31,43.4,56.68,74.0,A,Pass
2956,606,39,80.02,30.79,24.09,18.33,37.1,67.62,84.31,A+,Pass
2957,606,33,84.19,27.5,18.64,16.68,37.23,55.74,74.18,A,Pass
2958,606,40,84.64,30.98,17.3,15.0,43.7,61.2,80.32,A+,Pass
2959,607,89,66.69,35.89,15.28,14.84,30.37,49.7,69.86,B+,Pass
2960,607,93,72.33,23.05,14.44,14.37,20.25,39.45,53.02,B,Pass
2961,607,84,69.06,25.24,15.93,9.49,27.15,37.34,54.74,B,Pass
2962,607,83,75.93,33.62,18.83,12.99,41.63,53.3,76.53,A,Pass
2963,607,86,69.7,24.18,18.35,13.69,32.95,43.77,63.18,B+,Pass
2964,607,92,69.68,36.79,17.08,17.59,35.94,61.52,80.7,A+,Pass
2965,608,84,88.79,21.48,20.19,14.19,37.7,52.17,69.11,B+,Pass
2966,608,87,91.7,30.03,20.64,17.93,30.76,49.63,70.78,A,Pass
2967,608,82,85.41,29.25,15.16,11.71,33.19,58.4,70.39,A,Pass
2968,608,86,87.61,28.26,18.04,12.58,23.75,48.93,62.35,B+,Pass
2969,609,52,58.66,27.4,12.94,9.65,37.15,53.1,67.05,B+,Pass
2970,609,53,57.04,27.24,15.93,12.61,35.84,50.55,67.81,B+,Pass
2971,609,50,56.85,21.87,13.11,13.7,20.56,30.36,47.48,C,Pass
2972,609,49,48.66,33.1,14.39,10.87,30.48,46.6,64.72,B+,Pass
2973,609,54,51.12,22.55,10.27,13.28,27.53,43.78,56.22,B,Pass
2974,609,51,44.82,21.25,18.12,15.11,22.46,35.95,53.44,B,Pass
2975,610,41,82.91,30.93,16.17,17.35,33.11,67.36,78.61,A,Pass
2976,610,35,86.94,19.24,9.97,11.58,21.7,54.48,55.67,B,Pass
2977,610,43,90.14,29.44,19.51,14.11,32.33,51.61,69.83,B+,Pass
2978,610,40,85.07,25.57,16.4,20.0,30.9,51.46,68.81,B+,Pass
2979,610,46,88.92,30.98,17.91,20.0,32.3,52.96,73.52,A,Pass
2980,611,69,56.42,33.24,22.52,16.89,48.41,49.56,81.4,A+,Pass
2981,611,70,46.89,11.31,7.98,7.27,23.06,44.17,44.63,C,Pass
2982,611,65,52.8,25.0,17.11,13.91,34.29,44.67,64.29,B+,Pass
2983,611,68,43.61,26.67,18.36,14.75,33.16,54.54,70.09,A,Pass
2984,612,70,78.43,27.43,20.76,20.0,33.88,63.01,78.36,A,Pass
2985,612,74,70.92,36.34,19.38,16.3,40.82,42.3,74.22,A,Pass
2986,612,69,70.46,28.84,22.75,16.69,34.56,55.93,75.24,A,Pass
2987,612,73,80.22,28.77,19.15,15.97,40.16,57.82,77.09,A,Pass
2988,612,71,72.37,29.59,16.12,12.03,31.99,47.95,65.63,B+,Pass
2989,613,65,95.47,38.55,19.3,19.4,31.09,62.13,81.23,A+,Pass
2990,613,73,87.1,34.68,17.25,20.0,40.96,55.77,80.75,A+,Pass
2991,613,70,86.87,35.83,18.13,19.92,40.12,47.53,77.37,A,Pass
2992,613,72,95.25,30.57,13.51,8.83,33.48,64.22,71.81,A,Pass
2993,613,74,96.34,20.96,25.0,12.32,38.78,43.67,66.41,B+,Pass
2994,613,69,92.25,35.12,20.45,18.42,46.57,50.97,82.01,A+,Pass
2995,614,97,77.2,34.76,19.96,20.0,36.28,49.36,76.54,A,Pass
2996,614,106,72.15,31.01,24.74,16.51,36.38,50.92,75.61,A,Pass
2997,614,99,71.74,31.42,20.94,17.23,48.36,72.11,90.53,O,Pass
2998,614,98,66.06,35.99,22.59,19.12,35.78,60.67,82.8,A+,Pass
2999,615,23,85.2,28.78,21.58,14.39,39.91,64.11,80.09,A+,Pass
3000,615,27,95.31,25.91,19.86,19.33,31.37,57.48,73.08,A,Pass
3001,615,26,83.81,29.76,16.69,16.96,26.88,52.79,68.11,B+,Pass
3002,615,22,93.83,23.63,22.53,17.04,41.66,51.11,74.03,A,Pass
3003,615,17,85.36,33.04,18.11,12.81,35.63,58.02,75.06,A,Pass
3004,615,20,84.53,33.76,14.96,18.36,32.06,42.22,67.78,B+,Pass
3005,616,87,30.0,21.14,11.73,6.04,15.0,28.84,39.23,F,Fail
3006,616,86,30.0,20.78,9.01,9.03,26.54,34.86,48.05,C,Pass
3007,616,92,32.07,19.25,10.9,15.9,34.03,40.74,57.96,B,Pass
3008,616,94,30.0,23.41,13.43,4.08,31.78,49.29,58.01,B,Pass
3009,616,89,31.78,23.01,21.78,10.61,25.37,42.5,58.04,B,Pass
3010,616,83,32.89,17.53,14.65,11.98,20.86,47.24,53.09,B,Pass
3011,617,85,91.34,28.42,24.25,15.55,45.64,66.33,85.45,A+,Pass
3012,617,81,73.25,25.6,18.92,12.6,35.22,45.32,65.42,B+,Pass
3013,617,82,73.95,30.39,23.95,16.36,42.7,50.83,78.02,A,Pass
3014,617,91,80.57,27.55,19.78,14.32,39.54,47.24,70.66,A,Pass
3015,617,86,71.44,23.09,15.39,15.21,34.4,51.28,66.44,B+,Pass
3016,617,87,78.3,32.93,18.28,16.21,31.64,47.63,69.93,B+,Pass
3017,618,48,64.88,32.9,24.71,19.74,46.62,71.0,92.64,O,Pass
3018,618,43,70.53,19.99,19.14,15.58,36.75,46.99,65.74,B+,Pass
3019,618,35,69.51,36.61,18.46,14.44,39.94,47.14,74.88,A,Pass
3020,618,45,68.42,22.19,17.46,15.07,37.94,39.93,63.22,B+,Pass
3021,618,47,58.29,27.41,25.0,15.85,32.53,46.38,69.54,B+,Pass
3022,618,34,63.93,28.55,17.0,15.31,25.17,31.93,56.21,B,Pass
3023,619,68,68.99,36.79,15.55,18.49,38.4,49.76,76.28,A,Pass
3024,619,69,58.07,30.95,23.6,14.79,42.56,56.23,79.83,A,Pass
3025,619,67,63.73,26.73,19.69,13.57,32.43,47.37,66.34,B+,Pass
3026,619,65,59.47,29.28,12.73,13.56,35.0,56.55,70.4,A,Pass
3027,620,9,55.38,29.42,15.94,12.22,23.22,52.9,63.49,B+,Pass
3028,620,6,60.72,30.3,18.97,16.96,29.0,46.47,67.4,B+,Pass
3029,620,2,57.14,24.71,17.67,14.3,21.27,57.29,63.94,B+,Pass
3030,620,14,67.7,29.16,18.44,11.12,40.19,59.2,75.24,A,Pass
3031,621,99,82.81,29.15,20.63,17.49,44.95,64.16,83.99,A+,Pass
3032,621,103,88.69,27.33,23.65,14.63,50.0,69.29,87.77,A+,Pass
3033,621,106,76.8,24.81,22.08,17.11,43.1,38.36,69.24,B+,Pass
3034,621,101,85.49,38.66,19.91,17.55,44.55,70.7,91.34,O,Pass
3035,621,104,80.76,25.41,21.04,11.29,38.28,57.46,72.72,A,Pass
3036,621,97,86.83,34.53,21.11,14.62,39.69,53.57,77.86,A,Pass
3037,622,49,97.0,32.85,18.05,13.53,33.85,66.06,78.16,A,Pass
3038,622,57,88.31,28.27,14.15,20.0,39.56,51.58,73.64,A,Pass
3039,622,58,86.58,34.0,20.31,19.87,36.8,61.94,82.36,A+,Pass
3040,622,50,88.58,35.71,21.16,20.0,43.47,57.65,84.96,A+,Pass
3041,622,52,94.31,34.63,25.0,20.0,39.72,59.74,85.05,A+,Pass
3042,622,54,91.09,33.28,19.2,17.72,42.91,51.44,78.64,A,Pass
3043,623,2,84.69,30.11,11.12,14.98,26.98,38.35,58.38,B,Pass
3044,623,5,78.57,23.39,19.41,9.41,36.23,44.12,62.86,B+,Pass
3045,623,15,78.32,23.91,14.43,9.46,26.31,48.59,58.29,B,Pass
3046,623,7,74.12,31.43,18.73,19.11,39.78,50.88,76.39,A,Pass
3047,623,9,70.07,20.5,21.15,9.78,19.77,32.61,48.7,C,Pass
3048,623,6,77.48,32.93,20.48,13.64,35.71,49.78,72.57,A,Pass
3049,624,21,82.24,30.5,20.38,12.72,31.86,46.19,67.25,B+,Pass
3050,624,20,86.21,32.13,21.56,12.46,38.53,69.13,82.44,A+,Pass
3051,624,17,77.5,26.47,16.81,18.49,41.38,71.96,83.48,A+,Pass
3052,624,19,71.95,30.28,19.59,14.31,37.91,58.76,76.51,A,Pass
3053,625,6,36.97,11.44,15.34,7.33,18.06,31.08,39.05,F,Fail
3054,625,1,34.3,20.21,4.8,8.24,23.6,21.43,37.94,F,Fail
3055,625,5,36.33,10.87,11.37,11.17,37.73,31.76,49.25,C,Pass
3056,625,3,43.21,18.05,13.05,7.14,21.38,25.84,40.57,C,Pass
3057,626,68,89.27,25.81,16.54,16.31,33.38,59.42,72.1,A,Pass
3058,626,72,92.28,26.18,11.91,10.74,34.85,64.51,70.75,A,Pass
3059,626,65,87.72,30.06,15.72,12.43,34.77,48.25,67.44,B+,Pass
3060,626,69,85.32,26.86,17.13,15.99,36.45,39.18,64.79,B+,Pass
3061,627,86,93.05,30.52,20.41,20.0,26.87,68.81,78.97,A,Pass
3062,627,85,95.77,35.45,18.37,15.66,40.67,62.19,82.26,A+,Pass
3063,627,83,95.6,30.87,20.9,16.9,37.54,56.12,77.21,A,Pass
3064,627,82,91.28,38.95,20.22,20.0,45.78,65.36,90.95,O,Pass
3065,628,26,49.14,26.81,5.49,14.02,35.75,42.8,60.46,B+,Pass
3066,628,20,58.48,14.53,17.2,10.14,17.72,40.46,46.95,C,Pass
3067,628,18,49.78,19.66,8.16,8.32,24.11,28.46,42.59,C,Pass
3068,628,30,62.32,20.66,11.1,8.39,16.81,38.67,45.42,C,Pass
3069,628,29,58.31,11.38,11.68,9.33,26.57,39.84,46.91,C,Pass
3070,629,38,46.33,25.67,18.26,20.0,40.32,59.33,77.99,A,Pass
3071,629,42,42.89,16.56,11.65,10.62,23.02,46.59,51.5,B,Pass
3072,629,41,44.47,25.11,19.39,11.41,21.33,40.28,55.48,B,Pass
3073,629,40,47.61,29.04,19.35,14.8,28.21,53.0,68.49,B+,Pass
3074,630,16,48.07,21.39,18.44,11.74,17.96,34.91,49.21,C,Pass
3075,630,6,48.17,16.33,17.33,8.91,24.9,51.56,56.06,B,Pass
3076,630,2,48.21,25.09,9.63,11.99,38.17,41.78,60.98,B+,Pass
3077,630,5,59.22,30.17,13.62,13.24,33.48,59.96,71.88,A,Pass
3078,630,15,61.85,21.55,11.74,11.78,23.77,36.84,50.44,B,Pass
3079,631,102,42.63,15.27,7.17,8.24,22.67,46.78,47.79,C,Pass
3080,631,101,42.34,24.2,12.31,8.47,23.16,35.34,49.33,C,Pass
3081,631,97,33.97,19.89,16.91,11.05,25.58,36.18,51.91,B,Pass
3082,631,98,47.57,17.98,9.37,7.55,17.94,35.54,42.07,C,Pass
3083,632,95,78.87,20.7,14.77,10.75,34.31,50.21,62.22,B+,Pass
3084,632,90,72.24,32.05,20.6,14.28,44.84,71.53,87.21,A+,Pass
3085,632,82,71.82,33.4,18.32,15.22,37.5,61.63,79.15,A,Pass
3086,632,91,61.32,25.34,25.0,14.3,38.93,53.5,74.25,A,Pass
3087,633,23,59.52,25.85,18.64,11.11,20.71,32.47,51.44,B,Pass
3088,633,28,63.75,37.09,20.54,13.21,40.55,58.95,81.15,A+,Pass
3089,633,24,63.79,26.93,21.43,14.07,36.43,45.62,68.57,B+,Pass
3090,633,17,59.35,20.08,8.73,10.11,37.81,42.57,57.36,B,Pass
3091,633,30,66.93,23.44,13.76,8.12,29.65,44.96,57.1,B,Pass
3092,634,104,81.22,32.97,19.5,14.45,36.37,57.21,76.39,A,Pass
3093,634,102,67.99,35.37,16.55,19.5,43.18,60.3,83.79,A+,Pass
3094,634,106,68.57,20.54,12.39,6.36,28.23,58.08,59.62,B,Pass
3095,634,101,71.69,34.54,25.0,13.06,35.34,54.56,76.93,A,Pass
3096,635,6,46.68,21.77,16.17,13.73,24.24,55.67,62.32,B+,Pass
3097,635,13,47.34,22.8,20.95,14.77,37.29,48.59,68.48,B+,Pass
3098,635,3,53.35,36.6,23.03,13.66,39.1,65.68,84.54,A+,Pass
3099,635,4,44.29,28.51,20.0,9.53,29.61,41.43,61.16,B+,Pass
3100,635,10,57.03,20.0,18.15,11.98,42.96,52.85,69.39,B+,Pass
3101,635,2,56.19,29.88,12.79,14.08,36.68,44.78,66.33,B+,Pass
3102,636,52,79.87,18.31,19.47,10.51,21.12,47.43,54.89,B,Pass
3103,636,51,71.3,27.23,17.95,14.05,39.89,51.78,71.93,A,Pass
3104,636,53,76.87,26.33,24.05,13.86,45.67,61.35,81.18,A+,Pass
3105,636,50,73.2,27.9,17.06,15.7,34.25,48.12,68.21,B+,Pass
3106,637,88,46.09,32.23,15.07,13.5,22.79,50.68,63.94,B+,Pass
3107,637,81,40.66,20.0,10.68,4.64,23.15,62.06,57.13,B,Pass
3108,637,84,45.58,17.52,9.99,7.96,28.88,33.24,46.68,C,Pass
3109,637,83,38.38,28.09,16.29,16.73,25.23,67.69,73.13,A,Pass
3110,638,75,88.23,35.21,19.13,20.0,50.0,62.01,89.2,A+,Pass
3111,638,78,84.15,40.0,20.66,20.0,36.49,58.56,83.84,A+,Pass
3112,638,71,78.11,38.63,23.17,19.9,48.84,67.72,94.55,O,Pass
3113,638,70,93.73,33.21,16.83,15.68,44.4,64.12,83.3,A+,Pass
3114,639,69,70.61,29.55,21.45,13.2,39.89,47.16,71.9,A,Pass
3115,639,68,66.49,29.11,24.02,16.35,37.48,58.35,78.31,A,Pass
3116,639,66,75.86,33.79,17.53,11.9,43.49,49.64,74.76,A,Pass
3117,639,70,79.28,28.33,18.29,15.66,34.94,51.82,70.97,A,Pass
3118,639,65,70.39,31.88,18.91,10.49,45.14,52.1,75.64,A,Pass
3119,640,67,87.97,25.74,17.59,8.81,34.54,63.12,71.04,A,Pass
3120,640,69,73.04,34.58,18.92,15.05,30.61,46.55,69.41,B+,Pass
3121,640,68,67.56,33.65,20.83,16.34,30.5,59.92,76.54,A,Pass
3122,640,65,83.42,27.53,18.16,16.11,36.64,29.88,61.35,B+,Pass
3123,641,20,71.02,29.05,11.0,17.65,37.53,40.11,65.23,B+,Pass
3124,641,26,77.29,25.05,21.97,18.59,40.57,65.47,81.45,A+,Pass
3125,641,17,70.21,20.8,15.74,17.83,31.26,51.37,65.21,B+,Pass
3126,641,19,64.42,26.03,14.95,6.67,26.71,55.68,61.66,B+,Pass
3127,641,24,67.9,32.18,17.3,19.44,36.21,46.98,72.76,A,Pass
3128,641,22,59.03,19.9,19.3,19.32,34.0,31.2,58.89,B,Pass
3129,642,80,80.69,32.51,17.86,18.87,28.62,49.91,70.44,A,Pass
3130,642,67,85.32,26.36,21.64,16.33,43.61,49.41,74.87,A,Pass
3131,642,71,86.5,29.02,8.4,13.8,32.01,42.07,60.42,B+,Pass
3132,642,68,79.55,40.0,23.83,18.89,43.19,65.17,90.99,O,Pass
3133,642,76,75.69,34.44,15.53,13.01,27.17,54.91,69.15,B+,Pass
3134,643,103,77.47,26.67,14.93,15.81,31.01,42.18,62.4,B+,Pass
3135,643,107,73.81,30.19,19.0,15.97,43.49,61.89,81.31,A+,Pass
3136,643,106,70.16,28.81,17.6,15.98,34.35,62.63,75.84,A,Pass
3137,643,100,77.95,25.06,15.92,12.75,35.44,61.01,71.47,A,Pass
3138,643,97,66.89,30.77,14.21,12.11,35.94,54.68,70.62,A,Pass
3139,643,101,76.34,30.18,15.45,15.41,31.24,53.53,69.58,B+,Pass
3140,644,81,71.96,40.0,20.4,17.29,45.03,48.57,81.99,A+,Pass
3141,644,85,68.48,28.8,21.03,12.78,35.4,53.26,71.76,A,Pass
3142,644,91,67.21,30.01,13.75,8.07,32.55,54.54,66.27,B+,Pass
3143,644,84,72.22,28.24,19.66,14.23,35.76,35.94,63.76,B+,Pass
3144,644,83,60.83,35.24,19.27,16.78,30.32,48.65,71.58,A,Pass
3145,644,82,64.9,23.32,13.52,13.32,32.13,42.68,59.71,B,Pass
3146,645,71,100.0,29.5,25.0,18.26,46.5,64.19,87.09,A+,Pass
3147,645,77,97.22,30.63,14.53,10.28,34.18,60.15,71.43,A,Pass
3148,645,74,99.65,30.25,22.27,16.56,41.8,63.77,82.97,A+,Pass
3149,645,67,89.58,28.28,22.06,16.89,34.59,67.58,80.25,A+,Pass
3150,646,84,37.79,15.23,16.09,9.56,34.3,23.72,47.06,C,Pass
3151,646,85,32.27,19.41,13.07,12.79,29.18,38.41,53.84,B,Pass
3152,646,83,30.48,17.14,9.94,13.08,22.69,35.2,46.86,C,Pass
3153,646,81,45.89,27.44,20.89,6.57,28.31,41.07,58.68,B,Pass
3154,647,56,34.85,13.56,18.52,7.46,20.86,47.19,50.37,B,Pass
3155,647,53,41.07,11.41,5.2,2.0,8.55,22.09,23.37,F,Fail
3156,647,64,34.51,18.0,8.97,12.16,35.01,44.22,56.81,B,Pass
3157,647,51,33.91,17.42,14.19,6.21,14.78,38.89,43.02,C,Pass
3158,647,60,30.0,20.12,16.24,6.24,17.6,34.53,44.59,C,Pass
3159,648,33,100.0,28.67,19.84,15.09,36.78,56.59,74.61,A,Pass
3160,648,34,100.0,35.94,21.61,15.76,35.07,56.45,78.37,A,Pass
3161,648,36,98.47,35.89,25.0,16.23,49.66,61.16,89.43,A+,Pass
3162,648,38,98.28,40.0,19.9,20.0,50.0,62.84,92.29,O,Pass
3163,648,40,93.17,25.52,18.17,17.39,32.91,46.87,67.05,B+,Pass
3164,649,52,99.77,32.57,24.05,13.22,45.75,66.28,86.32,A+,Pass
3165,649,59,97.45,29.74,20.04,14.81,36.85,53.17,73.53,A,Pass
3166,649,60,100.0,40.0,25.0,20.0,46.43,75.0,98.21,O,Pass
3167,649,51,100.0,35.86,25.0,16.04,48.16,61.57,88.76,A+,Pass
3168,649,57,99.74,23.93,23.35,18.36,49.4,52.14,79.51,A,Pass
3169,650,6,52.81,14.44,18.1,12.49,21.58,30.67,45.8,C,Pass
3170,650,8,55.17,14.21,10.58,3.74,25.86,39.88,44.75,C,Pass
3171,650,1,53.21,23.83,13.34,12.39,20.05,42.25,53.19,B,Pass
3172,650,2,58.25,21.83,13.21,8.92,34.55,24.77,49.49,C,Pass
3173,651,81,30.0,27.26,11.99,9.1,25.25,34.96,51.92,B,Pass
3174,651,83,30.0,17.12,13.87,2.22,31.99,26.74,43.69,C,Pass
3175,651,82,30.0,18.1,12.36,8.32,24.13,36.72,47.36,C,Pass
3176,651,86,31.81,10.37,10.83,13.24,28.28,29.27,43.93,C,Pass
3177,651,84,30.0,15.45,9.7,6.35,16.22,47.85,45.22,C,Pass
3178,651,85,30.0,20.99,6.48,10.32,15.51,37.93,43.7,C,Pass
3179,652,54,93.92,37.11,22.59,20.0,44.37,74.31,94.45,O,Pass
3180,652,51,83.07,28.96,19.35,8.47,27.48,36.61,57.28,B,Pass
3181,652,52,77.88,29.48,17.72,13.02,33.64,58.44,72.43,A,Pass
3182,652,58,74.62,29.69,15.56,10.18,35.74,35.56,60.63,B+,Pass
3183,652,62,72.33,28.4,21.78,11.78,29.6,62.64,72.84,A,Pass
3184,653,39,71.49,35.07,18.14,18.32,41.07,39.6,72.96,A,Pass
3185,653,44,74.29,36.26,18.61,18.72,39.81,54.26,80.16,A+,Pass
3186,653,40,83.43,30.05,17.13,17.08,40.01,65.16,80.83,A+,Pass
3187,653,37,70.7,34.09,17.55,13.66,34.56,60.4,76.36,A,Pass
3188,653,36,75.68,25.48,17.02,14.31,34.97,44.04,64.74,B+,Pass
3189,653,42,76.89,35.1,18.76,18.28,35.42,52.92,76.6,A,Pass
3190,654,99,59.43,29.43,16.62,7.88,30.85,37.19,58.08,B,Pass
3191,654,101,54.21,21.18,17.91,14.93,32.89,46.37,63.3,B+,Pass
3192,654,97,70.47,18.87,19.74,9.91,28.48,54.3,61.86,B+,Pass
3193,654,102,61.66,31.21,19.54,13.22,35.77,66.69,79.03,A,Pass
3194,655,42,60.49,17.3,5.31,13.66,27.14,44.78,52.07,B,Pass
3195,655,33,63.84,19.08,12.07,9.9,26.23,44.51,53.21,B,Pass
3196,655,38,44.67,14.35,10.19,12.04,19.8,40.85,46.23,C,Pass
3197,655,37,34.63,14.98,7.78,4.76,15.02,26.57,32.9,F,Fail
3198,655,35,46.14,11.02,3.81,2.0,33.39,32.55,39.92,F,Fail
3199,656,100,68.1,29.28,11.7,17.75,39.67,36.53,65.08,B+,Pass
3200,656,105,70.52,32.46,22.72,12.48,47.23,52.52,79.68,A,Pass
3201,656,99,72.81,32.17,20.06,20.0,38.87,48.85,76.34,A,Pass
3202,656,97,77.36,31.94,13.54,9.63,35.79,57.35,70.86,A,Pass
3203,657,26,58.02,21.1,14.82,6.68,27.47,41.86,53.09,B,Pass
3204,657,19,64.0,38.13,25.0,13.2,33.48,62.27,81.47,A+,Pass
3205,657,17,60.85,21.06,14.51,11.41,30.31,32.42,52.32,B,Pass
3206,657,25,56.46,19.22,16.67,10.36,24.92,34.84,50.18,B,Pass
3207,657,22,55.77,19.05,18.02,10.18,27.35,34.58,51.63,B,Pass
3208,658,88,56.36,31.94,16.24,11.53,25.29,56.14,67.07,B+,Pass
3209,658,84,50.99,21.63,10.01,15.1,26.08,45.59,56.69,B,Pass
3210,658,87,44.9,25.63,19.4,10.37,34.82,43.47,63.45,B+,Pass
3211,658,83,51.14,26.06,19.88,14.8,28.07,51.29,66.35,B+,Pass
3212,658,82,59.77,26.08,16.19,15.05,35.73,71.08,78.07,A,Pass
3213,659,52,63.44,27.21,11.71,14.0,31.44,60.01,69.02,B+,Pass
3214,659,59,57.46,17.22,7.17,7.87,21.88,40.42,45.22,C,Pass
3215,659,51,56.6,29.81,17.32,15.08,36.84,39.66,66.3,B+,Pass
3216,659,60,66.0,28.45,15.45,11.41,25.58,34.56,55.03,B,Pass
3217,659,55,62.25,28.41,22.69,12.88,34.89,48.21,69.66,B+,Pass
3218,660,66,84.7,29.19,19.88,20.0,42.56,68.83,85.95,A+,Pass
3219,660,74,73.98,31.0,21.7,9.7,39.14,62.53,77.78,A,Pass
3220,660,76,93.4,36.3,21.41,20.0,50.0,59.08,89.28,A+,Pass
3221,660,77,83.94,35.92,21.58,20.0,49.73,68.13,93.26,O,Pass
3222,660,79,85.37,34.66,25.0,19.28,50.0,54.16,87.24,A+,Pass
3223,661,10,91.04,34.04,16.64,12.62,40.71,64.73,80.55,A+,Pass
3224,661,14,81.65,25.24,17.39,10.93,42.41,58.17,73.4,A,Pass
3225,661,7,86.21,28.69,24.56,14.35,28.07,36.65,62.48,B+,Pass
3226,661,2,86.99,34.92,16.32,13.47,47.76,56.85,81.13,A+,Pass
3227,661,6,90.74,25.11,16.98,18.17,42.32,62.54,78.78,A,Pass
3228,661,3,93.9,36.8,21.61,16.45,38.52,50.37,78.04,A,Pass
3229,662,50,67.53,25.34,13.83,11.39,35.56,54.58,67.15,B+,Pass
3230,662,53,82.58,26.58,15.14,16.5,35.27,54.56,70.7,A,Pass
3231,662,63,70.87,17.33,10.63,8.75,15.99,32.64,40.52,C,Pass
3232,662,60,70.89,34.65,14.44,15.03,29.9,67.37,77.01,A,Pass
3233,662,64,74.32,19.97,16.95,6.52,24.41,45.56,53.49,B,Pass
3234,663,3,76.31,24.24,14.84,10.04,41.02,57.95,70.63,A,Pass
3235,663,5,81.98,32.64,15.79,10.91,41.4,55.51,74.69,A,Pass
3236,663,1,80.69,25.36,14.16,15.75,38.85,55.73,71.65,A,Pass
3237,663,4,79.79,23.2,11.75,14.88,26.84,52.59,61.7,B+,Pass
3238,664,82,73.6,26.1,14.79,13.21,36.72,47.95,66.31,B+,Pass
3239,664,93,69.76,27.34,16.98,13.52,26.19,47.37,62.42,B+,Pass
3240,664,87,72.89,35.08,20.11,15.64,44.06,51.59,79.51,A,Pass
3241,664,85,78.68,28.94,14.93,10.55,26.07,44.71,59.62,B,Pass
3242,664,90,59.14,33.68,20.4,11.4,36.07,49.65,71.9,A,Pass
3243,665,100,92.0,39.74,23.15,20.0,44.24,67.19,92.61,O,Pass
3244,665,103,92.52,27.48,17.34,13.94,48.05,56.03,77.82,A,Pass
3245,665,98,91.7,38.41,19.64,19.2,38.92,52.67,80.7,A+,Pass
3246,665,97,87.65,39.01,25.0,20.0,44.91,72.2,95.65,O,Pass
3247,666,83,80.2,40.0,24.93,14.01,46.87,75.0,95.41,O,Pass
3248,666,87,79.97,31.1,22.36,12.55,49.29,67.46,86.9,A+,Pass
3249,666,82,77.92,40.0,25.0,20.0,45.12,64.08,92.46,O,Pass
3250,666,85,86.34,40.0,17.9,18.32,45.01,69.71,91.36,O,Pass
3251,667,57,85.29,38.32,25.0,18.33,50.0,57.7,90.25,O,Pass
3252,667,58,79.97,35.83,18.77,18.89,39.04,75.0,89.39,A+,Pass
3253,667,53,80.15,40.0,22.77,20.0,41.28,75.0,94.75,O,Pass
3254,667,60,84.6,38.33,24.89,20.0,46.86,74.02,97.09,O,Pass
3255,668,57,81.77,37.2,25.0,18.46,50.0,65.47,93.38,O,Pass
3256,668,56,75.38,28.76,24.01,20.0,41.39,59.02,82.22,A+,Pass
3257,668,55,82.59,26.91,25.0,14.19,43.95,61.42,81.19,A+,Pass
3258,668,60,81.13,35.42,19.97,20.0,46.36,67.87,90.55,O,Pass
3259,669,56,47.36,25.28,9.88,13.95,25.39,38.4,54.18,B,Pass
3260,669,55,47.23,23.7,14.8,13.88,33.8,48.03,64.02,B+,Pass
3261,669,50,40.31,19.47,7.4,10.98,25.94,31.34,45.78,C,Pass
3262,669,58,34.47,24.37,16.94,12.39,31.46,47.78,63.18,B+,Pass
3263,670,50,41.91,11.75,7.2,3.84,12.84,35.51,33.67,F,Fail
3264,670,51,47.02,28.47,16.16,13.07,35.52,46.36,66.63,B+,Pass
3265,670,56,43.21,17.87,13.77,7.6,32.68,46.31,56.2,B,Pass
3266,670,58,41.32,21.07,11.98,17.82,30.66,38.39,57.48,B,Pass
3267,670,49,43.57,19.93,19.22,11.2,32.22,47.43,61.5,B+,Pass
3268,670,54,44.23,26.0,16.68,17.83,37.82,50.99,71.3,A,Pass
3269,671,51,77.23,39.59,24.32,17.66,42.2,59.85,87.38,A+,Pass
3270,671,49,78.29,31.86,19.52,14.37,37.62,46.87,71.6,A,Pass
3271,671,55,71.25,34.66,22.78,17.05,40.77,52.6,79.9,A,Pass
3272,671,53,88.32,31.66,19.1,11.0,40.61,60.39,77.46,A,Pass
3273,671,52,77.19,25.41,19.54,16.72,26.11,55.17,67.68,B+,Pass
3274,671,56,79.16,38.87,25.0,20.0,42.67,53.8,85.87,A+,Pass
3275,672,3,64.0,36.68,19.95,15.21,41.75,51.18,78.69,A,Pass
3276,672,12,63.22,23.99,24.03,13.3,34.98,42.82,65.73,B+,Pass
3277,672,15,59.57,31.32,19.55,11.92,37.39,60.96,76.59,A,Pass
3278,672,8,64.81,22.87,15.64,5.04,30.78,37.47,53.09,B,Pass
3279,672,2,51.86,23.76,16.52,12.65,37.9,36.95,61.01,B+,Pass
3280,673,88,83.26,27.68,13.45,6.14,24.68,56.05,60.79,B+,Pass
3281,673,85,74.86,33.2,16.74,13.73,45.94,57.18,79.81,A,Pass
3282,673,93,80.54,28.75,19.01,9.97,40.77,58.83,74.81,A,Pass
3283,673,81,78.62,25.04,15.89,14.48,28.91,49.05,63.47,B+,Pass
3284,674,81,61.9,15.56,16.63,12.39,28.87,32.36,50.17,B,Pass
3285,674,86,53.89,4.64,2.15,9.6,29.26,31.23,37.19,F,Fail
3286,674,84,54.5,23.6,7.8,10.29,34.36,39.73,55.78,B,Pass
3287,674,85,65.17,26.74,16.38,9.0,28.35,47.82,60.91,B+,Pass
3288,674,83,53.1,20.23,8.46,5.38,20.69,30.36,40.7,C,Pass
3289,675,69,98.28,31.98,22.17,19.03,34.04,55.34,77.22,A,Pass
3290,675,67,83.99,36.05,23.52,15.14,40.55,62.3,84.35,A+,Pass
3291,675,66,84.62,22.25,20.37,18.37,34.35,58.92,73.13,A,Pass
3292,675,68,89.76,33.14,17.38,19.83,39.37,54.68,78.64,A,Pass
3293,675,65,89.52,36.62,16.0,11.75,32.85,48.73,69.75,B+,Pass
3294,676,50,73.0,40.0,21.75,19.76,44.19,68.05,92.43,O,Pass
3295,676,49,76.3,24.73,14.53,10.1,29.64,41.9,57.6,B,Pass
3296,676,51,86.23,40.0,25.0,18.8,37.39,59.88,86.04,A+,Pass
3297,676,54,80.28,24.3,19.54,11.29,45.83,59.12,76.12,A,Pass
3298,676,53,79.84,34.99,13.03,12.43,37.05,36.88,64.66,B+,Pass
3299,677,30,79.01,31.45,21.66,17.28,31.66,65.79,79.56,A,Pass
3300,677,25,72.15,16.84,10.48,15.13,27.49,55.26,59.71,B,Pass
3301,677,20,70.05,19.1,13.93,16.4,38.63,48.39,65.21,B+,Pass
3302,677,29,64.46,26.22,13.52,14.56,39.9,40.47,64.64,B+,Pass
3303,677,18,64.59,26.53,17.33,13.66,38.25,53.18,70.96,A,Pass
3304,677,17,70.69,30.23,18.47,12.77,30.42,55.1,69.81,B+,Pass
3305,678,36,65.44,23.39,12.93,11.72,35.55,49.58,63.63,B+,Pass
3306,678,34,48.74,23.73,21.58,15.55,35.98,43.63,66.62,B+,Pass
3307,678,38,51.55,28.23,18.28,17.83,36.15,45.85,69.81,B+,Pass
3308,678,33,56.1,31.46,14.14,10.63,34.29,39.72,62.38,B+,Pass
3309,679,104,59.53,18.58,15.63,16.98,34.44,45.8,62.63,B+,Pass
3310,679,98,50.5,28.44,16.54,13.47,30.96,58.93,70.55,A,Pass
3311,679,103,51.35,17.34,8.02,12.05,24.95,34.58,46.51,C,Pass
3312,679,97,60.09,23.51,15.29,15.24,33.72,45.49,63.58,B+,Pass
3313,679,102,53.94,22.0,15.77,11.71,24.21,44.34,55.96,B,Pass
3314,680,69,44.82,26.71,11.47,14.0,31.85,53.68,65.92,B+,Pass
3315,680,68,43.5,29.33,16.53,13.4,26.72,46.93,63.24,B+,Pass
3316,680,67,42.49,22.51,13.02,8.62,20.96,30.43,45.45,C,Pass
3317,680,65,47.27,13.54,7.55,12.26,25.82,38.38,46.74,C,Pass
3318,681,101,64.93,28.98,15.76,12.62,42.1,55.61,74.1,A,Pass
3319,681,102,75.45,40.0,20.87,17.47,37.97,53.88,81.21,A+,Pass
3320,681,99,64.77,24.94,17.45,9.91,28.33,34.99,54.9,B,Pass
3321,681,98,70.15,29.5,17.3,13.74,35.79,61.89,75.32,A,Pass
3322,681,100,69.14,25.03,20.26,14.78,34.16,46.36,66.72,B+,Pass
3323,682,97,64.4,21.67,12.8,12.87,23.46,40.23,52.9,B,Pass
3324,682,102,64.81,20.41,15.45,14.3,25.03,64.46,66.13,B+,Pass
3325,682,100,62.47,25.7,14.8,18.0,33.54,38.6,62.56,B+,Pass
3326,682,98,61.67,18.2,8.21,3.97,12.65,29.58,34.49,F,Fail
3327,682,101,64.57,20.92,16.52,12.27,29.35,47.68,60.13,B+,Pass
3328,683,85,77.64,28.73,17.43,14.43,24.2,53.3,65.52,B+,Pass
3329,683,88,78.25,25.32,22.14,9.97,34.04,42.27,63.24,B+,Pass
3330,683,82,80.01,28.08,20.51,13.65,43.57,72.38,84.63,A+,Pass
3331,683,81,86.37,30.94,15.24,14.96,33.28,47.78,67.98,B+,Pass
3332,683,83,82.87,26.3,20.71,11.46,45.2,43.82,70.21,A,Pass
3333,684,99,76.59,32.63,20.69,13.66,37.47,63.72,79.89,A,Pass
3334,684,104,77.09,33.03,24.76,14.05,42.56,54.7,80.25,A+,Pass
3335,684,109,87.15,33.38,22.4,20.0,36.62,54.68,79.47,A,Pass
3336,684,105,91.02,39.12,21.92,20.0,41.56,60.58,87.38,A+,Pass
3337,684,107,95.73,33.0,21.49,12.25,36.77,63.33,79.16,A,Pass
3338,685,22,62.97,28.58,21.41,10.12,25.06,46.54,62.17,B+,Pass
3339,685,19,61.59,28.75,23.41,11.79,21.7,47.37,62.59,B+,Pass
3340,685,17,56.82,30.31,18.73,15.31,39.81,52.72,74.81,A,Pass
3341,685,21,52.68,26.07,17.64,11.8,36.52,51.76,68.41,B+,Pass
3342,685,20,66.09,27.45,13.65,11.56,37.04,51.15,67.36,B+,Pass
3343,686,12,47.79,26.27,10.6,11.36,21.44,51.64,57.88,B,Pass
3344,686,14,56.23,25.81,14.83,12.51,38.43,40.2,63.07,B+,Pass
3345,686,11,48.57,12.97,13.96,8.06,26.78,35.35,45.99,C,Pass
3346,686,7,53.32,30.89,16.11,15.6,36.05,45.24,68.83,B+,Pass
3347,687,52,68.89,21.3,17.43,13.76,32.96,33.94,56.82,B,Pass
3348,687,63,73.15,33.84,21.02,14.37,45.26,44.66,75.98,A,Pass
3349,687,51,72.06,13.42,16.0,5.68,28.85,34.08,46.28,C,Pass
3350,687,62,72.88,24.54,22.36,13.83,34.75,59.28,73.16,A,Pass
3351,688,93,96.91,39.6,23.38,15.9,36.44,64.55,85.45,A+,Pass
3352,688,86,90.63,38.32,25.0,13.86,44.52,74.93,93.31,O,Pass
3353,688,82,94.63,35.81,20.63,20.0,45.13,74.13,93.31,O,Pass
3354,688,83,90.9,38.62,25.0,19.42,50.0,67.72,95.62,O,Pass
3355,688,88,97.32,39.73,22.25,18.59,43.91,71.68,93.47,O,Pass
3356,688,94,83.65,40.0,18.08,16.51,39.48,58.19,82.38,A+,Pass
3357,689,65,50.99,12.66,16.83,10.91,25.75,34.79,47.63,C,Pass
3358,689,67,44.96,9.52,8.41,3.64,22.0,26.61,33.37,F,Fail
3359,689,73,41.09,26.11,15.77,7.2,26.19,34.68,52.25,B,Pass
3360,689,74,58.41,25.63,10.94,10.52,33.79,43.67,59.72,B,Pass
3361,690,111,40.3,21.9,14.24,7.26,27.7,34.61,50.27,B,Pass
3362,690,99,47.56,29.54,21.34,15.19,29.84,49.81,69.06,B+,Pass
3363,690,112,39.48,21.8,17.08,12.63,26.18,27.12,49.79,C,Pass
3364,690,103,39.97,25.02,10.63,11.98,26.51,44.61,56.83,B,Pass
3365,690,107,37.17,25.69,12.54,9.24,26.27,36.49,52.65,B,Pass
3366,690,109,52.19,21.57,11.9,5.37,24.0,33.72,45.97,C,Pass
3367,691,17,78.61,33.33,17.58,10.37,37.86,58.45,75.09,A,Pass
3368,691,22,65.3,29.26,12.39,14.44,34.08,56.55,70.24,A,Pass
3369,691,28,60.24,34.24,22.88,17.73,35.67,64.44,83.04,A+,Pass
3370,691,19,66.49,26.85,16.42,15.89,29.64,50.4,66.28,B+,Pass
3371,691,18,78.59,27.62,8.93,16.0,31.99,47.49,63.54,B+,Pass
3372,691,31,63.73,35.25,19.86,13.92,47.31,53.67,81.23,A+,Pass
3373,692,20,65.26,21.21,17.4,9.23,37.5,55.75,66.95,B+,Pass
3374,692,17,72.79,23.57,18.23,14.1,26.5,49.3,62.38,B+,Pass
3375,692,22,77.2,26.34,16.68,12.62,31.87,42.39,61.87,B+,Pass
3376,692,21,66.57,27.09,13.94,15.72,24.71,43.86,59.8,B,Pass
3377,693,57,94.54,29.34,22.91,20.0,39.09,51.44,77.39,A,Pass
3378,693,53,85.49,39.1,22.5,15.62,44.39,57.98,85.61,A+,Pass
3379,693,56,91.58,40.0,17.72,19.14,37.4,72.61,89.25,A+,Pass
3380,693,51,87.1,34.85,19.84,18.22,44.71,58.42,84.09,A+,Pass
3381,693,58,81.85,38.66,22.66,20.0,33.94,60.49,83.59,A+,Pass
3382,694,24,75.85,23.11,17.97,11.34,26.94,44.83,58.8,B,Pass
3383,694,19,71.77,22.77,12.91,9.98,12.42,44.07,48.32,C,Pass
3384,694,21,69.77,27.89,19.79,16.54,38.14,45.42,70.4,A,Pass
3385,694,30,69.07,26.82,16.13,9.69,35.56,37.73,60.1,B+,Pass
3386,694,23,72.93,28.88,19.39,13.48,25.29,54.69,67.1,B+,Pass
3387,695,69,73.93,24.58,11.81,9.58,28.85,44.25,56.88,B,Pass
3388,695,71,75.28,33.36,16.22,9.81,33.73,40.64,63.91,B+,Pass
3389,695,73,74.87,26.95,14.43,13.04,29.51,44.48,61.28,B+,Pass
3390,695,74,71.88,29.07,5.18,3.25,25.9,44.47,51.94,B,Pass
3391,695,78,73.58,20.62,11.42,11.51,21.55,47.69,53.66,B,Pass
3392,695,70,72.09,20.11,11.73,8.01,27.92,35.2,49.13,C,Pass
3393,696,35,81.22,36.74,18.8,18.55,35.93,54.3,78.47,A,Pass
3394,696,33,72.55,33.67,20.65,14.62,33.82,45.1,70.36,A,Pass
3395,696,36,81.08,30.42,19.59,11.69,31.26,52.46,69.0,B+,Pass
3396,696,39,84.63,24.11,20.27,14.9,33.17,56.11,70.38,A,Pass
3397,696,40,71.74,40.0,20.05,17.44,41.41,59.13,85.04,A+,Pass
3398,697,50,91.45,30.05,21.35,14.88,34.66,69.23,80.64,A+,Pass
3399,697,49,88.39,33.02,22.66,15.55,37.68,47.47,74.34,A,Pass
3400,697,58,83.85,32.95,22.44,17.89,31.89,64.34,80.37,A+,Pass
3401,697,55,90.43,40.0,23.13,14.93,46.32,66.61,90.96,O,Pass
3402,697,60,87.32,40.0,18.91,17.6,44.42,64.16,88.52,A+,Pass
3403,697,63,89.59,31.31,22.65,13.17,32.84,72.01,81.33,A+,Pass
3404,698,83,70.59,25.52,18.03,10.66,28.84,45.34,60.88,B+,Pass
3405,698,87,63.36,33.71,22.77,15.24,39.39,44.33,73.97,A,Pass
3406,698,84,68.21,27.99,19.42,13.79,31.44,48.7,67.11,B+,Pass
3407,698,82,65.33,23.66,14.42,14.27,31.24,38.51,58.32,B,Pass
3408,698,88,60.86,34.49,13.76,19.06,35.36,46.52,71.67,A,Pass
3409,698,85,68.34,21.71,12.23,9.47,28.64,44.07,55.37,B,Pass
3410,699,59,30.0,18.23,9.97,8.07,20.24,35.96,44.04,C,Pass
3411,699,58,48.97,20.46,19.34,19.12,29.49,44.1,62.85,B+,Pass
3412,699,60,49.0,20.77,12.45,9.65,34.23,39.98,55.96,B,Pass
3413,699,51,50.67,25.19,9.79,6.08,26.98,39.45,51.45,B,Pass
3414,699,56,38.53,20.94,14.49,7.95,30.2,50.57,58.94,B,Pass
3415,699,54,49.69,16.99,8.99,7.03,26.8,31.59,43.75,C,Pass
3416,700,17,59.19,23.67,16.08,5.51,29.68,34.96,52.18,B,Pass
3417,700,20,59.56,16.01,5.55,10.24,26.69,28.04,41.77,C,Pass
3418,700,23,56.39,24.85,15.84,11.52,32.28,41.65,60.09,B+,Pass
3419,700,21,51.85,13.21,11.04,10.35,36.8,37.19,51.96,B,Pass
3420,700,18,59.11,20.62,17.63,13.59,24.93,33.88,52.43,B,Pass
3421,700,24,57.54,14.95,13.76,6.55,30.39,39.93,50.08,B,Pass
3422,701,58,71.83,19.48,8.69,9.12,31.67,50.62,57.23,B,Pass
3423,701,63,67.23,22.83,13.94,15.69,25.33,34.24,53.48,B,Pass
3424,701,60,63.82,27.93,15.16,12.69,28.64,29.35,54.39,B,Pass
3425,701,55,70.54,26.95,10.78,11.07,29.17,49.7,61.09,B+,Pass
3426,701,50,49.57,20.39,14.17,10.08,29.28,42.32,55.29,B,Pass
3427,702,26,100.0,35.61,22.5,15.76,50.0,42.21,79.38,A,Pass
3428,702,20,98.6,30.13,19.66,16.44,38.31,49.05,73.19,A,Pass
3429,702,17,100.0,40.0,18.06,20.0,41.34,65.92,88.66,A+,Pass
3430,702,18,92.54,36.3,25.0,20.0,46.1,52.47,85.68,A+,Pass
3431,703,25,64.49,24.99,18.17,7.75,31.96,47.59,61.83,B+,Pass
3432,703,19,57.97,13.64,5.54,7.88,19.04,24.07,33.73,F,Fail
3433,703,28,50.12,23.53,14.48,10.24,25.76,46.54,57.27,B,Pass
3434,703,32,62.57,24.5,17.51,14.17,34.12,40.1,62.11,B+,Pass
3435,703,20,58.47,24.63,14.24,13.37,21.3,49.07,58.24,B,Pass
3436,703,21,63.8,24.74,19.19,10.7,27.39,56.36,65.39,B+,Pass
3437,704,36,70.46,29.5,20.06,12.17,30.66,42.59,64.07,B+,Pass
3438,704,33,73.37,29.42,11.75,12.03,29.49,34.08,56.08,B,Pass
3439,704,42,69.63,23.16,19.76,11.14,26.29,51.17,62.08,B+,Pass
3440,704,45,70.89,28.45,15.65,11.81,27.84,53.48,65.27,B+,Pass
3441,704,44,82.12,31.5,23.35,12.44,30.83,44.17,67.34,B+,Pass
3442,705,54,75.49,28.56,23.83,16.31,34.8,58.23,76.54,A,Pass
3443,705,53,76.94,34.29,17.7,14.44,29.83,47.48,68.52,B+,Pass
3444,705,59,73.74,40.0,24.21,14.59,50.0,53.6,86.99,A+,Pass
3445,705,57,75.15,33.08,18.06,15.94,45.37,66.67,85.53,A+,Pass
3446,706,82,76.55,33.39,24.14,20.0,42.93,75.0,92.82,O,Pass
3447,706,83,74.51,32.38,19.96,11.66,37.3,62.3,77.73,A,Pass
3448,706,85,69.86,33.42,20.93,20.0,41.23,57.48,82.52,A+,Pass
3449,706,88,75.07,31.12,21.9,17.55,43.26,55.97,80.84,A+,Pass
3450,706,87,77.73,27.43,21.86,17.44,45.79,65.26,84.53,A+,Pass
3451,706,84,67.67,34.8,24.77,20.0,47.52,55.32,86.89,A+,Pass
3452,707,81,68.68,32.47,24.04,20.0,49.11,63.86,90.21,O,Pass
3453,707,84,64.1,35.24,20.78,12.98,46.3,60.42,83.76,A+,Pass
3454,707,83,65.57,28.38,21.83,14.84,36.87,33.2,64.27,B+,Pass
3455,707,85,58.37,29.31,16.9,13.18,36.32,58.92,73.66,A,Pass
3456,708,103,32.63,20.52,16.78,9.64,31.95,48.81,60.55,B+,Pass
3457,708,100,30.0,17.44,13.43,15.22,26.9,41.44,54.5,B,Pass
3458,708,98,39.35,23.5,15.91,8.95,30.31,47.87,60.08,B+,Pass
3459,708,102,30.0,15.99,14.75,10.62,24.6,27.97,44.56,C,Pass
3460,709,10,56.69,30.81,21.62,13.68,39.65,43.38,70.96,A,Pass
3461,709,2,56.47,30.7,18.4,13.48,30.55,45.89,66.14,B+,Pass
3462,709,1,47.17,31.03,17.97,12.56,33.85,50.21,69.34,B+,Pass
3463,709,6,56.84,27.25,11.76,6.23,21.81,41.31,51.63,B,Pass
3464,710,104,69.59,22.43,16.08,12.47,33.6,49.04,63.57,B+,Pass
3465,710,100,68.05,27.28,21.37,15.74,40.75,53.12,75.23,A,Pass
3466,710,101,79.4,20.25,10.62,13.23,23.46,40.0,51.38,B,Pass
3467,710,106,67.46,25.22,21.39,12.81,28.27,55.89,67.79,B+,Pass
3468,711,53,52.44,17.58,18.68,13.28,34.62,34.92,56.51,B,Pass
3469,711,52,47.27,28.17,13.56,15.29,33.33,44.44,64.56,B+,Pass
3470,711,51,51.2,17.72,8.89,7.44,26.32,34.76,45.52,C,Pass
3471,711,49,47.55,18.96,16.02,13.13,39.05,47.79,64.28,B+,Pass
3472,712,90,59.0,21.71,12.65,14.32,30.73,41.47,57.79,B,Pass
3473,712,86,64.0,23.36,19.49,11.73,41.71,45.78,67.56,B+,Pass
3474,712,84,60.75,19.91,10.78,12.22,41.92,48.81,64.11,B+,Pass
3475,712,87,43.79,32.11,19.42,16.2,35.38,43.42,69.88,B+,Pass
3476,712,89,54.86,27.51,15.08,14.94,34.36,59.25,72.09,A,Pass
3477,712,83,58.29,28.14,9.3,12.58,37.05,48.67,65.32,B+,Pass
3478,713,82,60.85,27.06,16.19,14.6,31.58,49.51,66.19,B+,Pass
3479,713,87,69.63,31.55,17.96,12.1,39.83,47.74,71.2,A,Pass
3480,713,86,62.81,31.2,23.02,15.72,40.94,58.68,80.53,A+,Pass
3481,713,85,63.27,22.51,14.36,13.73,29.6,43.17,58.81,B,Pass
3482,713,88,72.2,23.92,13.15,12.6,36.88,44.79,62.86,B+,Pass
3483,713,83,63.44,25.29,21.97,7.76,30.91,39.44,59.18,B,Pass
3484,714,8,50.66,26.0,13.88,11.31,30.23,41.64,58.75,B,Pass
3485,714,4,54.21,25.24,12.22,9.71,33.43,39.85,57.67,B,Pass
3486,714,6,48.9,27.52,18.46,4.86,36.35,57.14,68.41,B+,Pass
3487,714,1,54.29,19.48,15.3,18.56,17.4,39.52,52.28,B,Pass
3488,715,80,62.42,27.34,14.96,14.19,27.08,50.27,63.75,B+,Pass
3489,715,69,60.55,32.46,19.75,20.0,36.56,58.74,79.82,A,Pass
3490,715,79,60.52,35.03,22.37,16.85,37.83,57.14,80.47,A+,Pass
3491,715,70,53.37,33.05,19.33,19.06,40.26,49.83,77.17,A,Pass
3492,716,49,85.91,29.92,20.14,14.47,43.95,63.77,81.98,A+,Pass
3493,716,55,79.29,27.87,20.78,12.82,36.18,52.97,71.46,A,Pass
3494,716,60,90.88,29.75,19.58,17.21,37.26,54.03,75.15,A,Pass
3495,716,57,86.2,39.54,20.84,14.77,37.63,70.91,87.4,A+,Pass
3496,716,54,78.18,31.57,18.08,16.83,43.89,71.85,86.9,A+,Pass
3497,716,62,82.46,33.65,24.12,12.85,39.96,68.81,84.99,A+,Pass
3498,717,83,70.71,38.31,25.0,17.42,48.64,62.77,91.48,O,Pass
3499,717,89,89.05,40.0,22.12,18.97,38.49,69.77,90.14,O,Pass
3500,717,85,70.42,39.57,20.95,15.77,44.08,58.61,85.44,A+,Pass
3501,717,81,83.02,31.18,23.03,14.98,35.87,59.44,77.97,A,Pass
3502,717,87,78.2,40.0,23.43,18.85,40.58,75.0,94.08,O,Pass
3503,717,90,75.2,35.3,25.0,18.06,40.73,73.93,91.55,O,Pass
3504,718,49,48.95,5.25,12.45,7.26,26.59,29.91,38.49,F,Fail
3505,718,60,41.27,15.32,6.87,14.14,22.46,40.06,47.4,C,Pass
3506,718,58,43.17,16.08,9.83,4.7,18.73,41.19,42.91,C,Pass
3507,718,52,44.32,22.96,14.81,8.39,29.74,36.28,53.4,B,Pass
3508,719,29,69.63,22.24,12.41,2.47,30.7,42.24,52.38,B,Pass
3509,719,20,66.67,31.95,12.49,20.0,27.5,49.28,67.72,B+,Pass
3510,719,26,67.43,18.93,12.5,10.92,22.84,49.78,54.57,B,Pass
3511,719,21,69.32,22.85,19.48,9.86,31.15,44.16,60.33,B+,Pass
3512,720,97,73.66,30.99,13.39,14.21,27.97,49.82,65.19,B+,Pass
3513,720,105,80.47,24.51,18.98,12.62,22.88,44.75,58.48,B,Pass
3514,720,101,74.93,34.67,22.88,13.46,28.71,46.93,69.47,B+,Pass
3515,720,100,74.46,25.16,18.12,19.55,39.71,56.92,76.02,A,Pass
3516,720,98,72.7,31.21,18.53,16.67,38.2,52.9,75.14,A,Pass
3517,720,106,72.04,31.01,23.49,15.51,36.85,57.64,77.98,A,Pass
3518,721,85,74.29,24.89,20.87,8.01,26.12,49.44,60.94,B+,Pass
3519,721,90,61.76,26.97,13.72,12.45,32.17,58.8,68.72,B+,Pass
3520,721,86,67.28,24.05,19.71,14.61,29.31,26.0,54.01,B,Pass
3521,721,94,69.85,20.11,12.64,17.47,36.5,34.93,58.39,B,Pass
3522,721,91,64.24,29.54,19.43,12.26,23.77,40.61,59.51,B,Pass
3523,722,91,94.42,22.5,20.2,14.69,29.71,58.43,68.79,B+,Pass
3524,722,93,92.66,32.91,13.6,11.46,33.19,49.76,67.44,B+,Pass
3525,722,95,77.52,29.12,19.93,17.09,32.86,46.04,68.99,B+,Pass
3526,722,90,88.79,22.3,16.05,12.01,25.57,38.64,54.39,B,Pass
3527,723,33,70.69,29.76,19.15,13.02,38.0,60.38,76.23,A,Pass
3528,723,34,63.11,28.09,18.75,13.71,43.55,51.57,74.24,A,Pass
3529,723,36,71.09,31.99,16.07,12.59,31.51,45.68,65.79,B+,Pass
3530,723,35,72.87,32.59,20.65,11.64,38.72,57.55,76.59,A,Pass
3531,724,72,75.54,29.62,17.77,14.89,44.47,51.04,75.42,A,Pass
3532,724,78,72.79,35.31,14.14,17.94,35.25,46.54,71.62,A,Pass
3533,724,68,80.82,22.02,16.04,9.59,41.21,47.83,65.15,B+,Pass
3534,724,80,71.28,31.32,13.11,11.58,37.64,49.99,68.85,B+,Pass
3535,724,74,74.54,25.49,16.42,15.69,33.32,47.51,65.99,B+,Pass
3536,724,71,78.8,26.24,11.66,13.73,37.45,49.98,66.7,B+,Pass
3537,725,2,61.95,20.04,18.25,10.72,23.78,40.62,53.52,B,Pass
3538,725,5,72.49,27.43,15.66,17.6,30.06,44.87,64.74,B+,Pass
3539,725,12,62.16,15.53,8.62,9.56,22.88,47.27,49.49,C,Pass
3540,725,9,68.68,26.15,11.86,11.29,32.12,33.06,54.95,B,Pass
3541,725,14,66.16,17.48,2.0,3.54,18.49,39.65,39.05,F,Fail
3542,725,3,70.97,19.11,12.02,17.69,31.68,49.12,61.97,B+,Pass
3543,726,44,46.83,19.83,5.52,6.29,18.51,24.36,35.89,F,Fail
3544,726,35,55.42,18.5,11.11,11.25,18.09,27.11,41.02,C,Pass
3545,726,42,52.12,14.07,11.59,7.15,12.25,27.79,34.34,F,Fail
3546,726,34,47.97,26.53,12.19,12.79,18.27,39.78,52.23,B,Pass
3547,726,46,42.29,22.63,9.37,6.55,29.58,36.85,50.33,B,Pass
3548,727,90,53.18,27.34,17.31,16.72,35.3,48.03,69.02,B+,Pass
3549,727,84,60.61,22.44,12.42,3.56,28.9,40.56,51.35,B,Pass
3550,727,94,65.19,24.07,19.37,10.53,27.77,42.53,58.78,B,Pass
3551,727,95,65.18,25.51,17.26,14.84,36.99,49.93,68.88,B+,Pass
3552,727,83,60.43,26.1,17.77,12.76,28.98,42.51,60.86,B+,Pass
3553,728,36,45.62,27.81,18.31,11.55,26.28,35.23,56.58,B,Pass
3554,728,35,43.17,32.9,19.42,13.46,34.09,44.89,68.94,B+,Pass
3555,728,38,44.02,33.56,16.01,12.85,28.44,48.72,66.57,B+,Pass
3556,728,33,46.63,21.66,17.62,5.97,32.63,33.65,52.88,B,Pass
3557,728,34,38.89,26.47,8.46,10.62,32.15,59.76,65.89,B+,Pass
3558,728,37,44.61,16.67,5.89,5.69,21.35,39.86,42.81,C,Pass
3559,729,85,69.95,29.67,13.4,14.8,31.54,49.39,66.41,B+,Pass
3560,729,88,73.2,18.94,16.81,11.89,40.76,44.3,63.2,B+,Pass
3561,729,87,74.93,27.32,16.77,16.19,33.43,44.36,65.87,B+,Pass
3562,729,84,73.36,20.19,13.76,14.63,27.77,40.6,55.74,B,Pass
3563,729,83,69.67,22.15,21.3,11.21,36.05,41.05,62.38,B+,Pass
3564,730,107,95.33,31.99,17.91,20.0,36.53,51.28,75.36,A,Pass
3565,730,100,87.62,34.35,18.05,18.37,40.46,54.75,79.36,A,Pass
3566,730,103,99.25,30.76,19.21,18.95,41.56,54.98,78.97,A,Pass
3567,730,105,95.46,37.41,15.65,18.18,42.71,54.27,80.74,A+,Pass
3568,731,90,57.31,30.93,18.02,16.58,34.17,55.59,73.99,A,Pass
3569,731,84,54.44,33.15,16.58,11.52,37.88,52.58,72.45,A,Pass
3570,731,89,61.36,20.59,14.96,17.48,28.1,44.94,60.04,B+,Pass
3571,731,85,57.07,28.65,22.77,12.85,37.05,51.7,72.51,A,Pass
3572,731,81,63.15,29.57,16.62,14.26,40.67,52.91,73.59,A,Pass
3573,731,92,58.81,33.04,16.3,19.34,37.12,53.67,76.32,A,Pass
3574,732,4,66.17,33.6,18.16,18.98,37.46,44.25,72.94,A,Pass
3575,732,8,61.42,29.47,20.15,13.15,28.58,48.07,66.09,B+,Pass
3576,732,6,68.77,37.79,25.0,20.0,42.61,59.15,87.81,A+,Pass
3577,732,11,68.33,30.82,20.18,11.28,30.38,50.98,68.1,B+,Pass
3578,732,7,75.9,21.29,17.35,17.77,32.4,55.28,68.47,B+,Pass
3579,732,13,71.13,36.14,20.25,16.97,41.3,55.93,81.41,A+,Pass
3580,733,84,34.43,20.4,16.09,11.01,29.85,44.78,57.96,B,Pass
3581,733,83,30.0,18.83,17.94,12.15,38.85,29.19,55.72,B,Pass
3582,733,90,31.05,23.38,18.16,9.63,27.02,25.75,49.3,C,Pass
3583,733,89,32.63,18.52,13.83,10.87,34.15,34.5,53.4,B,Pass
3584,734,53,100.0,30.6,23.2,17.91,38.52,55.01,78.46,A,Pass
3585,734,58,100.0,32.87,23.6,17.15,44.99,73.6,91.29,O,Pass
3586,734,57,90.07,32.26,17.05,16.92,34.36,57.39,75.37,A,Pass
3587,734,56,100.0,39.49,21.07,20.0,43.44,56.5,86.26,A+,Pass
3588,735,14,64.5,35.78,25.0,20.0,41.2,64.02,88.37,A+,Pass
3589,735,3,56.52,37.35,19.07,16.53,49.47,56.92,85.87,A+,Pass
3590,735,8,58.5,38.09,25.0,14.04,43.98,67.85,89.72,A+,Pass
3591,735,4,64.38,24.65,24.93,12.33,34.47,52.45,70.17,A,Pass
3592,736,67,70.58,22.61,18.53,16.17,44.39,47.53,71.18,A,Pass
3593,736,72,68.42,26.67,17.32,12.31,37.72,42.56,65.14,B+,Pass
3594,736,71,63.0,17.78,17.1,14.81,24.7,47.94,57.85,B,Pass
3595,736,74,65.4,27.39,12.61,10.23,38.81,37.62,60.81,B+,Pass
3596,737,72,49.6,21.71,16.43,12.53,35.8,33.7,57.32,B,Pass
3597,737,70,48.91,17.51,11.19,13.46,25.01,37.62,50.03,B,Pass
3598,737,66,49.95,21.47,12.56,10.68,28.25,46.41,56.88,B,Pass
3599,737,68,52.52,30.06,16.55,9.95,22.85,56.12,64.24,B+,Pass
3600,737,65,55.29,26.82,10.19,7.65,30.76,42.96,56.74,B,Pass
3601,738,21,84.2,27.01,22.02,20.0,38.75,64.36,81.72,A+,Pass
3602,738,20,77.82,28.75,17.16,11.05,27.33,55.93,66.53,B+,Pass
3603,738,17,68.44,32.49,19.69,13.12,38.09,47.14,71.72,A,Pass
3604,738,19,72.77,29.59,15.27,11.38,28.54,53.26,65.72,B+,Pass
3605,739,67,70.37,20.29,12.94,7.22,28.47,30.41,47.36,C,Pass
3606,739,66,67.07,16.62,11.7,11.41,28.33,43.25,53.04,B,Pass
3607,739,65,58.31,28.12,14.8,10.65,21.86,45.01,57.24,B,Pass
3608,739,69,67.38,26.6,15.13,12.58,26.37,47.84,61.15,B+,Pass
3609,739,68,61.05,26.13,9.66,12.89,31.63,39.77,57.74,B,Pass
3610,739,70,63.93,24.92,13.46,13.48,28.77,44.61,59.79,B,Pass
3611,740,82,74.73,34.96,17.68,10.24,50.0,56.22,80.91,A+,Pass
3612,740,83,71.6,24.62,20.12,17.8,31.68,56.3,71.37,A,Pass
3613,740,90,75.79,23.01,17.7,10.45,28.98,47.31,60.38,B+,Pass
3614,740,91,68.92,22.9,21.22,19.29,37.03,52.75,72.71,A,Pass
3615,740,88,71.44,32.37,18.92,16.19,30.45,60.03,75.09,A,Pass
3616,741,23,62.54,36.4,25.0,14.59,34.17,58.34,79.81,A,Pass
3617,741,22,71.13,35.61,17.52,17.18,42.05,57.23,81.14,A+,Pass
3618,741,21,65.19,23.62,14.16,9.91,43.92,52.64,68.95,B+,Pass
3619,741,17,72.81,31.08,22.66,20.0,46.39,62.59,87.01,A+,Pass
3620,741,18,65.71,34.68,23.59,15.79,43.6,59.65,84.31,A+,Pass
3621,741,19,73.04,30.86,24.16,16.68,41.68,65.45,84.82,A+,Pass
3622,742,100,55.5,14.67,17.85,6.05,26.22,41.05,49.77,C,Pass
3623,742,97,52.42,30.29,19.32,11.5,38.2,51.4,71.71,A,Pass
3624,742,99,53.53,27.38,13.73,8.68,17.37,55.94,58.31,B,Pass
3625,742,101,63.58,28.71,15.91,14.38,35.76,37.2,63.15,B+,Pass
3626,743,84,66.81,29.17,19.45,8.96,32.27,47.68,65.23,B+,Pass
3627,743,85,63.44,30.7,14.37,10.77,34.96,58.82,71.41,A,Pass
3628,743,83,69.04,19.79,15.87,9.19,34.72,56.6,64.61,B+,Pass
3629,743,86,58.59,23.58,14.76,11.99,30.41,58.75,66.31,B+,Pass
3630,743,82,64.49,20.72,15.01,14.51,29.46,49.74,61.56,B+,Pass
3631,744,101,67.5,15.31,15.84,9.89,27.42,49.19,55.6,B,Pass
3632,744,97,59.52,21.12,13.4,6.75,26.62,42.53,52.45,B,Pass
3633,744,100,64.0,20.09,10.95,3.85,17.82,16.69,33.05,F,Fail
3634,744,99,55.11,19.68,15.4,8.18,27.14,37.88,51.34,B,Pass
3635,745,87,74.08,30.91,14.87,13.41,36.91,54.91,72.19,A,Pass
3636,745,82,59.11,27.14,15.1,15.44,27.94,44.58,62.1,B+,Pass
3637,745,91,65.39,22.04,12.65,8.27,29.04,46.99,56.67,B,Pass
3638,745,90,69.27,17.37,17.9,11.57,33.47,61.11,66.88,B+,Pass
3639,745,86,66.65,25.21,13.28,8.35,23.06,36.72,50.76,B,Pass
3640,745,93,60.75,26.28,16.15,6.57,35.24,60.19,68.6,B+,Pass
3641,746,3,99.67,35.27,17.77,19.76,47.67,66.8,89.64,A+,Pass
3642,746,1,95.05,30.9,25.0,18.32,44.92,66.1,87.91,A+,Pass
3643,746,5,100.0,35.33,16.59,19.86,45.99,54.2,82.51,A+,Pass
3644,746,4,100.0,36.2,11.81,17.07,37.44,57.52,76.92,A,Pass
3645,747,3,75.94,31.7,17.57,7.54,33.76,55.23,69.31,B+,Pass
3646,747,1,64.44,25.05,25.0,16.74,39.12,61.37,79.1,A,Pass
3647,747,5,75.73,28.57,16.85,13.33,33.76,47.17,66.58,B+,Pass
3648,747,4,73.18,29.46,20.86,17.68,39.42,67.29,83.03,A+,Pass
3649,748,9,67.34,21.27,10.62,12.06,33.75,46.72,59.59,B,Pass
3650,748,7,67.68,32.3,18.26,13.23,40.45,56.24,76.55,A,Pass
3651,748,3,68.41,26.96,18.1,11.58,37.55,36.76,62.44,B+,Pass
3652,748,4,52.21,27.51,21.36,14.81,38.37,55.3,74.7,A,Pass
3653,748,2,63.48,25.93,18.94,13.11,30.06,53.62,67.15,B+,Pass
3654,749,34,55.8,23.28,15.92,12.75,28.9,40.68,57.82,B,Pass
3655,749,36,49.63,24.91,10.56,11.21,32.16,41.44,57.7,B,Pass
3656,749,37,60.68,22.57,12.48,15.67,25.46,42.1,56.49,B,Pass
3657,749,33,41.43,13.44,9.11,9.76,25.74,40.73,47.12,C,Pass
3658,750,11,50.52,22.93,9.47,5.93,30.95,38.99,51.89,B,Pass
3659,750,14,47.68,18.81,6.75,2.0,15.34,40.89,39.86,F,Fail
3660,750,5,56.63,18.86,8.77,12.02,15.82,30.68,41.18,C,Pass
3661,750,3,49.53,22.6,15.66,9.08,35.29,35.77,56.44,B,Pass
3662,750,6,53.98,21.03,9.23,10.51,22.3,53.4,55.54,B,Pass
3663,751,54,87.62,29.19,18.22,17.33,40.25,61.09,79.18,A,Pass
3664,751,56,79.91,34.77,17.99,15.77,47.7,64.21,86.28,A+,Pass
3665,751,57,75.64,30.33,17.72,11.18,39.28,57.14,74.15,A,Pass
3666,751,55,85.18,30.78,24.53,18.09,47.44,51.47,81.99,A+,Pass
3667,751,51,76.63,32.87,22.34,15.42,45.63,69.68,88.42,A+,Pass
3668,752,19,89.93,37.1,25.0,17.32,48.84,57.41,88.42,A+,Pass
3669,752,20,92.51,37.56,23.07,17.58,41.98,71.13,90.98,O,Pass
3670,752,22,89.59,39.81,24.16,18.52,50.0,68.8,95.93,O,Pass
3671,752,21,92.16,24.51,21.29,18.77,48.38,75.0,89.35,A+,Pass
3672,752,18,82.71,38.76,22.5,20.0,50.0,55.61,89.33,A+,Pass
3673,752,17,97.51,35.1,23.39,16.49,50.0,62.66,89.39,A+,Pass
3674,753,32,84.09,25.2,15.06,12.53,42.88,35.62,62.95,B+,Pass
3675,753,17,83.09,26.86,20.77,13.06,47.22,46.41,73.54,A,Pass
3676,753,30,75.3,30.53,18.53,18.75,38.79,46.15,72.98,A,Pass
3677,753,21,78.87,34.74,20.09,10.61,43.12,63.2,81.77,A+,Pass
3678,753,26,78.98,32.51,22.83,19.48,40.41,60.35,83.49,A+,Pass
3679,753,22,89.56,21.96,16.81,12.55,47.23,52.96,72.31,A,Pass
3680,754,42,72.08,17.05,18.46,8.7,26.99,45.79,55.12,B,Pass
3681,754,38,71.22,26.47,19.06,16.63,34.03,65.23,76.63,A,Pass
3682,754,34,62.13,22.55,22.69,15.16,37.61,52.35,71.16,A,Pass
3683,754,35,66.94,23.19,23.17,13.1,28.99,39.58,60.38,B+,Pass
3684,755,99,100.0,25.54,17.7,11.79,34.8,55.27,68.94,B+,Pass
3685,755,107,100.0,39.59,24.53,20.0,34.66,63.93,86.77,A+,Pass
3686,755,102,100.0,40.0,22.91,20.0,42.73,75.0,95.53,O,Pass
3687,755,105,94.87,37.43,20.54,18.57,44.01,50.57,81.82,A+,Pass
3688,756,111,75.38,17.48,15.2,14.03,25.81,43.15,54.87,B,Pass
3689,756,105,75.77,20.44,16.03,10.32,35.36,46.71,61.27,B+,Pass
3690,756,110,63.28,25.52,23.1,12.92,39.03,42.83,67.96,B+,Pass
3691,756,103,77.03,24.2,11.79,15.12,23.15,34.11,51.86,B,Pass
3692,756,109,68.65,20.54,15.33,13.14,35.21,65.32,71.06,A,Pass
3693,756,99,64.7,39.46,17.97,15.12,31.54,51.97,74.49,A,Pass
3694,757,1,92.04,33.25,25.0,18.68,45.91,70.96,92.03,O,Pass
3695,757,5,93.97,30.35,22.35,14.26,31.34,57.63,73.81,A,Pass
3696,757,3,83.5,19.38,22.73,13.3,34.78,54.24,68.13,B+,Pass
3697,757,4,79.44,28.26,24.63,15.45,42.89,57.29,79.89,A,Pass
3698,758,35,78.18,24.66,12.54,16.98,33.21,48.88,65.25,B+,Pass
3699,758,37,69.99,37.48,19.27,14.67,39.16,65.05,83.72,A+,Pass
3700,758,33,71.48,19.45,12.98,8.33,34.52,44.29,57.02,B,Pass
3701,758,36,69.03,35.32,18.25,13.79,49.42,73.76,90.99,O,Pass
3702,759,68,74.94,33.36,17.2,9.03,35.55,44.6,66.66,B+,Pass
3703,759,67,67.96,35.09,20.08,16.16,47.1,70.39,90.05,O,Pass
3704,759,73,77.57,29.88,16.67,13.63,40.99,65.92,79.68,A,Pass
3705,759,71,70.95,25.6,14.31,14.94,37.78,66.25,75.8,A,Pass
3706,760,50,66.52,26.62,25.0,19.6,50.0,63.23,87.62,A+,Pass
3707,760,52,62.49,30.11,20.25,18.05,39.39,69.98,84.53,A+,Pass
3708,760,62,76.25,36.83,22.23,20.0,50.0,59.06,89.87,A+,Pass
3709,760,55,77.49,36.57,25.0,16.27,34.61,44.86,74.66,A,Pass
3710,760,57,66.87,26.96,22.42,14.1,37.93,67.45,79.94,A,Pass
3711,761,104,100.0,25.12,16.47,15.27,28.83,48.48,63.82,B+,Pass
3712,761,99,91.14,40.0,16.61,16.26,39.81,61.69,83.47,A+,Pass
3713,761,106,90.43,32.58,17.54,11.35,46.31,53.72,77.21,A,Pass
3714,761,103,97.15,34.29,19.22,17.81,38.3,64.08,82.79,A+,Pass
3715,762,67,68.67,35.12,20.56,14.46,36.62,57.03,77.94,A,Pass
3716,762,78,68.49,37.91,24.48,16.21,50.0,59.67,89.7,A+,Pass
3717,762,66,67.0,32.08,16.58,14.46,34.5,55.51,73.05,A,Pass
3718,762,71,64.0,36.05,16.91,19.46,38.6,56.89,80.36,A+,Pass
3719,762,77,67.59,32.2,17.71,14.78,40.08,61.88,79.49,A,Pass
3720,762,70,62.13,30.28,17.98,14.9,22.61,51.0,64.89,B+,Pass
3721,763,61,68.83,26.82,15.78,14.45,39.38,54.79,72.2,A,Pass
3722,763,57,72.81,26.21,22.88,14.47,47.19,57.96,80.13,A+,Pass
3723,763,49,70.29,22.47,15.95,12.61,31.04,46.82,61.29,B+,Pass
3724,763,51,69.48,29.24,17.78,13.65,34.92,59.9,73.97,A,Pass
3725,764,97,80.13,31.83,24.09,14.44,35.53,58.78,77.96,A,Pass
3726,764,98,78.92,20.38,25.0,19.2,35.41,46.32,69.11,B+,Pass
3727,764,100,81.79,24.74,14.07,9.92,35.26,53.45,65.53,B+,Pass
3728,764,101,75.59,38.8,20.74,15.65,46.33,71.75,92.17,O,Pass
3729,764,99,72.41,33.76,20.71,17.05,46.22,49.19,79.75,A,Pass
3730,764,102,82.06,33.15,20.98,17.83,43.37,53.8,80.67,A+,Pass
3731,765,24,83.3,29.96,17.73,9.59,46.31,56.91,76.58,A,Pass
3732,765,19,88.55,26.75,19.19,12.03,33.69,56.79,70.41,A,Pass
3733,765,21,82.28,32.91,16.38,12.11,34.29,52.65,70.78,A,Pass
3734,765,17,81.78,31.9,22.15,13.58,37.57,46.45,72.07,A,Pass
3735,766,40,82.84,29.83,16.3,12.61,38.18,55.73,72.84,A,Pass
3736,766,35,65.15,24.11,16.97,15.24,26.33,52.42,64.09,B+,Pass
3737,766,39,69.82,34.66,12.23,13.01,30.39,52.89,68.61,B+,Pass
3738,766,34,66.61,28.26,22.06,12.7,29.72,52.43,68.63,B+,Pass
3739,766,37,79.61,26.72,14.28,15.93,32.47,39.03,61.49,B+,Pass
3740,766,33,73.13,34.15,15.83,9.08,31.54,53.23,68.56,B+,Pass
3741,767,50,51.01,33.86,16.97,12.3,42.72,53.67,76.28,A,Pass
3742,767,49,59.42,30.58,21.62,16.61,41.44,45.32,74.11,A,Pass
3743,767,56,49.49,26.68,14.43,10.85,34.52,62.41,70.92,A,Pass
3744,767,51,57.71,23.69,23.46,15.17,41.42,50.26,72.98,A,Pass
3745,767,55,49.34,31.59,21.1,20.0,47.09,60.49,86.01,A+,Pass
3746,768,66,70.63,26.75,15.47,12.76,35.36,55.36,69.46,B+,Pass
3747,768,68,73.61,19.8,14.53,11.3,25.61,43.79,54.6,B,Pass
3748,768,65,69.81,28.18,14.88,14.19,25.03,54.12,64.91,B+,Pass
3749,768,69,62.76,28.8,22.92,20.0,35.99,54.58,77.04,A,Pass
3750,768,70,70.75,32.56,17.22,9.52,35.13,47.84,67.82,B+,Pass
3751,769,46,71.02,28.26,18.78,10.61,35.07,50.09,67.86,B+,Pass
3752,769,41,74.26,24.84,20.57,11.38,40.72,50.53,70.28,A,Pass
3753,769,37,63.37,23.63,19.23,15.7,31.07,40.42,61.76,B+,Pass
3754,769,43,75.28,32.53,19.28,16.83,37.71,58.0,78.31,A,Pass
3755,769,35,69.78,18.6,10.73,11.28,21.36,36.71,47.04,C,Pass
3756,769,45,66.22,27.13,20.05,10.7,39.49,47.19,68.7,B+,Pass
3757,770,8,77.44,31.04,17.61,14.42,30.93,53.88,70.38,A,Pass
3758,770,6,83.1,31.76,14.97,11.72,32.18,51.99,68.09,B+,Pass
3759,770,12,82.67,36.46,24.07,19.4,47.19,54.49,86.58,A+,Pass
3760,770,11,77.4,35.39,24.66,17.81,36.93,59.55,82.72,A+,Pass
3761,770,10,73.93,30.23,21.32,16.69,36.22,67.6,81.64,A+,Pass
3762,770,9,66.19,32.76,21.37,17.53,35.71,49.48,74.64,A,Pass
3763,771,8,30.44,23.44,15.08,6.65,25.78,34.55,50.09,B,Pass
3764,771,2,35.33,19.46,12.0,15.98,26.78,41.38,55.22,B,Pass
3765,771,3,30.0,22.91,14.56,13.63,23.47,39.92,54.46,B,Pass
3766,771,13,33.24,18.87,8.85,12.17,20.25,43.45,49.46,C,Pass
3767,771,16,34.24,25.29,15.5,12.03,18.67,50.13,57.58,B,Pass
3768,771,6,35.36,23.47,13.39,12.55,28.04,48.5,60.02,B+,Pass
3769,772,56,48.5,19.37,15.03,9.27,31.81,47.0,58.17,B,Pass
3770,772,57,59.54,18.04,3.52,10.1,10.48,43.55,41.04,C,Pass
3771,772,52,49.89,21.57,15.13,9.0,26.85,41.8,54.27,B,Pass
3772,772,50,53.17,16.16,9.41,7.23,25.21,27.36,40.83,C,Pass
3773,773,20,59.76,26.77,16.41,8.98,38.23,43.81,64.0,B+,Pass
3774,773,21,66.22,24.83,25.0,12.88,37.46,54.64,73.09,A,Pass
3775,773,17,69.92,33.0,11.62,13.43,39.86,52.03,72.07,A,Pass
3776,773,19,74.42,24.59,19.67,17.68,39.63,51.26,72.75,A,Pass
3777,774,66,64.5,14.06,13.88,8.66,23.82,45.3,49.97,C,Pass
3778,774,67,49.99,21.86,16.34,14.96,33.9,43.31,62.1,B+,Pass
3779,774,79,66.25,25.54,13.06,10.81,22.1,39.24,52.76,B,Pass
3780,774,69,54.36,25.76,9.42,9.81,21.9,42.41,52.29,B,Pass
3781,774,73,59.82,27.61,19.68,15.87,30.67,37.16,62.28,B+,Pass
3782,775,98,71.03,20.02,5.68,9.03,12.85,47.9,45.58,C,Pass
3783,775,101,63.84,20.13,13.77,13.72,26.65,47.34,57.85,B,Pass
3784,775,99,57.27,17.98,8.87,12.09,26.78,44.61,52.79,B,Pass
3785,775,109,59.92,28.37,12.99,11.89,33.95,42.94,62.34,B+,Pass
3786,775,103,67.24,28.66,23.06,20.0,31.7,66.91,80.63,A+,Pass
3787,775,102,63.6,22.81,11.78,8.81,23.28,38.11,49.95,C,Pass
3788,776,43,56.03,28.41,18.79,20.0,41.38,56.89,78.96,A,Pass
3789,776,42,57.25,20.49,18.76,8.53,24.86,47.95,56.83,B,Pass
3790,776,37,52.02,23.6,22.96,13.58,34.84,51.95,69.44,B+,Pass
3791,776,44,60.32,20.13,12.18,11.23,17.55,30.43,43.52,C,Pass
3792,776,35,59.37,26.95,22.15,19.0,29.99,56.91,73.39,A,Pass
3793,777,104,91.86,27.49,22.17,11.33,35.07,50.35,69.31,B+,Pass
3794,777,110,80.19,32.08,18.92,16.43,33.7,48.97,71.52,A,Pass
3795,777,109,85.86,32.42,19.48,18.56,42.53,62.58,83.75,A+,Pass
3796,777,107,81.05,29.58,20.64,17.56,46.19,59.51,82.69,A+,Pass
3797,777,97,77.84,32.33,22.06,11.66,44.07,48.59,75.53,A,Pass
3798,777,105,89.74,30.89,20.06,17.5,45.76,58.11,82.22,A+,Pass
3799,778,11,76.47,34.48,18.58,9.33,41.34,48.96,72.85,A,Pass
3800,778,1,77.45,33.69,19.62,15.23,33.92,57.56,76.13,A,Pass
3801,778,9,75.98,30.5,16.5,11.1,24.15,43.49,59.77,B,Pass
3802,778,4,72.1,24.25,19.99,18.0,34.66,41.34,65.74,B+,Pass
3803,778,7,72.04,21.87,11.52,10.65,41.33,56.73,68.01,B+,Pass
3804,779,98,36.54,31.79,17.33,7.56,19.6,51.99,60.67,B+,Pass
3805,779,97,44.85,20.5,18.01,14.36,30.89,37.22,57.45,B,Pass
3806,779,102,40.68,19.25,16.58,10.51,28.17,40.35,54.43,B,Pass
3807,779,99,42.86,22.85,14.89,10.91,28.58,46.63,58.88,B,Pass
3808,779,100,48.99,20.98,11.61,11.16,15.99,23.09,39.48,F,Fail
3809,780,14,67.12,16.77,14.71,13.15,33.77,38.93,55.9,B,Pass
3810,780,3,57.23,18.25,12.32,12.26,20.62,26.71,42.96,C,Pass
3811,780,13,55.49,21.04,10.85,11.93,32.07,31.07,51.36,B,Pass
3812,780,5,56.9,28.05,13.16,14.82,30.31,45.92,63.28,B+,Pass
3813,780,12,66.34,18.72,12.08,8.99,29.6,49.88,56.76,B,Pass
3814,780,8,52.03,29.37,10.26,8.95,21.14,40.05,52.52,B,Pass
3815,781,70,80.79,29.41,21.29,17.46,38.75,55.68,77.31,A,Pass
3816,781,76,84.55,27.31,24.12,10.99,34.67,62.27,75.19,A,Pass
3817,781,68,87.65,38.95,22.52,12.32,33.18,56.24,77.48,A,Pass
3818,781,67,90.32,31.3,20.05,16.39,40.29,71.73,85.48,A+,Pass
3819,781,78,85.06,36.55,25.0,16.25,46.19,71.65,92.93,O,Pass
3820,782,83,53.54,12.59,10.06,8.21,20.17,52.0,48.77,C,Pass
3821,782,82,55.14,27.6,16.75,7.26,33.33,43.95,61.3,B+,Pass
3822,782,96,53.41,27.6,18.99,13.7,22.39,64.31,69.46,B+,Pass
3823,782,90,57.62,27.65,22.01,8.13,36.51,45.52,66.19,B+,Pass
3824,783,38,64.04,27.31,22.65,16.44,33.92,55.07,73.59,A,Pass
3825,783,35,71.88,27.51,16.4,9.96,36.18,46.91,65.28,B+,Pass
3826,783,36,58.74,28.04,20.63,14.88,33.58,62.45,75.64,A,Pass
3827,783,34,63.7,29.43,15.84,14.13,35.58,51.21,69.8,B+,Pass
3828,784,89,87.56,40.0,18.43,20.0,45.84,75.0,95.29,O,Pass
3829,784,87,89.19,32.31,20.99,16.3,48.21,52.18,81.15,A+,Pass
3830,784,82,89.14,40.0,18.98,20.0,41.07,68.74,90.21,O,Pass
3831,784,88,89.79,31.13,23.18,15.98,32.57,59.9,77.07,A,Pass
3832,785,69,79.07,36.71,24.05,20.0,44.07,60.12,88.07,A+,Pass
3833,785,68,82.82,26.69,20.16,15.32,30.42,45.25,65.4,B+,Pass
3834,785,67,79.81,34.68,16.85,17.78,41.99,48.24,76.48,A,Pass
3835,785,65,88.08,32.16,18.77,17.72,34.76,52.87,74.5,A,Pass
3836,786,35,31.74,20.17,9.97,12.43,24.83,29.75,46.58,C,Pass
3837,786,36,44.04,19.02,11.32,7.48,13.1,28.3,37.54,F,Fail
3838,786,33,30.0,9.93,10.07,4.14,14.51,31.65,33.09,F,Fail
3839,786,37,30.0,18.27,13.23,8.8,15.28,51.41,50.46,B,Pass
3840,787,104,49.34,22.04,12.11,5.12,24.35,28.51,43.9,C,Pass
3841,787,102,60.45,27.3,15.63,12.2,28.33,37.91,57.86,B,Pass
3842,787,106,58.95,21.57,10.72,10.59,37.36,49.68,62.23,B+,Pass
3843,787,100,62.3,13.93,13.55,14.52,22.6,35.85,47.67,C,Pass
3844,788,84,43.87,18.22,8.99,6.76,27.57,21.93,40.1,C,Pass
3845,788,82,47.49,26.52,14.05,14.73,33.11,60.03,70.81,A,Pass
3846,788,88,41.77,40.0,21.88,13.04,27.69,47.41,71.24,A,Pass
3847,788,85,48.59,16.64,12.48,11.94,20.6,38.1,47.36,C,Pass
3848,788,91,54.72,16.35,12.83,5.94,20.01,34.49,42.38,C,Pass
3849,788,90,46.53,11.77,11.23,8.8,23.39,40.87,45.54,C,Pass
3850,789,105,53.2,27.78,15.56,12.18,30.12,51.31,65.2,B+,Pass
3851,789,101,56.98,24.42,13.97,7.74,27.93,33.98,51.49,B,Pass
3852,789,107,65.25,19.99,17.31,13.49,21.75,45.18,55.62,B,Pass
3853,789,97,56.17,24.47,14.34,14.07,25.07,41.23,56.78,B,Pass
3854,789,104,49.65,14.67,10.55,9.35,33.02,47.9,55.09,B,Pass
3855,789,106,69.78,24.73,18.01,11.05,34.1,41.94,61.72,B+,Pass
3856,790,94,83.55,29.13,14.45,17.34,31.29,46.22,66.22,B+,Pass
3857,790,83,76.84,35.47,24.31,17.43,42.15,72.51,91.09,O,Pass
3858,790,87,79.21,28.8,10.45,11.3,27.07,56.22,64.0,B+,Pass
3859,790,90,77.65,29.32,22.19,14.63,38.33,48.93,72.85,A,Pass
3860,791,104,30.0,12.91,5.86,11.43,18.23,28.71,37.03,F,Fail
3861,791,101,32.03,18.63,16.78,10.86,22.32,39.33,50.97,B,Pass
3862,791,102,30.0,18.71,8.13,5.13,20.97,38.93,43.82,C,Pass
3863,791,99,30.0,3.0,2.0,5.31,8.45,30.04,23.2,F,Fail
3864,791,98,33.59,14.83,5.65,4.95,18.79,32.35,36.64,F,Fail
3865,791,100,31.72,20.67,13.04,9.39,23.78,33.38,47.72,C,Pass
3866,792,18,69.9,23.71,20.01,4.63,32.22,53.04,63.03,B+,Pass
3867,792,20,65.77,30.29,19.94,15.64,40.43,47.83,73.47,A,Pass
3868,792,25,59.54,36.26,21.43,20.0,40.84,62.92,86.49,A+,Pass
3869,792,17,68.98,24.25,16.6,8.46,26.22,44.75,56.99,B,Pass
3870,792,21,66.07,28.22,15.69,12.88,30.04,69.74,74.39,A,Pass
3871,793,77,100.0,40.0,25.0,20.0,50.0,70.37,97.84,O,Pass
3872,793,78,100.0,34.91,23.56,19.97,37.1,62.58,84.62,A+,Pass
3873,793,68,98.09,37.99,18.16,16.42,43.18,60.92,84.49,A+,Pass
3874,793,65,100.0,39.67,25.0,20.0,49.22,65.07,94.81,O,Pass
3875,793,70,98.38,40.0,24.19,20.0,43.29,63.92,91.15,O,Pass
3876,793,67,97.45,37.73,22.93,18.71,32.94,56.04,80.01,A+,Pass
3877,794,99,31.13,11.68,10.17,9.77,17.68,33.26,39.16,F,Fail
3878,794,102,30.4,13.46,12.02,5.18,18.83,24.61,35.03,F,Fail
3879,794,97,39.01,13.28,5.45,3.09,25.1,19.94,32.22,F,Fail
3880,794,104,39.97,19.97,15.68,10.0,29.18,28.17,48.99,C,Pass
3881,794,103,34.96,17.0,14.47,15.52,30.48,45.13,58.35,B,Pass
3882,794,101,40.1,14.73,8.66,14.25,10.86,36.06,40.21,C,Pass
3883,795,21,82.54,33.34,22.82,19.09,44.23,68.49,89.42,A+,Pass
3884,795,22,78.28,32.41,17.49,11.93,42.01,47.9,72.53,A,Pass
3885,795,19,79.1,33.44,19.92,20.0,44.81,55.75,83.11,A+,Pass
3886,795,20,92.21,38.23,16.03,19.97,45.35,59.09,85.76,A+,Pass
3887,795,18,82.81,27.43,21.27,15.6,41.54,61.34,79.42,A,Pass
3888,795,17,91.54,40.0,18.43,20.0,50.0,66.62,93.46,O,Pass
3889,796,68,51.79,31.55,17.67,14.36,29.3,46.01,66.15,B+,Pass
3890,796,67,54.41,21.05,13.8,8.58,35.72,53.08,62.97,B+,Pass
3891,796,65,48.48,27.06,17.15,16.71,25.74,44.26,62.27,B+,Pass
3892,796,69,54.83,30.16,16.03,13.61,30.77,38.38,61.59,B+,Pass
3893,797,87,98.77,36.66,20.07,20.0,42.79,62.78,87.06,A+,Pass
3894,797,82,86.75,32.59,19.6,19.51,39.87,64.55,83.95,A+,Pass
3895,797,88,100.0,33.97,19.34,13.98,42.0,52.4,77.17,A,Pass
3896,797,84,94.74,40.0,19.46,19.05,37.5,46.08,77.56,A,Pass
3897,797,81,91.56,35.57,25.0,15.6,42.21,69.39,89.07,A+,Pass
3898,798,74,64.22,30.72,12.95,17.46,33.92,54.2,71.52,A,Pass
3899,798,71,56.75,25.11,16.39,13.33,30.9,49.19,64.18,B+,Pass
3900,798,67,56.0,27.96,17.37,11.7,39.0,51.15,70.14,A,Pass
3901,798,69,58.56,27.34,17.87,11.16,27.38,63.86,69.89,B+,Pass
3902,798,72,62.22,28.6,16.44,10.09,38.84,46.92,67.24,B+,Pass
3903,799,36,70.93,31.36,22.32,20.0,41.56,69.86,87.99,A+,Pass
3904,799,39,71.24,21.61,13.59,16.19,32.32,46.5,62.2,B+,Pass
3905,799,35,75.98,24.96,13.12,13.19,35.24,47.82,64.26,B+,Pass
3906,799,34,72.87,22.17,19.18,14.76,38.93,44.7,66.46,B+,Pass
3907,800,21,68.38,25.3,13.4,13.11,41.57,37.21,62.71,B+,Pass
3908,800,28,62.11,17.98,11.49,8.72,29.6,37.49,50.24,B,Pass
3909,800,26,50.26,26.15,15.18,7.11,35.11,50.87,64.0,B+,Pass
3910,800,22,62.02,25.08,18.4,14.04,32.12,62.06,71.94,A,Pass
3911,800,29,55.85,28.69,20.54,9.86,36.6,41.11,64.98,B+,Pass
3912,801,5,69.35,21.18,15.36,13.09,27.07,42.47,56.64,B,Pass
3913,801,3,58.93,24.63,18.4,15.14,39.25,41.56,66.26,B+,Pass
3914,801,1,66.12,28.43,17.48,13.16,24.46,38.05,57.78,B,Pass
3915,801,4,65.28,25.38,17.56,13.05,35.81,44.02,64.69,B+,Pass
3916,802,97,62.91,17.14,17.52,15.51,30.02,46.35,59.97,B,Pass
3917,802,99,66.74,28.94,13.95,16.04,29.54,44.09,63.42,B+,Pass
3918,802,101,64.48,26.43,6.87,11.75,31.0,42.47,57.15,B,Pass
3919,802,100,56.59,18.57,6.71,17.2,30.37,29.58,49.56,C,Pass
3920,803,69,59.1,29.84,11.29,11.7,28.91,43.04,59.83,B,Pass
3921,803,65,67.54,20.44,11.45,13.06,27.26,29.46,48.71,C,Pass
3922,803,68,60.23,21.86,11.98,5.29,29.49,32.59,48.33,C,Pass
3923,803,67,60.12,33.08,22.76,16.23,37.53,61.14,81.05,A+,Pass
3924,804,92,40.86,11.61,14.13,2.0,22.34,33.67,39.34,F,Fail
3925,804,96,41.49,10.23,7.84,6.48,15.46,26.79,31.72,F,Fail
3926,804,89,47.9,22.79,13.45,8.05,24.52,36.28,49.99,C,Pass
3927,804,90,40.49,15.92,3.26,10.5,21.49,30.02,39.26,F,Fail
3928,805,35,59.06,25.0,12.7,12.17,27.22,35.63,53.9,B,Pass
3929,805,45,56.34,21.63,16.69,14.69,33.74,48.59,64.38,B+,Pass
3930,805,41,52.64,22.32,13.24,12.87,26.41,48.28,58.62,B,Pass
3931,805,33,51.49,22.78,19.64,17.33,31.92,53.21,68.71,B+,Pass
3932,806,24,69.71,20.68,13.32,8.63,18.87,47.23,51.46,B,Pass
3933,806,27,66.01,33.2,13.15,14.67,42.15,50.77,73.96,A,Pass
3934,806,17,72.05,20.01,11.97,8.14,35.79,39.19,55.05,B,Pass
3935,806,30,73.39,16.52,14.42,9.15,31.45,40.12,53.05,B,Pass
3936,807,55,60.41,28.27,20.2,11.39,41.09,57.17,75.14,A,Pass
3937,807,60,66.84,30.0,19.3,17.62,33.95,49.4,71.56,A,Pass
3938,807,56,62.66,30.57,22.31,10.39,33.43,41.85,65.65,B+,Pass
3939,807,53,61.42,23.32,18.21,13.3,27.72,52.59,64.0,B+,Pass
3940,808,89,75.53,34.03,21.31,13.51,39.04,63.09,81.25,A+,Pass
3941,808,81,72.96,28.7,17.65,9.85,26.62,48.7,62.37,B+,Pass
3942,808,85,74.74,35.02,18.18,11.02,31.95,49.61,69.42,B+,Pass
3943,808,95,71.82,28.89,15.27,16.69,35.27,50.02,69.88,B+,Pass
3944,808,86,71.86,28.33,16.61,11.1,32.99,54.88,68.46,B+,Pass
3945,808,92,74.85,30.45,16.28,18.08,40.85,49.68,74.38,A,Pass
3946,809,104,48.93,22.91,10.52,15.45,34.39,50.24,64.02,B+,Pass
3947,809,107,56.35,25.75,14.11,12.86,31.41,50.44,64.19,B+,Pass
3948,809,106,59.14,20.59,13.36,7.24,22.78,33.72,46.38,C,Pass
3949,809,108,65.07,28.86,19.5,19.01,43.59,55.7,79.52,A,Pass
3950,810,2,59.19,32.42,14.64,14.2,44.3,50.79,75.01,A,Pass
3951,810,10,57.62,27.16,19.06,16.25,39.76,47.79,71.51,A,Pass
3952,810,5,61.02,28.21,15.73,14.61,32.03,47.28,65.78,B+,Pass
3953,810,8,55.88,28.53,12.7,13.21,22.79,43.56,57.67,B,Pass
3954,810,7,62.89,29.11,17.08,12.17,31.85,58.65,70.76,A,Pass
3955,811,38,94.32,37.91,20.78,12.36,37.42,60.59,80.43,A+,Pass
3956,811,36,97.89,27.31,23.34,15.32,37.39,65.13,79.74,A,Pass
3957,811,37,92.28,33.58,20.89,15.47,42.95,60.25,82.47,A+,Pass
3958,811,35,87.04,36.84,25.0,16.68,43.05,74.22,92.92,O,Pass
3959,812,96,64.52,30.44,17.39,12.59,32.63,49.75,68.0,B+,Pass
3960,812,84,74.66,28.06,14.84,11.39,24.32,56.39,64.14,B+,Pass
3961,812,93,70.82,35.11,23.55,18.88,34.38,54.98,79.26,A,Pass
3962,812,87,69.87,31.99,20.0,15.07,22.39,60.89,71.14,A,Pass
3963,812,85,79.2,28.11,13.2,14.32,38.87,51.22,69.83,B+,Pass
3964,812,95,65.55,31.11,18.93,20.0,33.77,60.74,78.35,A,Pass
3965,813,55,70.67,17.67,14.87,12.81,23.35,34.24,48.84,C,Pass
3966,813,53,58.09,19.45,13.94,14.67,24.61,34.91,51.24,B,Pass
3967,813,49,59.19,5.47,9.44,2.07,20.29,39.8,36.27,F,Fail
3968,813,58,43.39,29.6,14.53,12.03,34.77,44.9,64.96,B+,Pass
3969,814,15,75.34,26.41,18.76,10.25,28.96,40.28,59.11,B,Pass
3970,814,3,71.98,27.04,15.86,13.64,28.29,47.09,62.8,B+,Pass
3971,814,14,65.85,21.31,19.78,11.62,28.13,55.92,64.54,B+,Pass
3972,814,1,80.28,21.4,12.31,7.65,27.1,28.65,46.37,C,Pass
3973,814,8,64.81,21.22,7.57,3.7,20.9,48.92,48.77,C,Pass
3974,815,18,48.88,28.55,14.23,6.81,30.46,29.48,52.36,B,Pass
3975,815,17,54.33,22.81,10.91,11.17,18.78,39.2,49.03,C,Pass
3976,815,20,60.69,23.42,11.75,6.35,35.32,50.27,60.7,B+,Pass
3977,815,19,64.01,24.15,15.34,7.34,37.31,42.99,60.6,B+,Pass
3978,816,103,70.87,27.69,12.57,13.46,36.16,45.56,64.94,B+,Pass
3979,816,106,67.83,18.03,15.4,13.62,32.15,56.93,64.63,B+,Pass
3980,816,98,65.05,27.97,18.72,6.02,26.74,51.36,61.82,B+,Pass
3981,816,101,66.08,35.44,15.28,14.14,34.42,58.46,75.39,A,Pass
3982,816,110,66.02,27.24,22.04,20.0,33.01,51.72,73.08,A,Pass
3983,817,59,90.73,40.0,15.99,11.81,34.04,64.05,79.21,A,Pass
3984,817,55,94.33,23.03,19.47,11.71,29.81,53.47,65.02,B+,Pass
3985,817,53,84.78,34.97,23.17,11.25,40.71,59.84,80.65,A+,Pass
3986,817,51,88.57,26.92,19.4,14.79,40.34,52.41,73.25,A,Pass
3987,818,88,35.66,16.45,5.31,4.38,16.99,37.08,38.34,F,Fail
3988,818,93,32.22,19.5,11.51,6.45,22.58,35.1,45.25,C,Pass
3989,818,96,30.0,22.31,15.35,13.96,24.42,54.72,62.02,B+,Pass
3990,818,94,30.0,14.61,3.59,4.61,20.49,38.77,39.38,F,Fail
3991,818,82,35.64,21.92,7.17,11.16,24.28,31.77,46.37,C,Pass
3992,818,89,33.34,19.02,13.02,7.15,25.52,24.31,42.39,C,Pass
3993,819,23,94.66,34.18,16.95,15.92,42.57,75.0,88.11,A+,Pass
3994,819,19,92.94,29.05,22.28,18.97,44.08,59.96,82.94,A+,Pass
3995,819,30,99.99,36.56,23.18,20.0,45.21,67.35,91.59,O,Pass
3996,819,26,93.44,40.0,25.0,20.0,48.71,59.48,92.11,O,Pass
3997,820,82,96.52,32.65,24.94,13.61,46.57,63.99,86.26,A+,Pass
3998,820,81,92.71,37.25,16.76,20.0,44.15,61.1,85.92,A+,Pass
3999,820,83,83.32,34.37,19.93,16.37,47.65,59.69,85.02,A+,Pass
4000,820,84,94.94,39.22,25.0,20.0,50.0,75.0,99.61,O,Pass
4001,821,68,81.34,33.54,22.47,20.0,43.19,74.65,92.18,O,Pass
4002,821,66,79.76,33.99,25.0,20.0,39.94,52.0,81.23,A+,Pass
4003,821,69,86.64,37.0,24.86,14.08,44.7,60.77,86.19,A+,Pass
4004,821,65,87.72,37.48,22.76,17.45,42.08,62.47,86.76,A+,Pass
4005,821,70,81.87,31.75,20.75,12.98,31.35,42.78,66.3,B+,Pass
4006,821,67,81.02,26.57,16.83,10.4,25.63,52.59,62.57,B+,Pass
4007,822,36,56.97,20.89,21.82,6.34,17.94,51.6,55.39,B,Pass
4008,822,33,58.22,26.36,17.56,14.7,33.51,41.31,63.58,B+,Pass
4009,822,37,64.31,33.49,21.94,11.18,42.9,48.15,75.03,A,Pass
4010,822,35,70.62,25.55,7.91,9.37,24.17,38.16,50.52,B,Pass
4011,823,88,78.0,40.0,18.3,18.28,39.49,64.75,86.42,A+,Pass
4012,823,91,90.25,39.36,21.08,11.59,34.08,71.8,84.46,A+,Pass
4013,823,93,84.9,40.0,21.76,20.0,34.24,61.25,84.41,A+,Pass
4014,823,87,78.79,29.54,19.67,14.27,41.67,58.62,77.97,A,Pass
4015,824,98,79.71,31.18,17.83,19.75,40.48,51.91,77.06,A,Pass
4016,824,103,64.09,35.79,24.46,19.96,36.27,51.37,79.77,A,Pass
4017,824,102,73.63,25.15,19.28,10.21,41.26,49.43,69.08,B+,Pass
4018,824,99,74.43,31.44,19.1,17.1,36.74,61.83,79.14,A,Pass
4019,824,101,69.81,23.62,14.3,13.28,30.81,50.67,63.22,B+,Pass
4020,824,100,81.57,23.94,16.75,11.92,31.83,43.47,60.83,B+,Pass
4021,825,52,93.19,38.06,17.49,17.59,50.0,70.65,92.79,O,Pass
4022,825,51,94.49,40.0,22.08,16.43,49.46,63.21,91.28,O,Pass
4023,825,53,90.15,33.87,24.59,17.7,42.69,55.92,83.06,A+,Pass
4024,825,49,95.46,38.28,25.0,20.0,40.98,63.71,89.36,A+,Pass
4025,826,107,46.94,23.52,15.21,11.31,26.73,41.96,56.45,B,Pass
4026,826,99,43.62,28.56,15.53,9.56,24.52,41.96,57.12,B,Pass
4027,826,111,53.34,23.94,9.36,6.54,22.7,40.31,49.14,C,Pass
4028,826,97,47.2,18.53,10.18,9.9,35.45,32.86,51.34,B,Pass
4029,826,102,43.9,26.7,16.19,17.45,35.37,50.18,69.65,B+,Pass
4030,826,105,38.73,21.09,14.4,12.35,16.58,37.98,48.49,C,Pass
4031,827,1,86.43,29.0,17.38,15.4,46.81,61.6,81.31,A+,Pass
4032,827,8,80.34,33.4,23.73,20.0,37.14,66.77,85.93,A+,Pass
4033,827,5,83.15,25.13,20.08,15.88,42.9,59.14,77.59,A,Pass
4034,827,4,91.97,34.83,12.39,13.81,39.26,62.97,78.29,A,Pass
4035,827,2,80.74,30.38,20.7,10.25,26.49,63.06,71.27,A,Pass
4036,827,3,92.43,24.95,17.15,15.14,24.08,71.82,72.46,A,Pass
4037,828,23,96.52,27.56,13.12,13.64,23.53,34.68,53.79,B,Pass
4038,828,31,93.21,31.35,12.56,12.61,39.8,52.33,71.32,A,Pass
4039,828,22,93.95,30.57,14.29,6.11,28.99,47.95,60.93,B+,Pass
4040,828,24,87.52,32.14,17.01,8.92,25.19,53.31,64.81,B+,Pass
4041,828,19,91.58,29.55,17.36,20.0,32.26,42.27,67.57,B+,Pass
4042,829,102,64.72,27.0,18.29,8.04,31.72,47.67,62.94,B+,Pass
4043,829,100,66.69,32.81,21.18,15.83,42.05,69.92,86.45,A+,Pass
4044,829,104,70.05,33.37,22.83,13.06,40.79,57.51,79.58,A,Pass
4045,829,111,65.38,29.4,16.79,15.71,40.22,41.67,68.83,B+,Pass
4046,829,107,79.75,35.45,23.09,17.07,42.47,50.71,80.4,A+,Pass
4047,830,60,63.64,23.8,16.31,12.05,36.78,53.81,67.95,B+,Pass
4048,830,56,63.4,22.81,14.6,15.14,29.99,46.54,61.53,B+,Pass
4049,830,53,64.69,26.99,14.39,18.93,43.28,62.7,79.62,A,Pass
4050,830,54,72.39,22.75,17.62,8.23,23.96,42.83,54.5,B,Pass
4051,831,2,100.0,33.78,19.84,13.01,37.14,57.76,76.86,A,Pass
4052,831,4,97.97,31.84,16.76,18.51,40.76,54.12,77.51,A,Pass
4053,831,3,84.33,30.2,24.33,14.84,34.25,61.21,77.94,A,Pass
4054,831,10,92.33,39.85,14.64,11.84,37.46,67.0,81.69,A+,Pass
4055,831,16,93.49,25.21,21.49,15.45,33.49,64.37,75.7,A,Pass
4056,831,8,90.11,32.95,16.31,15.42,33.52,60.19,75.56,A,Pass
4057,832,70,69.04,24.79,22.2,17.73,28.36,31.58,59.06,B,Pass
4058,832,73,65.98,31.97,17.87,15.52,34.85,48.71,71.05,A,Pass
4059,832,66,71.74,22.04,11.83,10.83,34.31,45.59,59.6,B,Pass
4060,832,77,65.56,36.29,14.06,15.3,40.74,57.22,78.49,A,Pass
4061,832,68,66.75,32.94,19.5,12.28,38.35,52.58,74.12,A,Pass
4062,832,79,56.19,30.47,17.54,18.52,39.58,62.76,80.59,A+,Pass
4063,833,48,58.64,25.27,14.51,15.09,34.72,56.6,69.76,B+,Pass
4064,833,38,53.75,30.25,15.37,14.8,37.14,50.97,71.03,A,Pass
4065,833,45,55.0,26.48,20.07,20.0,32.99,55.38,73.61,A,Pass
4066,833,42,66.74,33.1,16.96,15.11,37.45,62.59,78.81,A,Pass
4067,833,35,68.94,26.71,17.2,12.89,32.17,48.96,65.62,B+,Pass
4068,834,7,30.0,9.47,11.03,5.45,17.83,35.44,37.33,F,Fail
4069,834,3,34.51,18.85,18.84,8.14,20.99,37.61,49.08,C,Pass
4070,834,2,33.5,18.68,11.11,11.22,13.78,45.67,47.6,C,Pass
4071,834,9,30.0,8.1,10.31,2.24,29.11,49.42,46.91,C,Pass
4072,834,8,30.0,10.52,7.91,6.67,11.88,36.54,34.75,F,Fail
4073,834,10,40.21,18.58,15.81,8.65,16.55,44.23,48.85,C,Pass
4074,835,92,73.82,39.1,23.95,18.08,38.73,52.69,82.12,A+,Pass
4075,835,81,74.96,29.62,19.73,12.78,48.09,65.93,83.91,A+,Pass
4076,835,94,76.86,21.42,17.39,13.92,32.04,47.45,62.79,B+,Pass
4077,835,85,73.2,36.03,24.99,17.75,47.5,54.69,86.16,A+,Pass
4078,836,94,98.86,38.74,25.0,16.19,42.45,60.88,87.1,A+,Pass
4079,836,90,100.0,33.93,24.44,18.62,37.61,61.08,83.35,A+,Pass
4080,836,93,95.06,30.76,23.17,18.99,43.03,62.34,84.75,A+,Pass
4081,836,83,96.99,34.99,15.49,14.25,45.22,55.14,79.15,A,Pass
4082,836,86,98.18,36.14,16.57,20.0,35.5,50.95,76.23,A,Pass
4083,837,21,47.16,25.19,10.1,14.5,23.95,33.88,51.67,B,Pass
4084,837,20,51.5,16.84,14.59,8.43,33.64,56.81,61.8,B+,Pass
4085,837,18,44.03,25.97,13.79,10.73,25.47,43.09,56.71,B,Pass
4086,837,24,35.81,20.81,12.46,11.12,15.91,43.26,49.09,C,Pass
4087,837,23,50.31,14.47,9.34,4.59,27.0,37.7,44.36,C,Pass
4088,837,19,40.87,15.66,5.25,5.93,22.46,35.17,40.54,C,Pass
4089,838,65,82.96,33.35,19.4,14.43,29.74,54.22,71.82,A,Pass
4090,838,69,85.95,26.69,15.92,17.21,29.96,48.49,65.93,B+,Pass
4091,838,68,80.4,37.51,25.0,14.75,44.55,56.68,84.85,A+,Pass
4092,838,67,86.29,36.06,23.79,14.36,48.69,52.81,83.72,A+,Pass
4093,839,68,71.09,28.25,16.48,13.61,31.45,60.99,71.71,A,Pass
4094,839,65,67.09,31.45,25.0,16.3,45.22,52.15,80.82,A+,Pass
4095,839,67,65.71,28.17,21.29,12.33,30.97,59.57,72.05,A,Pass
4096,839,69,67.43,20.42,13.41,14.29,32.68,56.91,65.62,B+,Pass
4097,840,34,30.0,10.75,9.0,5.9,14.56,34.33,35.22,F,Fail
4098,840,46,30.5,21.38,11.83,3.93,21.92,21.33,38.29,F,Fail
4099,840,39,39.26,14.52,12.13,7.07,17.5,36.52,41.44,C,Pass
4100,840,40,30.0,14.79,6.42,2.67,19.79,34.69,37.38,F,Fail
4101,841,84,53.46,7.86,8.65,9.68,20.87,43.09,42.78,C,Pass
4102,841,81,62.29,25.29,13.66,7.99,22.3,44.89,54.2,B,Pass
4103,841,82,56.0,25.86,17.05,10.6,32.17,48.76,63.89,B+,Pass
4104,841,85,56.11,20.08,12.55,9.72,27.26,51.49,57.58,B,Pass
4105,841,83,63.2,15.28,14.16,6.05,24.98,53.65,53.86,B,Pass
4106,841,86,55.83,28.35,15.56,10.46,20.96,47.48,58.26,B,Pass
4107,842,4,51.25,23.26,20.23,18.05,35.67,40.47,65.46,B+,Pass
4108,842,5,50.32,19.26,14.17,4.19,20.22,39.67,46.01,C,Pass
4109,842,3,51.98,15.55,11.35,8.85,19.79,34.51,42.74,C,Pass
4110,842,1,56.58,24.52,9.83,9.11,24.9,38.54,51.18,B,Pass
4111,843,64,76.64,21.99,15.46,12.09,29.25,49.65,61.02,B+,Pass
4112,843,50,78.25,30.67,13.6,11.93,21.77,41.68,57.08,B,Pass
4113,843,59,74.26,37.36,20.13,16.93,41.55,51.74,80.11,A+,Pass
4114,843,55,75.01,35.55,18.48,13.67,34.17,54.48,74.51,A,Pass
4115,843,54,76.59,21.81,22.1,11.41,32.0,53.29,66.32,B+,Pass
4116,844,52,55.04,29.07,16.19,7.98,19.14,33.98,50.43,B,Pass
4117,844,49,58.78,29.4,13.37,14.52,34.29,57.74,71.41,A,Pass
4118,844,53,55.94,32.1,15.9,11.98,33.53,57.72,72.1,A,Pass
4119,844,51,63.15,32.81,19.5,11.7,40.46,35.85,67.02,B+,Pass
4120,845,109,56.63,22.31,14.5,13.59,37.11,53.3,67.18,B+,Pass
4121,845,101,43.13,22.79,14.03,15.99,27.02,37.7,56.1,B,Pass
4122,845,99,55.9,23.28,15.07,17.75,25.47,41.2,58.51,B,Pass
4123,845,112,54.0,26.66,12.14,10.41,31.5,62.74,68.42,B+,Pass
4124,845,105,46.01,21.95,12.62,13.36,16.34,39.67,49.39,C,Pass
4125,845,103,56.53,29.46,16.55,16.48,38.86,45.19,70.11,A,Pass
4126,846,32,57.02,40.0,25.0,20.0,44.14,66.9,93.29,O,Pass
4127,846,22,54.0,31.97,17.84,17.39,42.61,51.62,77.2,A,Pass
4128,846,25,60.37,30.31,24.96,13.73,26.53,51.94,69.51,B+,Pass
4129,846,31,61.19,35.41,18.23,17.01,49.92,69.83,91.05,O,Pass
4130,846,27,52.94,36.64,14.88,16.48,42.35,68.31,85.56,A+,Pass
4131,847,55,48.29,24.23,16.68,15.07,40.13,38.8,64.49,B+,Pass
4132,847,52,43.75,25.65,20.15,11.34,35.04,43.65,64.44,B+,Pass
4133,847,53,51.43,23.99,17.71,4.74,34.35,35.0,54.96,B,Pass
4134,847,49,41.75,22.61,14.3,12.12,28.28,43.04,57.32,B,Pass
4135,848,15,63.03,30.79,6.96,13.43,30.53,51.66,64.26,B+,Pass
4136,848,2,71.48,23.29,16.2,10.16,31.08,41.22,57.98,B,Pass
4137,848,16,62.83,27.31,18.26,13.94,41.93,55.95,75.0,A,Pass
4138,848,14,68.88,26.5,8.31,8.41,27.96,46.31,56.36,B,Pass
4139,848,6,71.91,25.44,18.33,11.9,28.25,39.32,58.47,B,Pass
4140,849,75,97.67,33.27,21.66,15.28,43.16,57.88,81.53,A+,Pass
4141,849,66,93.85,38.52,21.86,17.52,46.93,49.47,83.31,A+,Pass
4142,849,70,95.38,38.01,21.16,11.43,32.78,49.88,72.85,A,Pass
4143,849,67,83.65,37.16,16.37,14.09,42.9,59.93,81.59,A+,Pass
4144,850,69,83.76,38.23,24.04,16.3,45.99,68.3,91.75,O,Pass
4145,850,65,70.48,30.13,19.84,15.73,37.65,58.23,76.87,A,Pass
4146,850,70,79.9,33.15,23.46,19.16,44.73,62.84,87.23,A+,Pass
4147,850,67,78.62,33.44,23.58,20.0,37.9,75.0,90.1,O,Pass
4148,850,72,78.43,33.25,20.02,12.35,38.54,66.08,80.92,A+,Pass
4149,850,71,71.63,27.62,24.1,15.48,40.14,61.6,80.0,A+,Pass
4150,851,46,65.41,23.12,11.71,8.47,22.8,41.02,51.02,B,Pass
4151,851,39,69.68,23.21,4.8,5.38,24.68,48.24,51.07,B,Pass
4152,851,43,68.14,22.85,14.33,8.3,19.92,30.1,45.31,C,Pass
4153,851,41,68.55,37.96,16.59,18.91,34.87,55.02,78.18,A,Pass
4154,851,37,61.87,18.02,13.24,8.71,27.46,35.02,48.74,C,Pass
4155,851,35,63.97,30.81,14.95,11.6,38.03,41.8,65.7,B+,Pass
4156,852,22,56.3,25.54,14.66,9.17,33.46,57.1,66.6,B+,Pass
4157,852,28,41.62,23.13,15.9,11.91,24.79,43.51,56.58,B,Pass
4158,852,17,56.41,25.31,13.16,8.77,28.77,43.54,57.01,B,Pass
4159,852,24,49.32,27.32,16.43,11.96,34.67,45.85,64.94,B+,Pass
4160,852,25,58.93,25.57,22.31,8.0,42.32,61.31,75.48,A,Pass
4161,852,19,53.83,17.94,12.54,15.06,27.09,28.07,48.16,C,Pass
4162,853,104,69.38,34.9,18.71,11.88,39.59,52.11,74.99,A,Pass
4163,853,101,72.45,28.11,16.06,14.82,38.94,54.38,72.74,A,Pass
4164,853,105,85.84,33.14,17.96,16.2,42.08,75.0,87.89,A+,Pass
4165,853,98,76.97,25.47,16.54,10.29,27.2,60.98,66.55,B+,Pass
4166,854,92,57.34,33.0,20.31,11.07,42.1,53.42,76.14,A,Pass
4167,854,84,54.69,26.46,18.57,12.76,30.39,47.15,64.24,B+,Pass
4168,854,87,65.58,32.05,25.0,13.1,35.41,61.03,78.76,A,Pass
4169,854,83,66.5,25.39,20.11,17.35,28.46,46.39,65.29,B+,Pass
4170,854,90,54.04,29.2,20.49,13.03,39.76,46.37,70.83,A,Pass
4171,854,86,57.39,28.24,13.19,10.02,27.5,54.48,63.58,B+,Pass
4172,855,20,75.74,30.68,19.48,14.74,36.08,51.92,72.78,A,Pass
4173,855,24,83.34,25.12,17.86,13.76,39.84,62.7,75.77,A,Pass
4174,855,21,80.97,27.04,24.37,12.15,30.43,59.5,72.32,A,Pass
4175,855,23,84.07,33.21,16.33,14.93,31.46,50.85,70.07,A,Pass
4176,855,26,85.05,26.38,15.79,13.52,38.24,46.43,67.05,B+,Pass
4177,855,19,86.13,16.71,12.04,19.09,22.79,44.31,54.79,B,Pass
4178,856,52,67.97,12.9,12.77,13.99,33.11,45.91,56.53,B,Pass
4179,856,54,68.87,23.82,15.43,5.87,38.74,52.37,64.83,B+,Pass
4180,856,56,70.48,24.71,20.36,9.69,33.38,43.26,62.22,B+,Pass
4181,856,49,75.68,24.1,17.16,12.76,29.09,44.73,60.71,B+,Pass
4182,856,51,60.81,24.39,15.82,7.75,28.62,44.88,57.65,B,Pass
4183,856,53,78.47,30.56,13.94,11.56,35.78,49.52,67.63,B+,Pass
4184,857,54,70.38,19.59,15.33,14.24,36.33,50.73,64.89,B+,Pass
4185,857,52,71.63,23.93,18.42,18.52,31.98,64.72,74.78,A,Pass
4186,857,60,68.48,39.7,20.04,13.32,35.9,58.15,79.62,A,Pass
4187,857,50,67.9,26.04,19.46,20.0,34.16,45.6,69.17,B+,Pass
4188,857,63,64.83,40.0,22.1,19.62,41.0,46.29,80.75,A+,Pass
4189,858,36,54.7,25.35,22.29,13.85,31.71,40.0,63.04,B+,Pass
4190,858,46,50.31,17.83,11.65,10.83,27.41,50.05,56.05,B,Pass
4191,858,42,39.09,29.57,14.93,13.88,31.91,54.09,68.89,B+,Pass
4192,858,37,43.22,23.23,10.44,2.0,18.47,41.52,45.4,C,Pass
4193,858,41,42.3,22.2,13.22,5.64,16.17,33.55,42.95,C,Pass
4194,858,47,46.39,28.6,8.94,12.99,26.63,43.08,57.79,B,Pass
4195,859,92,69.48,31.72,18.55,10.21,41.3,57.86,76.03,A,Pass
4196,859,95,60.61,29.94,19.0,8.35,30.23,54.66,67.37,B+,Pass
4197,859,86,62.82,23.16,14.7,13.12,35.18,50.4,65.14,B+,Pass
4198,859,83,62.29,26.05,13.38,9.5,34.07,53.99,65.36,B+,Pass
4199,859,88,55.5,24.91,15.25,10.85,34.94,50.69,65.1,B+,Pass
4200,860,97,36.34,26.15,13.73,14.4,20.75,48.26,58.66,B,Pass
4201,860,100,39.9,27.64,19.34,15.55,24.46,48.14,64.03,B+,Pass
4202,860,101,37.7,26.03,17.26,14.77,34.18,53.12,69.18,B+,Pass
4203,860,99,36.99,29.39,20.78,14.81,34.8,50.99,71.6,A,Pass
4204,861,5,96.08,35.66,19.23,17.88,38.86,52.42,78.35,A,Pass
4205,861,3,94.11,37.39,19.88,13.77,37.51,48.63,74.98,A,Pass
4206,861,14,100.0,39.73,21.57,16.41,44.79,63.43,88.69,A+,Pass
4207,861,11,100.0,30.21,24.42,11.86,43.93,57.47,79.59,A,Pass
4208,861,13,100.0,33.01,24.12,20.0,47.52,62.86,89.24,A+,Pass
4209,861,9,100.0,37.98,23.86,15.48,40.25,60.83,84.79,A+,Pass
4210,862,41,56.15,37.27,24.05,16.21,37.33,44.87,75.96,A,Pass
4211,862,43,58.81,31.49,18.97,19.25,24.63,56.04,71.42,A,Pass
4212,862,33,60.99,31.47,16.49,20.0,31.86,47.36,70.36,A,Pass
4213,862,36,63.12,24.52,10.73,10.62,33.34,36.88,55.75,B,Pass
4214,862,35,62.21,29.35,20.82,20.0,32.15,36.68,66.2,B+,Pass
4215,862,40,76.75,23.75,20.22,14.37,23.4,40.34,57.67,B,Pass
4216,863,12,73.21,38.23,21.13,16.89,37.09,62.65,83.79,A+,Pass
4217,863,11,68.44,29.23,21.82,19.25,36.37,62.42,80.28,A+,Pass
4218,863,4,69.87,40.0,19.41,14.04,37.06,57.28,80.04,A+,Pass
4219,863,10,72.3,22.76,16.82,17.91,36.07,46.16,66.64,B+,Pass
4220,863,3,74.71,30.22,20.24,14.75,45.69,53.58,78.43,A,Pass
4221,863,8,71.83,33.11,18.69,15.83,40.89,51.55,76.44,A,Pass
4222,864,3,63.59,29.08,21.8,13.88,27.72,43.23,64.23,B+,Pass
4223,864,1,55.25,30.96,16.44,15.74,39.72,58.99,77.31,A,Pass
4224,864,2,54.49,25.42,15.42,16.64,30.96,37.32,60.09,B+,Pass
4225,864,6,63.75,27.85,15.19,13.67,36.97,59.02,72.87,A,Pass
4226,865,103,67.92,33.03,23.29,17.28,34.49,64.08,81.63,A+,Pass
4227,865,97,67.9,27.58,19.37,16.63,37.65,59.51,76.45,A,Pass
4228,865,104,74.84,31.53,15.14,12.35,36.36,66.43,77.18,A,Pass
4229,865,99,73.85,31.8,15.17,14.14,37.54,52.6,72.36,A,Pass
4230,865,102,74.52,35.28,24.26,17.13,42.21,63.24,86.52,A+,Pass
4231,866,33,85.24,27.18,16.38,11.64,37.04,54.52,69.93,B+,Pass
4232,866,35,75.83,26.8,19.81,9.06,34.45,42.38,62.86,B+,Pass
4233,866,37,86.63,27.41,14.99,14.55,34.05,35.72,60.67,B+,Pass
4234,866,34,89.03,29.78,9.54,10.56,39.14,47.07,65.52,B+,Pass
4235,867,59,81.44,32.48,21.22,15.03,50.0,61.6,85.99,A+,Pass
4236,867,52,75.39,22.16,23.93,14.24,48.26,53.53,76.89,A,Pass
4237,867,60,83.23,27.4,17.33,13.16,25.7,38.99,58.26,B,Pass
4238,867,51,92.96,32.7,15.64,20.0,36.73,62.76,80.26,A+,Pass
4239,867,56,80.65,25.67,22.35,15.76,37.22,53.17,73.08,A,Pass
4240,868,83,89.2,31.93,16.53,15.3,32.88,40.35,65.5,B+,Pass
4241,868,84,93.73,25.79,24.32,13.78,40.67,66.68,80.96,A+,Pass
4242,868,81,96.14,33.87,25.0,16.63,39.76,61.02,83.6,A+,Pass
4243,868,85,85.75,32.21,25.0,17.19,45.92,56.06,83.82,A+,Pass
4244,869,5,98.97,25.43,16.36,9.88,25.0,42.81,56.67,B,Pass
4245,869,1,86.12,23.29,19.0,11.89,35.96,46.1,64.68,B+,Pass
4246,869,4,93.88,27.13,22.41,15.04,30.63,49.74,68.57,B+,Pass
4247,869,3,88.22,18.59,14.22,15.99,33.5,53.53,64.71,B+,Pass
4248,870,69,99.02,38.37,20.97,20.0,42.86,65.47,89.56,A+,Pass
4249,870,78,100.0,38.86,24.68,17.57,44.43,74.31,94.98,O,Pass
4250,870,74,95.94,25.82,15.32,13.25,38.52,62.22,73.96,A,Pass
4251,870,75,100.0,35.57,25.0,18.91,50.0,64.08,92.14,O,Pass
4252,870,73,100.0,29.96,18.03,20.0,42.91,60.13,81.71,A+,Pass
4253,870,76,96.36,40.0,24.5,17.71,50.0,65.0,93.99,O,Pass
4254,871,8,75.74,38.27,20.19,18.03,45.14,62.18,87.81,A+,Pass
4255,871,3,75.08,31.9,16.19,20.0,35.1,52.28,74.37,A,Pass
4256,871,6,77.62,38.24,18.56,16.9,43.53,68.24,88.6,A+,Pass
4257,871,2,70.4,25.93,21.01,17.21,39.0,55.01,75.15,A,Pass
4258,871,9,76.51,29.89,20.15,15.15,33.54,52.45,71.83,A,Pass
4259,871,4,66.37,26.9,17.43,9.72,35.21,51.09,66.73,B+,Pass
4260,872,21,69.46,26.54,18.86,11.14,38.9,55.33,71.66,A,Pass
4261,872,17,70.04,22.62,18.07,7.03,18.54,42.92,51.35,B,Pass
4262,872,26,71.76,21.89,18.21,14.42,27.61,56.7,65.7,B+,Pass
4263,872,22,73.78,25.16,15.12,18.33,34.64,52.43,69.58,B+,Pass
4264,872,25,73.49,26.27,16.27,17.85,32.89,40.38,63.86,B+,Pass
4265,873,38,62.52,25.91,22.09,16.41,44.27,54.42,77.53,A,Pass
4266,873,33,73.33,31.7,24.97,17.59,43.99,70.44,89.5,A+,Pass
4267,873,40,70.16,40.0,23.65,17.13,45.57,73.14,94.94,O,Pass
4268,873,34,64.58,32.97,25.0,12.4,34.49,68.71,82.0,A+,Pass
4269,874,38,58.91,25.81,11.33,10.21,27.0,63.86,65.84,B+,Pass
4270,874,42,57.17,15.96,12.52,18.43,31.79,54.15,63.37,B+,Pass
4271,874,44,61.12,29.07,13.56,14.89,37.37,55.39,71.94,A,Pass
4272,874,46,68.87,19.94,17.39,12.81,26.68,37.78,54.3,B,Pass
4273,874,34,63.17,22.25,11.52,14.69,35.42,60.74,69.13,B+,Pass
4274,875,77,81.93,24.28,15.87,15.26,40.76,60.3,74.64,A,Pass
4275,875,78,88.55,40.0,20.75,14.71,44.87,67.73,89.7,A+,Pass
4276,875,76,81.37,31.03,20.5,18.49,36.71,53.47,76.27,A,Pass
4277,875,69,78.02,34.95,21.74,17.09,38.33,73.25,88.07,A+,Pass
4278,876,55,66.33,28.23,10.3,8.24,16.84,55.7,56.76,B,Pass
4279,876,54,66.75,25.72,14.57,10.21,30.15,31.96,53.79,B,Pass
4280,876,52,65.32,24.45,16.13,15.8,38.67,44.54,66.7,B+,Pass
4281,876,49,61.78,28.28,17.18,6.69,34.01,34.36,57.39,B,Pass
4282,876,51,62.32,34.05,14.11,9.34,29.03,65.44,72.39,A,Pass
4283,876,50,60.74,21.11,9.87,13.53,23.77,53.01,57.89,B,Pass
4284,877,67,76.5,31.06,25.0,18.36,47.14,56.21,84.51,A+,Pass
4285,877,68,87.98,32.96,18.86,13.83,43.94,67.01,84.18,A+,Pass
4286,877,77,77.86,29.89,17.75,10.53,26.88,51.84,64.94,B+,Pass
4287,877,76,83.76,24.85,10.28,13.22,38.38,64.64,72.51,A,Pass
4288,877,75,77.86,32.51,22.72,19.37,40.83,60.56,83.7,A+,Pass
4289,877,71,74.93,33.98,24.3,20.0,46.19,75.0,94.81,O,Pass
4290,878,97,85.51,23.55,18.82,17.11,47.76,72.49,85.57,A+,Pass
4291,878,103,89.88,32.19,15.61,18.1,48.9,55.98,81.97,A+,Pass
4292,878,102,85.85,30.71,25.0,18.49,38.59,35.9,70.64,A,Pass
4293,878,104,94.77,33.66,23.28,17.75,37.95,71.37,87.29,A+,Pass
4294,878,98,81.98,34.35,25.0,12.61,42.8,61.51,83.58,A+,Pass
4295,879,19,74.83,27.48,12.5,18.33,37.79,48.04,69.21,B+,Pass
4296,879,21,69.26,15.34,13.06,11.67,34.04,48.06,58.17,B,Pass
4297,879,17,76.66,29.68,17.13,16.2,31.67,51.27,69.56,B+,Pass
4298,879,20,78.32,24.39,21.68,20.0,24.7,52.13,67.54,B+,Pass
4299,880,24,77.72,29.85,18.78,18.1,41.11,61.44,80.72,A+,Pass
4300,880,17,92.19,38.41,20.81,16.68,38.33,60.29,83.17,A+,Pass
4301,880,25,91.89,40.0,21.65,19.73,45.83,68.59,93.45,O,Pass
4302,880,28,92.69,40.0,21.28,20.0,45.44,62.42,90.36,O,Pass
4303,881,90,87.1,28.28,25.0,15.81,40.26,52.67,76.75,A,Pass
4304,881,81,88.6,30.91,21.96,14.52,32.23,57.87,74.62,A,Pass
4305,881,84,93.1,39.08,24.01,17.5,48.55,69.65,94.68,O,Pass
4306,881,82,89.24,26.0,18.8,12.52,33.28,61.39,72.07,A,Pass
4307,881,93,92.08,33.24,17.97,12.59,40.72,56.76,76.95,A,Pass
4308,882,93,68.83,26.24,18.83,13.87,29.17,51.91,66.4,B+,Pass
4309,882,84,69.03,26.94,21.67,19.18,38.26,54.98,76.52,A,Pass
4310,882,90,71.29,30.76,22.75,14.59,34.57,57.99,76.12,A,Pass
4311,882,91,68.82,35.96,20.45,20.0,44.63,48.09,80.92,A+,Pass
4312,883,85,63.14,18.76,10.78,14.94,23.7,40.94,52.11,B,Pass
4313,883,83,50.81,27.28,15.77,12.96,34.74,60.87,72.2,A,Pass
4314,883,87,56.16,25.36,19.66,13.98,34.78,44.34,65.62,B+,Pass
4315,883,88,55.29,14.86,10.3,13.72,23.81,44.97,51.3,B,Pass
4316,883,84,58.3,22.3,18.71,12.96,28.96,47.81,61.91,B+,Pass
4317,884,83,92.43,33.97,11.35,15.07,27.08,61.78,71.43,A,Pass
4318,884,88,90.52,35.44,17.32,15.58,38.77,58.38,79.07,A,Pass
4319,884,87,96.73,36.69,20.41,14.8,41.88,63.04,84.27,A+,Pass
4320,884,95,87.02,33.65,21.6,11.53,36.01,61.6,77.98,A,Pass
4321,885,109,79.45,33.48,19.3,20.0,34.03,53.59,76.48,A,Pass
4322,885,105,62.03,33.92,22.1,14.04,39.6,58.32,79.83,A,Pass
4323,885,111,64.86,29.55,24.47,13.89,37.7,65.05,80.72,A+,Pass
4324,885,99,77.47,27.52,17.19,14.85,42.44,56.97,75.87,A,Pass
4325,885,108,74.22,24.42,15.54,14.5,39.18,49.76,68.49,B+,Pass
4326,886,101,77.8,23.8,19.54,17.31,35.83,44.61,67.11,B+,Pass
4327,886,99,82.77,31.52,17.78,15.43,31.94,57.51,73.4,A,Pass
4328,886,100,75.28,31.68,17.78,14.01,36.81,50.47,71.92,A,Pass
4329,886,97,77.98,20.45,19.98,9.68,42.19,43.12,64.27,B+,Pass
4330,887,104,82.61,24.5,18.69,11.3,40.0,63.15,74.85,A,Pass
4331,887,103,78.81,27.06,21.68,18.98,39.53,54.99,77.11,A,Pass
4332,887,106,85.86,37.83,18.78,14.85,38.08,60.93,81.32,A+,Pass
4333,887,98,86.71,36.13,25.0,19.56,42.3,71.5,92.36,O,Pass
4334,888,31,71.84,29.76,17.92,11.46,40.26,56.08,74.08,A,Pass
4335,888,23,81.21,36.32,19.48,12.14,37.77,45.78,72.27,A,Pass
4336,888,19,86.89,23.11,13.63,15.58,38.04,38.71,61.88,B+,Pass
4337,888,30,76.05,32.5,18.55,11.37,35.51,60.52,75.35,A,Pass
4338,889,97,55.97,25.2,20.33,10.4,37.67,56.53,71.15,A,Pass
4339,889,112,59.01,23.75,15.7,19.58,33.03,49.5,67.56,B+,Pass
4340,889,101,62.96,30.39,14.79,14.99,40.49,56.72,75.32,A,Pass
4341,889,107,66.11,28.56,22.48,14.42,36.65,61.1,77.32,A,Pass
4342,889,111,56.94,33.45,20.01,9.98,26.75,49.84,66.35,B+,Pass
4343,889,110,60.62,25.27,19.1,15.76,35.49,53.83,71.02,A,Pass
4344,890,87,66.36,29.63,19.63,16.05,37.96,60.59,77.94,A,Pass
4345,890,82,72.14,26.11,20.19,14.95,32.31,59.64,72.59,A,Pass
4346,890,86,72.92,33.39,19.82,14.72,46.76,57.16,82.04,A+,Pass
4347,890,81,58.65,27.42,8.56,9.42,22.03,40.54,51.78,B,Pass
4348,890,83,67.47,27.54,21.4,20.0,40.19,49.14,75.36,A,Pass
4349,891,17,82.41,35.46,21.48,19.38,44.61,67.08,89.62,A+,Pass
4350,891,22,81.99,34.17,18.81,17.43,35.5,58.61,78.43,A,Pass
4351,891,26,76.57,29.61,16.95,17.23,36.26,66.22,79.23,A,Pass
4352,891,20,81.91,26.56,13.86,11.63,31.39,51.95,64.58,B+,Pass
4353,891,23,70.52,25.86,16.83,15.54,34.66,47.09,66.74,B+,Pass
4354,891,28,76.15,30.24,19.85,9.04,42.66,60.08,76.95,A,Pass
4355,892,96,72.97,33.71,21.95,18.46,39.01,58.02,81.44,A+,Pass
4356,892,81,82.86,31.6,12.43,14.51,29.94,61.88,71.88,A,Pass
4357,892,91,76.32,28.2,16.95,19.99,42.11,38.82,70.05,A,Pass
4358,892,82,75.8,34.88,20.32,13.21,33.15,53.9,73.91,A,Pass
4359,893,33,85.55,38.85,20.81,9.6,39.91,74.01,87.05,A+,Pass
4360,893,35,89.0,28.19,18.76,18.75,41.37,57.88,78.67,A,Pass
4361,893,38,86.2,33.6,23.75,16.2,41.04,50.41,78.44,A,Pass
4362,893,36,93.88,33.22,20.15,18.11,38.03,56.17,78.95,A,Pass
4363,893,37,88.16,26.95,16.77,13.09,46.14,56.18,76.02,A,Pass
4364,893,34,83.82,32.58,19.24,12.79,36.27,48.07,70.95,A,Pass
4365,894,50,68.6,36.36,14.42,15.09,33.41,57.17,74.87,A,Pass
4366,894,52,65.68,19.42,11.42,9.96,18.91,45.01,49.72,C,Pass
4367,894,57,60.38,31.25,14.04,12.03,33.58,47.62,66.27,B+,Pass
4368,894,59,67.21,22.23,13.08,9.42,26.03,46.48,55.76,B,Pass
4369,894,60,62.82,25.8,18.84,13.16,38.56,35.63,62.92,B+,Pass
4370,895,84,80.97,30.07,19.61,16.82,39.68,59.29,78.79,A,Pass
4371,895,89,79.33,28.8,13.4,7.3,40.58,59.53,71.48,A,Pass
4372,895,87,81.98,35.2,18.11,15.16,35.81,64.12,80.25,A+,Pass
4373,895,88,81.33,40.0,25.0,20.0,49.9,70.0,97.62,O,Pass
4374,896,5,95.12,14.65,12.9,12.66,29.46,49.1,56.45,B,Pass
4375,896,4,87.48,28.71,18.73,15.68,37.07,33.93,64.05,B+,Pass
4376,896,3,86.54,26.37,16.48,6.48,25.68,47.03,57.8,B,Pass
4377,896,2,87.48,29.58,19.38,16.54,26.35,49.27,66.98,B+,Pass
4378,896,1,84.79,28.92,16.2,12.72,35.97,43.88,65.76,B+,Pass
4379,897,13,56.61,25.71,17.4,14.54,20.33,51.7,61.38,B+,Pass
4380,897,12,65.73,31.26,15.45,10.98,35.63,57.5,71.95,A,Pass
4381,897,1,62.54,21.53,13.13,10.4,32.54,48.29,60.02,B+,Pass
4382,897,6,55.35,28.92,17.74,15.81,33.17,55.17,71.79,A,Pass
4383,898,79,54.75,24.62,15.25,12.65,30.94,37.18,57.55,B,Pass
4384,898,71,65.99,23.36,17.68,16.59,30.27,52.53,66.7,B+,Pass
4385,898,77,65.41,30.52,16.09,9.87,27.58,37.77,58.04,B,Pass
4386,898,78,58.82,22.36,8.48,9.78,27.55,53.49,58.2,B,Pass
4387,899,35,66.81,29.35,19.97,16.32,39.42,57.61,77.42,A,Pass
4388,899,33,62.22,34.65,25.0,12.65,39.94,61.25,82.21,A+,Pass
4389,899,36,69.74,26.73,15.96,10.76,34.08,37.23,59.54,B,Pass
4390,899,37,65.51,32.78,25.0,11.32,35.28,59.87,77.63,A,Pass
4391,900,84,73.66,40.0,19.11,11.98,42.6,66.42,85.93,A+,Pass
4392,900,81,77.93,39.93,21.0,19.79,50.0,75.0,98.26,O,Pass
4393,900,85,84.94,26.14,16.8,13.51,40.97,54.9,72.65,A,Pass
4394,900,83,80.05,32.97,17.64,16.3,30.0,57.29,73.42,A,Pass
4395,901,97,82.03,29.75,15.5,16.08,31.92,36.74,62.22,B+,Pass
4396,901,98,75.84,28.79,17.56,9.72,42.54,46.84,69.41,B+,Pass
4397,901,99,75.99,30.99,20.16,9.27,34.55,57.59,72.34,A,Pass
4398,901,101,79.7,31.72,15.09,14.09,27.57,47.71,64.99,B+,Pass
4399,901,100,79.56,29.42,17.1,11.4,42.82,71.14,81.86,A+,Pass
4400,901,102,70.36,32.75,13.88,14.25,35.28,56.76,73.18,A,Pass
4401,902,82,68.82,25.51,16.8,15.46,35.98,44.03,65.75,B+,Pass
4402,902,84,71.29,34.94,17.87,20.0,46.82,53.85,83.15,A+,Pass
4403,902,83,69.85,28.22,19.76,17.21,29.98,48.49,68.24,B+,Pass
4404,902,81,81.62,28.94,22.87,12.2,37.41,49.48,71.51,A,Pass
4405,903,6,43.81,24.9,22.69,10.4,29.8,56.0,67.76,B+,Pass
4406,903,1,53.7,27.29,18.2,9.82,31.4,40.92,60.63,B+,Pass
4407,903,5,52.73,16.83,10.6,12.06,24.4,33.94,46.73,C,Pass
4408,903,8,43.16,22.5,11.89,8.9,32.91,43.8,57.36,B,Pass
4409,904,21,88.31,18.24,14.22,14.18,27.46,49.02,58.5,B,Pass
4410,904,20,88.38,28.0,22.92,7.36,46.76,56.06,76.39,A,Pass
4411,904,19,87.25,32.62,19.87,19.55,31.06,50.52,73.14,A,Pass
4412,904,17,83.88,38.67,25.0,16.67,31.97,53.63,78.69,A,Pass
4413,905,67,30.11,11.48,12.28,10.64,18.05,25.4,36.85,F,Fail
4414,905,65,34.05,9.19,2.2,10.82,10.64,19.47,25.29,F,Fail
4415,905,71,32.02,27.43,15.0,8.37,31.68,47.79,62.04,B+,Pass
4416,905,68,31.79,13.69,11.12,5.79,18.37,27.78,36.33,F,Fail
4417,906,84,46.1,21.37,9.4,13.57,26.15,33.53,49.95,C,Pass
4418,906,87,54.52,22.7,18.18,7.08,16.37,43.49,50.64,B,Pass
4419,906,86,38.37,26.59,12.14,12.38,28.32,44.37,59.21,B,Pass
4420,906,81,44.57,18.3,13.48,8.9,21.71,40.84,48.91,C,Pass
4421,906,85,44.03,14.64,15.08,8.37,13.53,42.22,44.0,C,Pass
4422,907,100,73.6,28.31,20.65,16.97,50.0,74.81,90.81,O,Pass
4423,907,98,70.25,30.64,15.17,12.29,42.32,60.44,76.89,A,Pass
4424,907,99,70.73,22.67,18.11,11.46,31.6,57.94,67.15,B+,Pass
4425,907,97,72.65,35.54,18.58,14.78,41.42,43.88,73.77,A,Pass
4426,908,65,74.0,24.92,21.31,18.93,46.87,52.58,78.42,A,Pass
4427,908,69,82.61,30.0,21.48,16.09,39.47,47.55,73.56,A,Pass
4428,908,67,80.87,23.22,14.49,6.03,35.78,41.1,57.48,B,Pass
4429,908,70,87.25,21.71,15.47,19.66,25.07,42.45,59.22,B,Pass
4430,908,76,83.4,21.36,20.69,15.91,28.4,47.5,63.28,B+,Pass
4431,909,5,30.0,6.22,6.05,3.71,18.98,32.33,31.96,F,Fail
4432,909,1,34.73,21.63,15.93,6.76,26.85,38.84,52.12,B,Pass
4433,909,8,34.33,17.64,12.76,8.14,21.56,48.75,51.52,B,Pass
4434,909,7,30.0,7.29,12.27,8.06,25.8,41.01,44.62,C,Pass
4435,909,2,31.39,23.9,8.94,13.37,28.07,33.99,52.11,B,Pass
4436,909,6,33.51,26.75,11.33,12.79,20.28,42.95,54.48,B,Pass
4437,910,26,34.53,20.87,14.44,2.0,23.28,37.08,46.15,C,Pass
4438,910,23,30.0,24.07,11.84,6.31,25.45,22.97,43.38,C,Pass
4439,910,21,33.5,15.8,10.54,10.37,32.7,52.41,58.11,B,Pass
4440,910,29,33.66,25.44,24.21,13.12,34.01,55.07,71.67,A,Pass
4441,910,28,34.98,14.74,14.19,11.99,26.33,37.3,49.61,C,Pass
4442,911,42,74.69,37.75,25.0,20.0,48.04,75.0,97.9,O,Pass
4443,911,47,83.36,34.09,22.54,15.83,32.76,60.17,78.43,A,Pass
4444,911,34,81.07,29.69,18.28,13.53,42.03,54.8,75.51,A,Pass
4445,911,38,77.82,38.48,20.09,13.37,38.4,56.06,79.32,A,Pass
4446,912,24,71.82,26.59,21.42,16.25,37.76,62.63,78.09,A,Pass
4447,912,25,68.28,31.48,23.16,9.95,35.72,45.75,69.19,B+,Pass
4448,912,18,80.1,32.26,16.21,15.24,25.5,37.16,60.33,B+,Pass
4449,912,27,59.29,26.92,20.54,15.35,22.01,57.44,67.16,B+,Pass
4450,912,19,75.02,21.63,12.94,6.43,28.06,53.7,58.3,B,Pass
4451,912,22,72.53,22.53,11.93,9.47,32.36,64.19,66.91,B+,Pass
4452,913,4,84.05,30.03,19.61,16.57,34.55,63.79,78.19,A,Pass
4453,913,5,84.65,36.94,25.0,20.0,45.99,61.28,90.07,O,Pass
4454,913,1,86.82,36.79,14.41,20.0,43.87,58.8,83.53,A+,Pass
4455,913,3,88.43,39.13,19.89,16.0,40.48,56.71,82.23,A+,Pass
4456,914,108,100.0,40.0,23.97,20.0,42.02,60.28,88.73,A+,Pass
4457,914,99,93.38,35.34,25.0,18.33,50.0,49.69,85.02,A+,Pass
4458,914,103,96.81,39.7,24.64,14.55,46.44,46.45,81.87,A+,Pass
4459,914,107,90.9,33.74,16.98,15.43,45.59,49.09,77.09,A,Pass
4460,915,21,97.5,28.69,20.83,19.62,32.48,53.68,73.78,A,Pass
4461,915,24,90.45,28.35,17.92,14.64,42.24,47.24,71.83,A,Pass
4462,915,18,96.52,37.28,16.29,18.09,35.69,60.46,80.26,A+,Pass
4463,915,17,94.12,34.46,17.68,17.12,42.85,55.15,80.02,A+,Pass
4464,915,19,83.72,28.67,22.05,13.5,37.08,55.59,74.39,A,Pass
4465,915,22,82.74,40.0,22.93,20.0,47.86,60.82,91.49,O,Pass
4466,916,17,51.5,30.31,23.26,17.74,43.77,56.31,81.49,A+,Pass
4467,916,20,53.38,29.5,21.81,18.7,36.76,64.61,81.35,A+,Pass
4468,916,19,47.09,26.67,18.73,14.66,26.86,56.47,67.94,B+,Pass
4469,916,21,56.35,31.57,17.54,14.78,48.16,48.05,76.69,A,Pass
4470,917,35,44.06,18.68,15.22,9.89,28.07,41.21,53.64,B,Pass
4471,917,36,42.67,17.64,17.99,14.55,27.22,45.01,57.91,B,Pass
4472,917,42,34.56,23.24,15.5,15.55,28.24,44.26,60.36,B+,Pass
4473,917,34,41.25,22.36,17.33,16.31,46.51,52.35,73.95,A,Pass
4474,917,38,30.0,15.71,8.61,11.4,32.73,41.57,52.77,B,Pass
4475,917,41,42.02,28.28,14.44,15.59,31.12,55.09,68.98,B+,Pass
4476,918,52,48.7,28.2,15.9,15.03,36.37,67.68,77.74,A,Pass
4477,918,54,48.57,18.56,5.68,11.61,26.06,46.02,51.87,B,Pass
4478,918,60,45.47,28.49,22.74,9.25,34.54,54.5,70.67,A,Pass
4479,918,53,48.4,31.47,19.37,8.94,36.49,49.36,69.23,B+,Pass
4480,919,89,57.15,21.95,16.65,12.61,43.25,32.96,60.94,B+,Pass
4481,919,85,57.64,23.29,14.91,10.51,22.47,40.83,53.15,B,Pass
4482,919,91,60.47,27.99,8.54,15.29,20.83,37.51,52.97,B,Pass
4483,919,86,57.72,38.17,25.0,20.0,33.0,58.77,83.01,A+,Pass
4484,919,83,62.43,21.65,18.7,13.79,27.25,44.92,59.79,B,Pass
4485,920,29,77.18,33.33,13.84,15.67,38.61,65.62,79.96,A,Pass
4486,920,28,80.58,31.59,18.41,13.12,40.14,47.6,72.0,A,Pass
4487,920,22,76.87,36.4,13.84,12.15,36.91,48.87,71.07,A,Pass
4488,920,20,69.58,28.77,15.87,14.32,26.1,51.62,65.03,B+,Pass
4489,920,17,77.76,31.68,12.15,11.19,24.82,48.97,61.56,B+,Pass
4490,921,37,76.2,31.34,17.02,10.14,41.32,60.21,76.31,A,Pass
4491,921,44,78.24,27.21,22.32,11.21,43.61,58.37,77.19,A,Pass
4492,921,41,79.37,34.67,17.42,17.53,35.28,58.52,78.02,A,Pass
4493,921,33,74.24,32.41,19.82,17.44,37.01,42.61,71.24,A,Pass
4494,922,62,37.65,20.56,20.48,7.09,26.76,49.97,58.72,B,Pass
4495,922,49,30.0,22.19,16.75,15.84,35.88,48.69,66.38,B+,Pass
4496,922,55,33.39,22.33,16.94,9.25,24.17,47.12,56.64,B,Pass
4497,922,52,31.79,17.79,9.21,11.68,23.12,49.66,53.15,B,Pass
4498,923,3,32.46,15.01,7.91,3.54,14.31,20.86,29.32,F,Fail
4499,923,7,43.09,14.72,15.52,4.72,23.57,39.31,46.05,C,Pass
4500,923,4,37.77,7.59,13.52,9.97,20.34,27.6,37.24,F,Fail
4501,923,10,32.93,21.01,9.92,11.04,26.27,30.34,47.29,C,Pass
4502,924,68,82.93,31.21,17.49,16.45,37.84,57.14,76.41,A,Pass
4503,924,66,85.6,30.67,13.98,13.46,31.76,64.39,73.58,A,Pass
4504,924,67,84.34,33.47,24.19,14.3,44.99,69.88,88.66,A+,Pass
4505,924,70,79.2,28.77,21.61,16.3,37.44,47.43,72.03,A,Pass
4506,924,69,84.77,27.72,17.2,16.89,39.09,53.91,73.89,A,Pass
4507,924,65,82.65,32.98,19.74,14.84,43.47,47.76,75.83,A,Pass
4508,925,30,48.76,21.2,16.66,10.28,29.43,43.53,57.43,B,Pass
4509,925,29,55.88,13.72,12.31,6.91,27.05,34.94,45.06,C,Pass
4510,925,23,53.26,18.49,14.15,11.18,24.32,44.91,53.61,B,Pass
4511,925,20,45.53,18.34,12.03,2.0,33.92,53.97,57.13,B,Pass
4512,926,88,70.4,30.83,18.56,12.63,40.63,62.42,78.6,A,Pass
4513,926,84,76.02,29.07,16.12,8.87,43.87,58.59,74.69,A,Pass
4514,926,81,63.59,22.08,11.41,17.54,36.11,40.13,61.16,B+,Pass
4515,926,91,69.65,33.96,21.38,15.89,37.98,58.55,79.79,A,Pass
4516,927,86,62.59,22.39,14.97,12.6,31.09,46.76,60.85,B+,Pass
4517,927,81,66.3,21.51,15.2,13.81,34.29,31.3,55.5,B,Pass
4518,927,85,72.19,19.97,7.61,13.94,31.42,32.0,50.64,B,Pass
4519,927,82,82.38,16.91,16.45,14.65,18.55,33.11,47.08,C,Pass
4520,928,58,82.64,25.93,22.65,7.03,38.99,60.88,73.45,A,Pass
4521,928,57,72.79,38.42,20.43,18.1,42.78,62.4,86.94,A+,Pass
4522,928,55,73.48,40.0,22.67,20.0,48.55,61.71,92.14,O,Pass
4523,928,54,68.21,33.07,17.29,20.0,37.62,60.59,80.53,A+,Pass
4524,929,105,67.64,27.71,13.57,20.0,34.61,38.48,64.54,B+,Pass
4525,929,111,70.88,21.5,12.71,12.08,35.4,55.61,65.53,B+,Pass
4526,929,112,68.93,20.86,25.0,15.01,36.17,65.42,76.55,A,Pass
4527,929,102,74.33,28.55,13.47,10.34,32.68,50.34,64.67,B+,Pass
4528,929,109,68.73,26.41,14.53,15.84,34.31,45.4,65.28,B+,Pass
4529,930,18,56.01,21.66,12.99,9.02,21.95,31.69,46.3,C,Pass
4530,930,22,42.34,14.74,9.35,3.33,18.11,37.43,39.29,F,Fail
4531,930,26,43.39,11.85,5.59,4.99,18.31,33.94,35.65,F,Fail
4532,930,28,46.63,8.12,12.3,5.57,23.39,31.6,38.2,F,Fail
4533,931,107,82.28,34.78,18.88,19.01,47.12,65.73,88.68,A+,Pass
4534,931,109,90.03,30.94,24.11,15.12,43.71,61.13,83.06,A+,Pass
4535,931,100,80.84,37.96,25.0,20.0,48.82,75.0,98.39,O,Pass
4536,931,104,88.8,28.38,20.83,16.93,37.44,65.97,80.49,A+,Pass
4537,931,108,70.5,39.25,24.53,17.71,43.38,52.66,84.56,A+,Pass
4538,931,97,67.37,28.27,19.07,17.02,31.59,62.71,75.33,A,Pass
4539,932,46,93.46,31.31,25.0,20.0,42.79,72.04,90.66,O,Pass
4540,932,34,87.85,32.76,22.06,19.22,35.93,58.51,80.09,A+,Pass
4541,932,44,87.03,37.81,25.0,17.76,47.38,55.17,87.23,A+,Pass
4542,932,37,98.3,28.93,19.34,20.0,38.53,47.18,73.49,A,Pass
4543,932,39,100.0,40.0,21.35,16.51,50.0,54.92,87.43,A+,Pass
4544,932,35,98.63,30.89,22.55,13.39,49.0,58.1,82.77,A+,Pass
4545,933,68,68.2,25.78,14.8,13.12,40.1,55.63,71.39,A,Pass
4546,933,66,77.7,34.45,24.97,12.44,47.97,64.17,87.36,A+,Pass
4547,933,75,72.46,29.84,20.79,12.9,37.87,56.43,74.95,A,Pass
4548,933,74,71.8,22.85,19.75,15.07,29.92,55.75,67.84,B+,Pass
4549,934,78,54.36,21.74,19.57,20.0,30.53,49.68,67.14,B+,Pass
4550,934,74,49.37,25.92,12.63,16.75,34.23,45.65,64.8,B+,Pass
4551,934,66,49.6,21.5,12.91,13.27,27.51,41.26,55.56,B,Pass
4552,934,80,40.42,19.5,12.95,17.44,36.19,47.78,64.04,B+,Pass
4553,935,81,76.07,38.93,15.38,18.61,46.97,53.65,83.44,A+,Pass
4554,935,82,76.4,24.14,23.01,15.49,35.13,45.24,67.7,B+,Pass
4555,935,83,77.77,33.85,21.28,13.15,21.1,55.75,68.58,B+,Pass
4556,935,84,77.83,35.54,18.23,16.66,37.85,43.76,72.74,A,Pass
4557,936,50,73.7,27.56,24.27,15.31,38.69,61.21,79.05,A,Pass
4558,936,55,67.64,35.06,22.66,20.0,46.15,48.72,82.4,A+,Pass
4559,936,49,72.52,32.46,14.55,14.39,29.25,48.53,66.52,B+,Pass
4560,936,51,66.2,26.86,17.87,18.07,29.55,60.55,72.64,A,Pass
4561,936,53,65.67,28.84,16.06,13.22,30.8,56.76,69.34,B+,Pass
4562,936,54,65.28,33.2,18.13,14.91,39.83,43.58,71.56,A,Pass
4563,937,19,62.48,34.76,19.93,12.02,34.65,53.95,73.87,A,Pass
4564,937,18,57.94,29.55,18.14,14.76,38.95,49.39,71.94,A,Pass
4565,937,20,60.67,18.26,16.84,13.5,31.3,36.62,55.36,B,Pass
4566,937,21,69.7,23.46,17.46,19.89,28.77,49.1,65.96,B+,Pass
4567,937,17,64.82,29.01,18.35,17.76,29.44,50.84,69.17,B+,Pass
4568,937,22,56.35,27.71,20.28,8.96,38.24,52.5,70.07,A,Pass
4569,938,38,81.33,30.97,15.58,11.02,42.04,54.02,73.45,A,Pass
4570,938,37,85.05,30.16,24.1,15.12,37.29,67.24,82.31,A+,Pass
4571,938,41,75.11,24.85,11.65,13.39,30.22,51.03,62.7,B+,Pass
4572,938,40,74.59,30.42,21.14,15.43,43.43,75.0,88.09,A+,Pass
4573,938,42,78.09,32.02,19.59,18.88,42.97,63.89,84.59,A+,Pass
4574,939,68,86.93,36.11,22.17,17.77,37.44,55.24,80.31,A+,Pass
4575,939,66,82.15,31.51,21.32,17.91,46.73,51.82,80.79,A+,Pass
4576,939,65,94.48,36.3,15.32,12.11,38.83,53.98,74.94,A,Pass
4577,939,70,84.05,36.13,20.04,15.72,34.63,64.93,81.55,A+,Pass
4578,939,67,87.72,36.84,16.88,15.67,31.16,53.88,73.73,A,Pass
4579,939,74,80.24,37.64,25.0,19.95,41.31,57.03,86.06,A+,Pass
4580,940,90,76.49,25.93,21.86,15.58,37.89,57.05,75.07,A,Pass
4581,940,85,76.68,24.86,9.12,9.96,25.94,42.08,53.66,B,Pass
4582,940,83,78.72,27.29,20.13,9.53,35.23,36.55,61.13,B+,Pass
4583,940,92,77.04,27.13,15.99,16.63,30.57,33.35,59.12,B,Pass
4584,941,76,46.75,25.97,11.71,11.8,20.14,43.12,53.75,B,Pass
4585,941,68,49.35,21.56,15.33,8.68,20.65,24.57,43.05,C,Pass
4586,941,65,50.36,22.09,11.93,10.46,32.69,42.23,57.1,B,Pass
4587,941,78,46.33,21.55,13.49,15.89,32.08,29.58,53.96,B,Pass
4588,942,19,81.04,28.82,14.41,19.77,44.62,64.56,82.5,A+,Pass
4589,942,18,77.67,35.18,25.0,16.64,42.09,70.15,89.69,A+,Pass
4590,942,25,76.49,31.73,18.16,12.33,46.0,59.37,80.0,A+,Pass
4591,942,21,77.8,34.44,25.0,19.23,49.34,60.11,89.56,A+,Pass
4592,943,30,32.84,19.48,10.76,11.7,19.99,41.72,49.36,C,Pass
4593,943,25,32.94,16.73,14.08,13.12,19.38,28.68,43.63,C,Pass
4594,943,17,30.0,23.16,17.67,5.39,17.55,44.46,50.87,B,Pass
4595,943,32,38.83,24.71,12.96,10.76,28.52,52.69,61.77,B+,Pass
4596,943,28,30.0,19.52,6.88,7.34,22.04,33.69,42.92,C,Pass
4597,944,35,95.92,29.02,11.25,6.96,24.94,58.78,62.39,B+,Pass
4598,944,47,91.99,28.35,21.61,17.2,29.68,48.74,69.01,B+,Pass
4599,944,37,90.76,27.38,15.98,11.73,36.86,54.3,69.71,B+,Pass
4600,944,40,90.02,16.46,19.6,11.73,27.84,47.88,58.21,B,Pass
4601,944,39,83.84,29.31,20.38,12.66,36.24,45.93,68.7,B+,Pass
4602,944,44,89.24,33.54,18.75,9.25,30.47,51.85,68.33,B+,Pass
4603,945,87,71.71,23.48,11.45,10.12,26.96,45.34,56.02,B,Pass
4604,945,88,70.89,11.89,13.63,13.19,29.55,32.21,47.8,C,Pass
4605,945,96,71.85,33.45,17.69,16.2,30.53,43.02,67.24,B+,Pass
4606,945,89,72.72,24.76,13.38,13.84,33.71,51.68,65.62,B+,Pass
4607,945,84,73.47,27.39,14.07,11.32,30.57,49.3,63.28,B+,Pass
4608,946,90,76.85,27.01,18.39,12.92,31.44,48.44,65.65,B+,Pass
4609,946,85,70.11,34.14,19.4,17.18,28.67,50.7,71.41,A,Pass
4610,946,83,83.58,29.04,16.14,16.48,35.55,69.45,79.4,A,Pass
4611,946,82,73.89,31.26,19.84,10.61,39.52,54.64,74.13,A,Pass
4612,947,84,62.83,35.87,13.59,16.63,37.32,55.1,76.06,A,Pass
4613,947,85,54.93,30.15,18.93,18.49,42.48,38.08,70.9,A,Pass
4614,947,92,63.28,32.75,22.3,11.2,32.61,62.15,76.2,A,Pass
4615,947,86,56.65,26.4,21.51,7.07,30.75,49.75,63.93,B+,Pass
4616,947,95,64.26,26.08,17.02,20.0,42.71,51.82,75.39,A,Pass
4617,948,35,70.58,28.0,11.06,18.4,31.76,34.39,59.55,B,Pass
4618,948,34,69.49,24.86,19.91,13.52,31.65,51.65,67.08,B+,Pass
4619,948,37,72.23,29.5,8.13,11.73,28.86,40.7,57.29,B,Pass
4620,948,33,69.63,20.46,15.75,6.99,16.78,39.67,46.93,C,Pass
4621,948,36,69.3,30.46,14.2,13.81,34.77,43.32,65.42,B+,Pass
4622,949,36,55.33,21.14,18.36,10.5,23.55,39.97,53.6,B,Pass
4623,949,37,55.9,17.51,10.72,5.98,25.1,31.19,43.14,C,Pass
4624,949,35,56.55,25.95,16.37,6.42,28.74,57.38,63.88,B+,Pass
4625,949,33,69.47,21.12,13.32,9.89,29.17,44.62,56.24,B,Pass
4626,949,34,55.96,15.36,15.54,10.46,22.14,36.18,47.08,C,Pass
4627,950,97,70.86,19.92,10.28,5.87,25.81,30.59,44.19,C,Pass
4628,950,99,81.23,34.62,14.22,11.91,28.93,57.77,70.38,A,Pass
4629,950,102,74.63,24.31,12.07,15.74,23.95,46.44,58.5,B,Pass
4630,950,101,74.49,24.18,12.16,2.0,35.33,31.6,50.37,B,Pass
4631,951,97,71.08,20.93,16.6,9.58,42.56,63.45,72.79,A,Pass
4632,951,101,72.89,21.67,16.47,14.49,40.09,51.81,68.89,B+,Pass
4633,951,104,76.42,30.49,19.25,14.54,37.17,54.28,74.13,A,Pass
4634,951,99,79.07,23.48,17.43,14.77,39.0,49.3,68.61,B+,Pass
4635,952,36,54.94,29.39,18.98,10.01,36.83,51.67,69.82,B+,Pass
4636,952,40,61.33,19.17,12.57,12.59,25.33,52.94,58.28,B,Pass
4637,952,37,60.94,17.3,10.77,6.89,28.9,30.23,44.96,C,Pass
4638,952,33,64.06,29.28,18.66,18.46,39.85,66.59,82.34,A+,Pass
4639,953,53,78.72,27.71,20.07,14.33,37.08,64.67,77.76,A,Pass
4640,953,51,80.21,32.65,18.32,13.93,36.8,43.68,69.4,B+,Pass
4641,953,52,73.79,28.75,11.65,14.9,30.06,40.72,60.52,B+,Pass
4642,953,54,74.44,29.59,17.82,14.53,27.61,53.64,68.02,B+,Pass
4643,953,50,80.11,25.23,23.35,12.7,32.38,47.12,66.49,B+,Pass
4644,953,49,76.63,24.9,17.14,16.88,29.64,45.01,63.57,B+,Pass
4645,954,23,70.4,14.95,11.8,11.06,20.79,25.22,39.89,F,Fail
4646,954,18,58.76,32.25,16.3,13.92,15.45,49.3,60.33,B+,Pass
4647,954,19,68.74,21.22,16.48,8.56,22.36,41.1,51.85,B,Pass
4648,954,20,56.03,22.16,15.48,14.03,18.71,43.97,54.16,B,Pass
4649,954,21,68.75,23.41,11.19,6.41,23.06,27.49,43.74,C,Pass
4650,954,17,56.19,31.83,16.18,15.89,34.05,57.87,74.36,A,Pass
4651,955,29,64.08,30.38,18.85,11.71,39.42,54.19,73.58,A,Pass
4652,955,23,59.98,23.2,17.25,18.13,30.61,50.58,66.47,B+,Pass
4653,955,17,69.74,31.69,16.21,20.0,43.69,40.3,72.98,A,Pass
4654,955,31,68.25,32.63,21.39,16.01,37.08,49.31,74.44,A,Pass
4655,955,19,51.17,37.67,19.12,11.24,37.35,63.98,80.63,A+,Pass
4656,956,61,70.08,27.27,20.63,11.72,25.47,66.34,71.44,A,Pass
4657,956,50,74.53,38.08,20.15,14.43,36.35,67.29,83.9,A+,Pass
4658,956,59,70.48,36.7,18.91,17.24,43.54,54.07,81.54,A+,Pass
4659,956,62,70.21,24.39,18.43,14.25,37.13,55.83,71.31,A,Pass
4660,956,60,77.03,29.58,13.75,15.4,32.23,34.01,59.98,B,Pass
4661,956,58,63.4,31.84,21.42,18.16,43.88,60.59,83.78,A+,Pass
4662,957,91,62.29,25.32,14.11,10.95,26.6,42.41,56.87,B,Pass
4663,957,84,61.23,25.87,13.26,14.51,31.95,46.69,63.26,B+,Pass
4664,957,81,62.42,12.42,12.62,8.84,23.42,37.64,44.95,C,Pass
4665,957,93,55.75,13.59,12.6,11.66,28.45,39.73,50.43,B,Pass
4666,957,94,51.94,17.01,11.23,7.62,36.84,42.89,55.25,B,Pass
4667,957,89,59.02,20.79,14.6,13.25,33.17,45.06,60.47,B+,Pass
4668,958,4,74.78,31.58,14.85,10.78,27.38,52.63,65.37,B+,Pass
4669,958,6,74.85,40.0,24.82,16.01,45.61,75.0,95.74,O,Pass
4670,958,7,61.6,40.0,21.73,15.25,41.16,59.43,84.63,A+,Pass
4671,958,10,76.47,28.77,17.41,16.32,40.73,62.47,79.03,A,Pass
4672,959,4,60.91,27.75,15.98,11.39,36.71,36.33,61.27,B+,Pass
4673,959,7,58.7,15.48,20.83,18.96,40.67,50.13,69.28,B+,Pass
4674,959,5,54.64,37.62,18.17,7.9,30.98,54.47,70.94,A,Pass
4675,959,2,50.11,28.96,18.1,9.64,19.94,49.18,59.46,B,Pass
4676,960,4,79.75,29.89,13.74,7.63,24.35,55.56,62.36,B+,Pass
4677,960,3,75.3,24.6,17.63,15.12,28.56,54.41,66.58,B+,Pass
4678,960,1,67.7,29.98,18.53,14.54,27.28,46.4,64.96,B+,Pass
4679,960,5,82.63,37.71,17.6,13.12,45.76,59.23,82.97,A+,Pass
4680,961,28,81.32,35.18,17.32,20.0,43.8,49.61,79.56,A,Pass
4681,961,22,72.37,29.02,21.5,16.7,41.18,60.86,80.45,A+,Pass
4682,961,32,69.18,32.74,20.77,16.0,43.98,59.5,82.43,A+,Pass
4683,961,24,72.87,40.0,22.33,19.04,45.59,54.6,86.73,A+,Pass
4684,962,55,82.07,29.67,12.38,15.01,40.55,67.91,79.26,A,Pass
4685,962,57,95.37,29.53,16.03,20.0,45.16,65.96,84.53,A+,Pass
4686,962,54,85.14,34.54,17.57,18.2,40.04,64.6,83.57,A+,Pass
4687,962,50,73.5,27.93,17.35,11.51,24.42,49.51,61.97,B+,Pass
4688,962,52,79.24,35.58,23.53,16.76,39.48,65.23,85.77,A+,Pass
4689,962,56,78.96,32.06,22.46,16.63,27.68,64.9,77.46,A,Pass
4690,963,81,82.11,26.75,19.9,18.18,25.61,45.23,64.33,B+,Pass
4691,963,82,78.4,29.92,16.95,17.02,50.0,50.29,78.72,A,Pass
4692,963,87,97.17,33.54,25.0,15.47,49.88,58.47,86.73,A+,Pass
4693,963,88,89.15,29.54,16.89,8.62,40.25,57.9,72.98,A,Pass
4694,963,84,85.03,29.69,13.73,16.6,46.2,57.88,78.75,A,Pass
4695,964,101,33.78,26.1,14.31,13.18,25.05,46.82,59.74,B,Pass
4696,964,98,30.0,20.29,8.29,8.11,9.17,30.01,36.1,F,Fail
4697,964,109,30.98,18.64,11.57,8.03,27.54,32.58,46.94,C,Pass
4698,964,106,30.0,25.76,10.56,5.94,20.1,41.36,49.43,C,Pass
4699,965,70,91.7,33.56,21.94,16.83,36.46,43.71,72.6,A,Pass
4700,965,67,89.19,36.57,22.44,13.54,44.65,64.05,86.25,A+,Pass
4701,965,65,97.81,34.09,20.61,16.25,35.34,60.93,79.52,A,Pass
4702,965,66,85.92,37.54,23.04,16.86,45.93,58.76,86.8,A+,Pass
4703,965,72,86.79,40.0,20.76,17.49,39.14,67.62,88.18,A+,Pass
4704,965,69,88.64,25.09,20.72,16.95,37.9,51.55,72.32,A,Pass
4705,966,19,59.11,23.36,8.6,12.9,36.7,42.32,59.67,B,Pass
4706,966,27,56.26,24.01,14.56,8.99,40.57,53.37,67.52,B+,Pass
4707,966,26,57.49,28.38,14.17,11.0,36.44,40.81,62.62,B+,Pass
4708,966,23,55.52,20.07,19.03,9.27,19.39,35.23,48.42,C,Pass
4709,966,32,61.35,23.6,7.5,7.15,21.1,49.09,51.84,B,Pass
4710,967,48,57.23,25.06,13.61,17.74,27.44,52.21,64.93,B+,Pass
4711,967,47,52.97,12.47,12.1,8.53,20.65,32.15,40.67,C,Pass
4712,967,46,50.25,26.47,24.04,8.48,26.88,34.7,56.72,B,Pass
4713,967,33,60.21,15.43,2.71,7.38,19.36,26.67,34.61,F,Fail
4714,968,93,96.1,40.0,21.42,14.6,40.19,60.03,83.98,A+,Pass
4715,968,90,93.6,40.0,24.29,11.41,39.64,47.25,77.29,A,Pass
4716,968,86,87.62,30.85,19.04,15.07,46.7,63.74,83.67,A+,Pass
4717,968,81,93.53,39.16,16.27,16.03,41.48,52.95,79.56,A,Pass
4718,969,36,67.46,30.45,22.91,11.62,40.86,55.64,76.6,A,Pass
4719,969,34,72.3,29.6,14.12,9.33,26.72,45.69,59.79,B,Pass
4720,969,33,72.3,27.88,16.63,15.51,31.46,50.47,67.63,B+,Pass
4721,969,40,67.41,24.6,14.4,18.22,30.35,59.77,70.24,A,Pass
4722,970,50,59.47,22.68,19.19,16.1,40.86,55.71,73.49,A,Pass
4723,970,54,65.16,28.38,13.03,10.86,33.68,49.25,64.66,B+,Pass
4724,970,53,71.41,25.54,19.71,11.62,37.52,60.53,73.47,A,Pass
4725,970,49,64.95,27.99,24.63,18.3,38.35,66.32,83.12,A+,Pass
4726,971,82,59.96,21.18,15.66,10.14,19.45,28.75,45.07,C,Pass
4727,971,94,42.65,19.47,11.45,4.68,12.13,34.18,38.67,F,Fail
4728,971,83,54.02,21.91,13.06,13.23,31.1,50.85,62.07,B+,Pass
4729,971,84,58.22,29.94,15.58,5.79,20.8,50.63,58.12,B,Pass
4730,972,85,76.5,35.34,25.0,17.02,44.48,71.94,92.0,O,Pass
4731,972,82,84.77,39.58,25.0,14.96,50.0,68.1,94.05,O,Pass
4732,972,86,74.73,28.57,19.49,16.55,40.58,61.63,79.41,A,Pass
4733,972,81,82.57,24.54,23.55,13.52,38.31,53.04,72.35,A,Pass
4734,972,84,81.73,40.0,14.8,13.32,33.0,60.03,77.09,A,Pass
4735,973,43,92.49,31.04,22.48,12.32,49.83,52.58,80.13,A+,Pass
4736,973,34,81.94,33.67,17.65,20.0,40.77,66.09,85.12,A+,Pass
4737,973,36,78.69,26.39,11.08,13.57,27.99,41.6,57.82,B,Pass
4738,973,38,84.0,28.12,23.73,17.72,29.48,56.27,73.41,A,Pass
4739,973,37,82.59,18.93,20.3,18.27,38.7,58.16,73.21,A,Pass
4740,974,19,41.11,17.15,17.31,8.73,28.94,32.95,49.71,C,Pass
4741,974,25,43.56,20.72,12.1,10.1,31.67,38.96,54.26,B,Pass
4742,974,26,51.2,25.83,18.69,12.42,28.71,54.99,66.62,B+,Pass
4743,974,21,47.0,24.99,7.8,7.7,26.16,41.61,51.96,B,Pass
4744,975,21,35.34,29.04,16.56,20.0,34.18,56.08,74.4,A,Pass
4745,975,22,30.54,22.79,14.23,16.32,31.71,45.69,62.43,B+,Pass
4746,975,24,38.68,33.41,25.0,17.72,44.7,55.81,83.96,A+,Pass
4747,975,18,41.04,30.2,12.36,16.07,30.0,52.56,67.61,B+,Pass
4748,975,20,44.73,28.95,16.92,13.38,29.39,47.95,65.01,B+,Pass
4749,976,19,92.58,33.5,14.66,17.19,36.44,65.37,79.94,A,Pass
4750,976,20,97.06,29.57,18.23,18.04,34.93,53.68,73.62,A,Pass
4751,976,21,95.38,29.54,18.26,10.36,45.87,48.49,72.82,A,Pass
4752,976,17,87.31,27.37,16.41,20.0,32.15,55.24,72.11,A,Pass
4753,977,51,96.43,33.2,11.81,7.95,26.66,55.22,64.4,B+,Pass
4754,977,57,100.0,28.9,21.17,17.5,30.21,46.53,68.48,B+,Pass
4755,977,56,80.09,33.95,23.69,18.65,39.83,58.42,82.95,A+,Pass
4756,977,52,84.04,33.26,17.27,11.34,35.93,45.95,68.62,B+,Pass
4757,977,53,85.73,21.54,21.74,15.3,36.48,46.12,66.88,B+,Pass
4758,978,43,66.61,21.9,14.09,10.43,35.38,40.54,58.41,B,Pass
4759,978,37,73.83,31.98,18.05,7.67,32.13,54.76,68.66,B+,Pass
4760,978,33,77.43,29.63,16.71,14.84,36.22,45.93,68.47,B+,Pass
4761,978,47,65.03,32.52,19.66,20.0,34.21,62.62,80.45,A+,Pass
4762,979,87,53.23,19.19,16.55,6.23,22.49,48.28,53.11,B,Pass
4763,979,83,55.63,22.65,15.82,11.28,23.76,54.24,60.49,B+,Pass
4764,979,88,54.61,22.12,19.05,13.08,27.61,45.47,60.24,B+,Pass
4765,979,85,53.01,18.63,8.58,10.39,23.92,49.84,53.16,B,Pass
4766,979,90,51.28,20.04,14.48,7.84,35.43,34.24,53.42,B,Pass
4767,979,89,52.81,27.53,15.69,15.04,32.55,52.08,68.14,B+,Pass
4768,980,84,81.03,33.62,21.35,18.01,39.01,56.68,80.31,A+,Pass
4769,980,89,74.68,33.93,23.09,17.51,42.47,45.75,77.54,A,Pass
4770,980,90,82.2,37.08,20.99,14.64,37.29,56.33,79.19,A,Pass
4771,980,85,69.99,22.27,13.26,9.46,29.02,44.77,56.58,B,Pass
4772,980,92,68.89,21.44,16.07,10.69,25.98,53.45,60.43,B+,Pass
4773,981,70,85.91,29.68,16.05,13.29,34.83,69.5,77.76,A,Pass
4774,981,66,76.9,23.35,21.39,13.94,27.35,49.76,64.1,B+,Pass
4775,981,69,79.2,32.22,17.26,16.56,39.57,47.64,73.31,A,Pass
4776,981,67,80.94,38.02,18.09,15.4,34.64,48.69,73.99,A,Pass
4777,981,68,82.47,30.93,11.77,15.2,37.39,62.21,75.5,A,Pass
4778,981,65,78.7,29.51,19.17,17.97,38.91,63.4,80.45,A+,Pass
4779,982,37,73.18,36.62,21.75,12.34,47.3,53.56,81.82,A+,Pass
4780,982,43,69.72,35.03,20.61,20.0,37.85,61.4,83.34,A+,Pass
4781,982,40,80.86,33.53,19.22,14.94,45.88,57.42,81.66,A+,Pass
4782,982,44,75.59,30.88,20.48,17.17,33.68,56.4,75.38,A,Pass
4783,982,42,80.74,24.28,10.19,9.6,32.05,44.23,57.68,B,Pass
4784,982,34,80.39,34.32,20.51,12.99,43.71,59.77,81.61,A+,Pass
4785,983,9,31.99,22.05,10.44,8.74,23.07,38.11,48.89,C,Pass
4786,983,11,32.43,14.18,8.06,13.08,33.63,28.16,46.81,C,Pass
4787,983,3,31.76,25.73,8.82,9.42,28.14,30.0,49.18,C,Pass
4788,983,10,30.0,25.89,11.88,9.49,28.14,40.77,55.54,B,Pass
4789,984,6,49.03,25.36,19.98,15.04,30.25,54.71,68.85,B+,Pass
4790,984,4,56.21,35.23,21.89,14.59,33.5,69.4,82.8,A+,Pass
4791,984,2,56.94,35.25,20.63,18.68,28.07,52.06,73.55,A,Pass
4792,984,5,71.59,30.2,18.6,17.81,40.3,60.78,79.96,A,Pass
4793,984,1,57.14,24.52,6.18,5.53,17.76,45.17,47.45,C,Pass
4794,985,102,57.42,22.7,17.65,16.57,39.06,60.89,74.64,A,Pass
4795,985,98,57.86,12.24,15.56,6.84,28.48,35.69,46.66,C,Pass
4796,985,110,64.05,21.72,12.39,11.51,25.89,37.43,51.98,B,Pass
4797,985,99,49.99,31.55,17.64,11.83,37.09,52.86,71.96,A,Pass
4798,986,40,74.75,32.28,18.13,11.82,37.12,50.74,71.54,A,Pass
4799,986,35,69.67,28.51,17.37,16.08,35.34,74.03,81.46,A+,Pass
4800,986,38,71.93,25.41,18.28,12.62,30.73,42.09,61.33,B+,Pass
4801,986,34,91.83,28.83,22.37,20.0,40.78,61.47,82.44,A+,Pass
4802,987,2,33.04,11.16,12.47,12.59,21.38,37.42,45.01,C,Pass
4803,987,6,34.44,19.94,12.19,10.82,31.34,42.45,55.74,B,Pass
4804,987,4,34.26,23.4,18.56,9.05,33.35,46.61,62.08,B+,Pass
4805,987,1,30.0,19.89,12.8,13.79,25.84,27.29,47.61,C,Pass
4806,988,70,65.07,28.38,15.46,16.36,36.99,56.93,73.62,A,Pass
4807,988,74,58.92,27.49,18.58,8.67,39.15,51.83,69.28,B+,Pass
4808,988,73,58.82,27.38,14.63,8.6,21.18,59.14,62.03,B+,Pass
4809,988,66,59.57,17.26,15.31,5.86,32.74,37.08,51.36,B,Pass
4810,989,18,96.92,32.91,17.24,15.86,46.61,73.85,89.05,A+,Pass
4811,989,19,94.02,28.08,19.01,15.97,36.21,44.83,68.65,B+,Pass
4812,989,22,96.3,30.39,17.64,19.01,26.99,52.26,69.64,B+,Pass
4813,989,20,97.28,32.74,15.54,17.94,42.98,62.08,82.02,A+,Pass
4814,989,21,100.0,29.29,18.84,16.88,45.64,59.11,81.03,A+,Pass
4815,990,67,68.79,23.55,23.44,7.92,28.68,50.61,63.07,B+,Pass
4816,990,73,74.07,35.15,18.43,12.9,37.36,59.15,77.68,A,Pass
4817,990,69,86.04,32.0,14.19,15.24,24.59,47.02,63.53,B+,Pass
4818,990,74,84.05,32.68,23.63,13.73,39.41,57.95,79.4,A,Pass
4819,990,77,83.49,25.75,21.35,11.72,42.23,68.0,80.12,A+,Pass
4820,991,2,55.2,24.6,14.09,11.78,22.41,42.39,54.82,B,Pass
4821,991,4,49.26,22.7,15.31,12.62,30.67,47.78,61.42,B+,Pass
4822,991,11,52.44,25.5,13.7,10.8,26.71,37.18,54.34,B,Pass
4823,991,8,38.95,23.94,19.59,9.23,34.39,43.33,61.84,B+,Pass
4824,992,67,90.09,30.61,20.43,11.78,30.35,38.83,62.66,B+,Pass
4825,992,68,83.86,29.43,19.56,14.32,33.7,45.58,67.82,B+,Pass
4826,992,65,84.93,33.55,19.65,12.19,34.49,45.28,69.1,B+,Pass
4827,992,69,72.09,28.73,16.76,14.86,32.77,59.55,72.67,A,Pass
4828,993,52,62.4,25.35,17.29,14.96,33.07,61.55,72.33,A,Pass
4829,993,54,70.96,33.98,20.7,12.14,28.67,51.28,69.61,B+,Pass
4830,993,51,73.04,20.95,16.67,9.99,32.94,55.82,64.66,B+,Pass
4831,993,53,70.73,40.0,19.46,10.44,48.34,65.2,87.6,A+,Pass
4832,993,49,66.29,28.91,10.85,9.87,30.39,52.96,63.64,B+,Pass
4833,994,53,30.0,11.74,11.08,15.16,19.47,30.97,42.08,C,Pass
4834,994,49,30.0,17.41,16.04,5.4,18.75,41.73,46.67,C,Pass
4835,994,51,30.0,18.5,9.75,8.86,20.68,24.02,39.13,F,Fail
4836,994,52,38.09,17.04,17.71,9.77,10.82,42.68,45.81,C,Pass
4837,995,85,69.07,25.45,7.61,10.23,34.59,50.98,61.97,B+,Pass
4838,995,83,75.31,13.62,11.26,8.84,33.97,41.93,52.29,B,Pass
4839,995,84,76.98,27.57,21.06,11.05,34.82,35.93,61.91,B+,Pass
4840,995,81,76.34,26.52,15.76,17.14,31.71,58.19,71.14,A,Pass
4841,996,68,97.89,40.0,25.0,13.33,44.44,59.65,86.72,A+,Pass
4842,996,70,100.0,29.41,18.64,14.63,38.98,57.73,75.91,A,Pass
4843,996,67,100.0,32.56,21.56,10.86,50.0,63.91,85.16,A+,Pass
4844,996,66,100.0,36.45,15.71,16.57,45.88,65.07,86.1,A+,Pass
4845,997,33,54.41,31.56,16.07,18.09,41.56,46.84,73.9,A,Pass
4846,997,34,57.74,35.38,20.29,14.96,43.62,54.89,80.71,A+,Pass
4847,997,38,60.7,30.01,17.14,11.92,29.86,47.12,64.74,B+,Pass
4848,997,35,55.3,26.84,20.76,12.11,33.11,53.26,69.19,B+,Pass
4849,998,3,60.46,25.43,17.29,18.07,38.19,54.56,73.22,A,Pass
4850,998,5,54.2,19.56,14.89,7.36,23.43,32.59,46.34,C,Pass
4851,998,8,59.95,24.22,19.91,11.17,29.36,54.57,65.8,B+,Pass
4852,998,11,65.26,31.19,16.49,14.37,37.21,49.15,70.92,A,Pass
4853,998,4,61.24,21.61,20.7,11.84,29.44,51.28,63.66,B+,Pass
4854,998,6,59.2,31.22,10.6,20.0,34.98,36.38,64.32,B+,Pass
4855,999,18,79.21,31.44,16.9,20.0,41.98,60.98,81.92,A+,Pass
4856,999,32,79.78,27.71,15.2,20.0,41.53,52.33,75.12,A,Pass
4857,999,20,81.95,29.48,23.2,16.9,37.84,51.52,75.44,A,Pass
4858,999,28,81.11,30.45,24.77,17.28,32.22,70.7,82.88,A+,Pass
4859,1000,21,87.66,35.75,18.21,17.3,33.5,59.42,78.29,A,Pass
4860,1000,22,95.44,32.18,12.99,15.61,33.83,63.11,75.46,A,Pass
4861,1000,19,92.09,40.0,15.51,20.0,50.0,57.83,88.19,A+,Pass
4862,1000,17,95.76,25.88,22.04,14.05,36.44,61.43,75.67,A,Pass
