student_id,register_number,student_name,email,phone,gender,department,course,year,semester,section,academic_year,previous_gpa,previous_percentage,internal_marks,assignment_score,quiz_score,midterm_score,final_exam_score,classes_held,classes_attended,attendance_percentage,study_hours_per_day,assignment_completion_rate,online_learning_hours,library_usage,participation_score,final_score,grade,pass_fail,risk_level
1,ME20250001,Daksh Bakshi,daksh.bakshi18@college.edu,+91-7440213415,Male,Mechanical Engineering,B.E. Mechanical Engineering,1,1,C,2025-2026,7.32,72.51,34.34,15.1,11.42,37.06,51.49,81,73,90.12,5.59,87.69,2.7,3,73.09,71.48,A,Pass,Low
2,EEE20240002,Laksh Konda,laksh.konda30@college.edu,+91-9170484433,Male,Electrical & Electronics Engineering,B.E. Electrical & Electronics Engineering,1,2,A,2024-2025,6.48,65.04,20.72,11.81,16.24,27.22,33.07,79,39,49.37,4.34,41.59,2.4,0,45.54,52.25,B,Pass,High
3,CSE20250003,Jasmit Dewan,jasmit.dewan1@college.edu,+91-7685731524,Female,Computer Science Engineering,B.E. Computer Science Engineering,4,7,B,2025-2026,7.84,79.01,30.36,23.27,17.02,28.51,60.35,82,68,82.93,5.92,77.88,1.85,2,68.82,75.42,A,Pass,Low
4,IT20240004,Charan Chahal,charan.chahal13@college.edu,+91-8541804686,Male,Information Technology,B.E. Information Technology,2,3,B,2024-2025,6.45,62.03,21.54,18.84,17.04,31.94,56.54,87,57,65.52,5.89,56.07,2.21,2,46.38,69.18,B+,Pass,Medium
5,IT20240005,Udyati Balay,udyati.balay49@college.edu,+91-7338444264,Female,Information Technology,B.E. Information Technology,1,2,C,2024-2025,7.92,83.94,24.04,16.59,16.68,27.66,39.84,77,52,67.53,4.6,54.47,2.32,2,32.78,59.42,B,Pass,Medium
6,ME20240006,Alexander Chander,alexander.chander30@college.edu,+91-8242911821,Male,Mechanical Engineering,B.E. Mechanical Engineering,3,5,C,2024-2025,6.61,64.56,22.7,18.69,14.9,34.95,50.13,62,44,70.97,6.38,61.21,2.35,4,61.5,67.14,B+,Pass,Low
7,CE20250007,Janani Kaul,janani.kaul47@college.edu,+91-7698594025,Female,Civil Engineering,B.E. Civil Engineering,1,2,B,2025-2026,5.83,59.49,29.66,25.0,13.98,37.71,53.09,71,53,74.65,5.71,70.28,1.17,2,68.37,75.45,A,Pass,Low
8,ME20240008,Zayyan Bala,zayyan.bala32@college.edu,+91-7701808367,Male,Mechanical Engineering,B.E. Mechanical Engineering,3,5,C,2024-2025,3.96,41.95,14.53,10.71,6.55,12.17,34.08,74,38,51.35,1.26,39.94,3.22,1,23.95,36.81,F,Fail,High
9,ME20240009,Ira Saini,ira.saini41@college.edu,+91-8722989659,Female,Mechanical Engineering,B.E. Mechanical Engineering,2,4,A,2024-2025,4.66,45.68,24.2,16.76,7.63,20.84,47.72,68,29,42.65,4.46,65.91,0.81,0,54.74,55.31,B,Pass,High
10,EEE20250010,Imaran Sen,imaran.sen83@college.edu,+91-8970753705,Male,Electrical & Electronics Engineering,B.E. Electrical & Electronics Engineering,3,5,C,2025-2026,7.31,74.01,31.3,21.03,11.44,40.23,54.68,64,55,85.94,5.61,53.76,3.05,2,52.24,75.41,A,Pass,Low
11,CSE20250011,Liam Ahuja,liam.ahuja18@college.edu,+91-9188398760,Male,Computer Science Engineering,B.E. Computer Science Engineering,3,6,C,2025-2026,4.99,47.47,21.71,22.33,13.01,23.16,34.35,75,41,54.67,4.29,57.64,1.99,0,66.88,53.9,B,Pass,High
12,AIDS20240012,Gauri Sami,gauri.sami55@college.edu,+91-9561557300,Female,AI & Data Science,B.Tech. AI & Data Science,1,1,C,2024-2025,7.98,77.23,29.44,14.74,14.24,34.52,41.84,62,39,62.9,6.09,68.02,1.53,2,66.2,64.51,B+,Pass,Low
13,EEE20240013,Panini Mall,panini.mall15@college.edu,+91-9927923735,Female,Electrical & Electronics Engineering,B.E. Electrical & Electronics Engineering,4,8,C,2024-2025,5.62,53.34,32.38,19.76,13.17,39.48,45.84,88,58,65.91,5.23,97.78,2.77,3,71.85,71.81,A,Pass,Low
14,IT20250014,Faras Kale,faras.kale1@college.edu,+91-8131247330,Male,Information Technology,B.E. Information Technology,3,5,B,2025-2026,6.36,65.67,25.56,12.02,11.82,28.66,37.82,76,37,48.68,5.35,51.28,1.16,4,41.98,55.48,B,Pass,Medium
15,EEE20240015,Om Chaudry,om.chaudry98@college.edu,+91-7693847829,Male,Electrical & Electronics Engineering,B.E. Electrical & Electronics Engineering,1,2,C,2024-2025,6.38,64.38,19.66,14.23,10.58,26.32,59.71,77,53,68.83,3.56,56.53,2.66,5,67.21,61.84,B+,Pass,Medium
16,EEE20240016,Chakradhar Rai,chakradhar.rai47@college.edu,+91-8320763135,Male,Electrical & Electronics Engineering,B.E. Electrical & Electronics Engineering,1,2,B,2024-2025,7.98,75.29,30.2,9.27,12.01,35.56,44.99,67,58,86.57,4.71,77.81,3.4,0,59.65,63.59,B+,Pass,Low
17,EEE20250017,Chasmum Parmer,chasmum.parmer98@college.edu,+91-9287955558,Female,Electrical & Electronics Engineering,B.E. Electrical & Electronics Engineering,1,1,C,2025-2026,10.0,95.69,37.0,21.78,18.65,48.22,75.0,84,80,95.24,5.82,99.62,3.66,1,82.8,95.64,O,Pass,Low
18,ME20250018,Pooja Lalla,pooja.lalla70@college.edu,+91-9962958940,Female,Mechanical Engineering,B.E. Mechanical Engineering,4,7,B,2025-2026,4.82,49.03,16.11,14.43,10.06,28.75,41.86,66,29,43.94,3.0,38.0,2.48,2,48.85,52.77,B,Pass,High
19,ECE20250019,Anthony Sharaf,anthony.sharaf29@college.edu,+91-7274989148,Male,Electronics & Communication Engineering,B.E. Electronics & Communication Engineering,3,6,C,2025-2026,6.8,68.38,33.74,21.43,19.0,37.2,60.43,70,49,70.0,6.35,73.4,2.67,0,85.78,81.74,A+,Pass,Low
20,EEE20240020,Diya Radhakrishnan,diya.radhakrishnan8@college.edu,+91-7983297492,Female,Electrical & Electronics Engineering,B.E. Electrical & Electronics Engineering,2,3,A,2024-2025,6.53,65.55,31.72,19.67,16.0,34.84,44.83,62,38,61.29,7.71,57.96,1.63,5,79.92,70.07,A,Pass,Low
21,CE20240021,Balveer Memon,balveer.memon63@college.edu,+91-7920140090,Male,Civil Engineering,B.E. Civil Engineering,3,5,C,2024-2025,7.2,71.07,26.92,18.66,9.9,26.76,46.66,77,53,68.83,4.53,75.24,2.96,1,64.19,61.03,B+,Pass,Low
22,EEE20250022,Pratyush Handa,pratyush.handa13@college.edu,+91-9830309370,Male,Electrical & Electronics Engineering,B.E. Electrical & Electronics Engineering,4,7,B,2025-2026,10.0,99.94,40.0,21.35,18.48,46.09,58.47,73,64,87.67,6.17,91.01,2.6,2,89.82,88.11,A+,Pass,Low
23,ECE20240023,Bakhshi Bath,bakhshi.bath94@college.edu,+91-8457293575,Male,Electronics & Communication Engineering,B.E. Electronics & Communication Engineering,4,7,C,2024-2025,7.11,72.59,40.0,18.7,14.31,37.37,43.33,85,76,89.41,8.55,71.76,3.68,4,78.36,73.54,A,Pass,Low
24,CSE20250024,Ishaan Mann,ishaan.mann24@college.edu,+91-8196342297,Male,Computer Science Engineering,B.E. Computer Science Engineering,2,3,C,2025-2026,9.04,87.69,40.0,22.64,20.0,34.77,60.17,74,57,77.03,8.86,100.0,2.95,1,64.9,84.52,A+,Pass,Low
25,AIDS20240025,Chaaya Kaul,chaaya.kaul97@college.edu,+91-8015242176,Female,AI & Data Science,B.Tech. AI & Data Science,4,7,A,2024-2025,6.54,67.29,18.3,19.05,12.99,25.72,57.94,65,37,56.92,4.56,61.34,2.78,2,42.01,63.16,B+,Pass,Medium
26,ECE20240026,Chandresh Rai,chandresh.rai50@college.edu,+91-8139038460,Male,Electronics & Communication Engineering,B.E. Electronics & Communication Engineering,2,4,A,2024-2025,7.62,75.44,26.19,17.19,10.4,38.65,65.1,89,78,87.64,7.68,70.92,3.57,4,89.87,74.88,A,Pass,Low
27,ECE20250027,Liam Setty,liam.setty38@college.edu,+91-7935018220,Male,Electronics & Communication Engineering,B.E. Electronics & Communication Engineering,3,6,C,2025-2026,6.75,67.31,27.9,13.65,11.48,26.14,48.18,90,63,70.0,2.75,67.61,1.57,0,74.48,60.71,B+,Pass,Medium
28,ME20240028,Rajata Gaba,rajata.gaba65@college.edu,+91-9281169403,Female,Mechanical Engineering,B.E. Mechanical Engineering,1,2,A,2024-2025,7.79,76.28,27.3,14.83,14.04,32.66,48.06,65,45,69.23,4.05,63.84,1.69,0,90.8,65.36,B+,Pass,Low
29,EEE20240029,Reva Pant,reva.pant31@college.edu,+91-8734202799,Female,Electrical & Electronics Engineering,B.E. Electrical & Electronics Engineering,1,1,A,2024-2025,6.4,57.06,37.05,18.76,11.77,24.82,33.16,63,43,68.25,6.08,49.17,2.52,5,55.21,59.8,B,Pass,Medium
30,EEE20240030,Henry Loke,henry.loke75@college.edu,+91-9427631155,Male,Electrical & Electronics Engineering,B.E. Electrical & Electronics Engineering,2,3,C,2024-2025,7.27,70.81,24.75,22.15,15.55,28.29,49.93,76,62,81.58,5.9,62.61,3.61,2,62.2,66.46,B+,Pass,Low
31,IT20250031,Balendra Garg,balendra.garg86@college.edu,+91-9772404776,Male,Information Technology,B.E. Information Technology,2,4,A,2025-2026,6.93,70.97,25.89,15.3,11.47,25.19,41.51,69,41,59.42,4.13,54.03,2.46,2,51.29,56.77,B,Pass,Medium
32,CE20240032,Jason Gade,jason.gade28@college.edu,+91-9172758220,Male,Civil Engineering,B.E. Civil Engineering,1,1,B,2024-2025,7.1,66.0,29.38,18.99,11.73,39.48,39.72,68,46,67.65,6.21,65.18,1.32,1,50.75,66.43,B+,Pass,Low
33,IT20250033,Vihaan Raghavan,vihaan.raghavan70@college.edu,+91-8299301222,Male,Information Technology,B.E. Information Technology,1,1,B,2025-2026,7.69,75.75,22.2,17.64,17.66,37.74,60.54,79,60,75.95,7.1,70.16,3.47,5,95.26,74.11,A,Pass,Low
34,CE20240034,Lopa Kanda,lopa.kanda18@college.edu,+91-8135872495,Female,Civil Engineering,B.E. Civil Engineering,1,2,C,2024-2025,6.82,69.17,34.38,18.86,11.86,39.3,44.86,63,38,60.32,4.37,67.32,2.11,4,65.37,71.25,A,Pass,Low
35,ME20240035,Omaja Bhalla,omaja.bhalla27@college.edu,+91-9952777682,Female,Mechanical Engineering,B.E. Mechanical Engineering,2,4,B,2024-2025,6.01,65.16,18.95,18.91,13.23,28.21,51.27,80,49,61.25,5.76,39.36,2.57,4,69.45,61.68,B+,Pass,Medium
36,EEE20240036,Jyoti Balay,jyoti.balay36@college.edu,+91-7189351213,Female,Electrical & Electronics Engineering,B.E. Electrical & Electronics Engineering,4,8,A,2024-2025,9.05,93.0,30.16,19.29,13.05,36.42,60.76,60,49,81.67,5.45,85.08,3.28,2,89.38,75.88,A,Pass,Low
37,CSE20250037,Nisha Rattan,nisha.rattan55@college.edu,+91-9409076656,Female,Computer Science Engineering,B.E. Computer Science Engineering,3,5,C,2025-2026,8.76,93.23,31.33,15.47,20.0,37.59,55.5,60,40,66.67,3.75,93.23,3.47,1,74.46,76.55,A,Pass,Low
38,ME20240038,Krish Bhatti,krish.bhatti6@college.edu,+91-8323959527,Male,Mechanical Engineering,B.E. Mechanical Engineering,2,3,B,2024-2025,7.58,81.44,37.51,15.61,20.0,39.2,55.79,71,71,100.0,5.58,73.0,3.0,4,79.91,80.64,A+,Pass,Low
39,CE20240039,Jagvi Murty,jagvi.murty46@college.edu,+91-9404681399,Female,Civil Engineering,B.E. Civil Engineering,1,2,A,2024-2025,7.26,68.69,17.16,17.26,13.11,38.4,65.85,88,76,86.36,4.88,52.87,2.4,4,62.64,71.97,A,Pass,Low
40,EEE20240040,Jagvi Tata,jagvi.tata4@college.edu,+91-7770348179,Female,Electrical & Electronics Engineering,B.E. Electrical & Electronics Engineering,2,3,A,2024-2025,9.09,90.1,32.64,19.01,14.87,40.05,54.99,83,83,100.0,5.99,78.99,2.94,5,78.02,77.04,A,Pass,Low
41,CE20240041,Siya Shanker,siya.shanker14@college.edu,+91-8643004186,Female,Civil Engineering,B.E. Civil Engineering,4,7,B,2024-2025,4.2,45.31,16.13,18.05,12.82,33.43,45.25,87,29,33.33,3.71,48.09,0.93,0,42.27,59.52,B,Pass,High
42,ECE20250042,Ekbal Lanka,ekbal.lanka30@college.edu,+91-7957449367,Male,Electronics & Communication Engineering,B.E. Electronics & Communication Engineering,2,3,B,2025-2026,5.5,51.34,29.94,12.52,14.29,34.77,44.43,60,36,60.0,4.19,66.75,2.68,3,54.24,65.24,B+,Pass,Medium
43,ECE20250043,Ekaraj Koshy,ekaraj.koshy66@college.edu,+91-8716605598,Male,Electronics & Communication Engineering,B.E. Electronics & Communication Engineering,3,6,A,2025-2026,8.2,85.11,19.77,22.61,14.51,33.82,46.94,81,49,60.49,3.71,79.75,1.77,5,92.12,65.0,B+,Pass,Low
44,EEE20250044,Karan Sangha,karan.sangha34@college.edu,+91-7164313410,Male,Electrical & Electronics Engineering,B.E. Electrical & Electronics Engineering,3,5,A,2025-2026,6.14,60.34,22.43,14.47,12.38,25.52,37.32,63,41,65.08,2.61,46.4,2.92,3,60.83,53.37,B,Pass,Medium
45,IT20240045,Ryan Pathak,ryan.pathak74@college.edu,+91-7816382125,Male,Information Technology,B.E. Information Technology,3,6,C,2024-2025,8.92,90.66,34.82,23.39,20.0,40.58,67.28,68,66,97.06,8.48,97.31,1.77,0,67.68,88.46,A+,Pass,Low
46,ECE20250046,Imaran Devi,imaran.devi86@college.edu,+91-8418198351,Male,Electronics & Communication Engineering,B.E. Electronics & Communication Engineering,1,1,B,2025-2026,7.63,73.36,37.21,19.76,17.49,50.0,60.45,79,57,72.15,9.24,86.18,3.19,2,67.47,88.47,A+,Pass,Low
47,CE20250047,Yashoda Tak,yashoda.tak42@college.edu,+91-8728296502,Female,Civil Engineering,B.E. Civil Engineering,1,2,C,2025-2026,8.44,89.74,34.85,15.49,13.89,37.79,57.41,82,78,95.12,6.61,70.85,3.39,2,85.2,76.25,A,Pass,Low
48,CSE20250048,Chandani Batta,chandani.batta23@college.edu,+91-9643616431,Female,Computer Science Engineering,B.E. Computer Science Engineering,2,4,C,2025-2026,6.35,65.18,30.46,19.29,10.83,29.66,62.12,78,62,79.49,5.88,69.23,1.34,2,72.87,72.18,A,Pass,Low
49,EEE20240049,Christopher Dua,christopher.dua75@college.edu,+91-9605591588,Male,Electrical & Electronics Engineering,B.E. Electrical & Electronics Engineering,1,2,B,2024-2025,6.73,65.71,31.62,13.89,12.55,30.05,60.52,80,51,63.75,4.56,63.13,2.72,2,58.68,70.9,A,Pass,Low
50,ECE20250050,Gauri Sami,gauri.sami95@college.edu,+91-7728818981,Female,Electronics & Communication Engineering,B.E. Electronics & Communication Engineering,4,7,C,2025-2026,6.29,63.12,36.73,24.03,13.76,35.1,53.47,81,53,65.43,6.98,92.25,2.35,0,61.77,77.36,A,Pass,Low
51,EEE20250051,Azad Rajan,azad.rajan26@college.edu,+91-7632880459,Male,Electrical & Electronics Engineering,B.E. Electrical & Electronics Engineering,3,5,A,2025-2026,6.74,68.07,26.56,20.52,15.9,40.73,58.26,60,41,68.33,6.97,74.65,2.85,0,81.92,76.99,A,Pass,Low
52,ECE20240052,Sai Sidhu,sai.sidhu50@college.edu,+91-9123333781,Female,Electronics & Communication Engineering,B.E. Electronics & Communication Engineering,1,2,B,2024-2025,8.43,82.43,37.51,22.45,12.87,50.0,75.0,72,72,100.0,5.95,81.14,3.69,1,78.46,94.17,O,Pass,Low
53,ME20240053,Jeremiah Apte,jeremiah.apte90@college.edu,+91-9224611603,Male,Mechanical Engineering,B.E. Mechanical Engineering,1,1,B,2024-2025,7.01,71.09,30.29,24.37,13.52,38.4,54.82,74,70,94.59,5.31,64.84,1.66,0,61.51,76.44,A,Pass,Low
54,CSE20250054,Deepa Yadav,deepa.yadav72@college.edu,+91-9557448229,Female,Computer Science Engineering,B.E. Computer Science Engineering,1,2,A,2025-2026,6.84,70.43,34.66,23.57,19.72,47.88,63.62,70,61,87.14,5.56,85.75,3.88,5,86.37,90.25,O,Pass,Low
55,ECE20250055,Kiaan Oak,kiaan.oak97@college.edu,+91-8061886576,Male,Electronics & Communication Engineering,B.E. Electronics & Communication Engineering,4,8,A,2025-2026,6.83,67.14,31.32,24.41,13.28,36.44,54.29,86,70,81.4,5.34,67.16,1.47,3,73.8,75.62,A,Pass,Low
56,CE20250056,Daksh Memon,daksh.memon37@college.edu,+91-8007142260,Male,Civil Engineering,B.E. Civil Engineering,4,7,B,2025-2026,5.88,57.5,19.03,13.97,13.48,40.39,46.09,68,49,72.06,3.39,60.68,1.75,2,72.65,63.55,B+,Pass,Medium
57,EEE20240057,Teerth Dugar,teerth.dugar20@college.edu,+91-7918920620,Male,Electrical & Electronics Engineering,B.E. Electrical & Electronics Engineering,1,1,A,2024-2025,6.7,68.94,33.86,15.87,20.0,43.48,54.72,62,53,85.48,7.07,70.18,1.83,2,68.54,80.55,A+,Pass,Low
58,IT20240058,Vasana Aggarwal,vasana.aggarwal50@college.edu,+91-9508601974,Female,Information Technology,B.E. Information Technology,4,8,A,2024-2025,7.75,76.5,33.46,21.56,12.86,40.37,66.83,90,71,78.89,6.22,76.12,3.51,3,83.93,83.15,A+,Pass,Low
59,CE20250059,Karan Tella,karan.tella50@college.edu,+91-8799682701,Male,Civil Engineering,B.E. Civil Engineering,4,8,A,2025-2026,9.33,91.08,33.9,20.71,14.85,50.0,56.61,77,56,72.73,7.27,82.52,4.09,3,81.23,84.08,A+,Pass,Low
60,EEE20250060,Gaurav Tripathi,gaurav.tripathi4@college.edu,+91-8670128972,Male,Electrical & Electronics Engineering,B.E. Electrical & Electronics Engineering,2,4,A,2025-2026,8.73,85.61,30.93,21.61,16.33,41.12,59.82,70,55,78.57,9.0,81.47,3.48,3,99.55,80.74,A+,Pass,Low
61,CE20240061,Damyanti Misra,damyanti.misra69@college.edu,+91-7115820025,Female,Civil Engineering,B.E. Civil Engineering,4,7,B,2024-2025,4.7,45.5,23.47,11.16,13.37,26.68,47.35,89,44,49.44,2.65,62.2,2.09,1,49.46,58.32,B,Pass,High
62,EEE20250062,Zehaan Issac,zehaan.issac60@college.edu,+91-7780520225,Male,Electrical & Electronics Engineering,B.E. Electrical & Electronics Engineering,1,1,C,2025-2026,4.97,50.29,16.53,14.85,6.47,28.83,34.97,61,24,39.34,4.23,53.57,4.11,0,41.98,48.17,C,Pass,High
63,IT20250063,Ganga Prakash,ganga.prakash49@college.edu,+91-8195103064,Female,Information Technology,B.E. Information Technology,2,4,B,2025-2026,6.23,65.09,31.8,10.47,10.4,35.29,47.35,84,42,50.0,4.07,51.73,4.18,5,64.16,65.02,B+,Pass,Medium
64,ECE20240064,Gaurika Zacharia,gaurika.zacharia7@college.edu,+91-8503068227,Female,Electronics & Communication Engineering,B.E. Electronics & Communication Engineering,3,5,B,2024-2025,8.95,87.44,24.21,21.4,13.01,42.08,62.22,67,57,85.07,4.54,87.38,3.14,3,96.42,77.24,A,Pass,Low
65,CE20240065,Zilmil Acharya,zilmil.acharya80@college.edu,+91-7654477195,Female,Civil Engineering,B.E. Civil Engineering,1,1,A,2024-2025,9.18,87.17,27.08,17.86,17.78,44.68,68.22,67,44,65.67,6.68,83.1,4.18,1,89.52,83.75,A+,Pass,Low
66,ME20250066,Ojasvi Suresh,ojasvi.suresh22@college.edu,+91-9602289301,Female,Mechanical Engineering,B.E. Mechanical Engineering,1,1,B,2025-2026,7.71,78.27,27.89,19.21,12.4,35.08,53.28,79,54,68.35,5.53,65.19,2.63,5,57.19,70.23,A,Pass,Low
67,ME20240067,Adya Choudhury,adya.choudhury40@college.edu,+91-9473028098,Female,Mechanical Engineering,B.E. Mechanical Engineering,1,1,B,2024-2025,4.16,38.97,19.79,14.35,7.19,25.46,55.29,81,31,38.27,4.46,48.1,1.32,4,58.73,57.76,B,Pass,High
68,ECE20240068,Pratyush Mohanty,pratyush.mohanty99@college.edu,+91-8295287749,Male,Electronics & Communication Engineering,B.E. Electronics & Communication Engineering,4,7,A,2024-2025,7.49,76.24,31.69,16.49,14.68,42.51,55.13,87,64,73.56,3.67,80.96,1.87,3,66.58,76.76,A,Pass,Low
69,CE20250069,Kashvi Bhardwaj,kashvi.bhardwaj9@college.edu,+91-9173085046,Female,Civil Engineering,B.E. Civil Engineering,1,1,B,2025-2026,5.03,52.51,17.82,12.54,16.63,20.85,43.05,80,56,70.0,4.01,56.09,1.34,2,39.01,52.75,B,Pass,Medium
70,CE20250070,Kavya Brar,kavya.brar82@college.edu,+91-8974565461,Female,Civil Engineering,B.E. Civil Engineering,4,8,A,2025-2026,7.11,75.74,18.7,9.92,15.76,18.0,62.42,82,40,48.78,4.26,64.09,1.73,1,52.27,59.32,B,Pass,Medium
71,CSE20250071,Chaman Sunder,chaman.sunder76@college.edu,+91-8152750071,Female,Computer Science Engineering,B.E. Computer Science Engineering,3,6,B,2025-2026,7.46,73.8,26.79,22.08,13.38,25.93,58.6,70,52,74.29,6.33,74.59,2.07,4,61.71,69.23,B+,Pass,Low
72,CE20240072,Bhavya Walia,bhavya.walia73@college.edu,+91-9621354709,Female,Civil Engineering,B.E. Civil Engineering,1,2,B,2024-2025,7.18,71.31,33.96,17.47,12.28,35.09,55.5,81,57,70.37,7.06,64.86,2.55,2,49.98,73.56,A,Pass,Low
73,AIDS20250073,Dev Dave,dev.dave34@college.edu,+91-8461744198,Male,AI & Data Science,B.Tech. AI & Data Science,4,8,A,2025-2026,7.0,71.54,22.46,18.15,10.74,42.08,40.22,68,49,72.06,4.22,55.95,2.89,4,66.7,63.67,B+,Pass,Low
74,ME20240074,Wazir Gandhi,wazir.gandhi93@college.edu,+91-8745595491,Male,Mechanical Engineering,B.E. Mechanical Engineering,3,5,C,2024-2025,8.38,81.64,39.78,16.14,17.83,41.07,63.8,75,63,84.0,7.33,94.15,1.7,3,78.02,85.57,A+,Pass,Low
75,CSE20240075,Kevin Wable,kevin.wable29@college.edu,+91-8736889606,Male,Computer Science Engineering,B.E. Computer Science Engineering,4,8,B,2024-2025,3.92,40.15,15.66,7.92,7.99,17.36,38.61,82,25,30.49,3.77,25.47,0.98,0,30.94,41.7,C,Pass,High
76,ME20250076,Siddharth Kakar,siddharth.kakar96@college.edu,+91-9363900493,Male,Mechanical Engineering,B.E. Mechanical Engineering,3,6,C,2025-2026,6.79,64.16,27.47,21.5,12.85,38.69,69.2,70,64,91.43,5.09,88.35,2.78,2,60.57,80.39,A+,Pass,Low
77,ECE20240077,Harish Muni,harish.muni25@college.edu,+91-8355268102,Male,Electronics & Communication Engineering,B.E. Electronics & Communication Engineering,3,6,B,2024-2025,5.78,56.15,22.61,11.92,11.68,30.11,45.91,63,32,50.79,4.73,47.6,2.88,2,38.21,58.39,B,Pass,High
78,CE20250078,Ryan Prakash,ryan.prakash76@college.edu,+91-9253298195,Male,Civil Engineering,B.E. Civil Engineering,2,3,A,2025-2026,7.09,72.99,27.14,16.28,11.71,34.94,44.7,79,38,48.1,7.43,51.36,3.09,2,61.64,64.27,B+,Pass,Medium
79,AIDS20250079,Theodore Varughese,theodore.varughese2@college.edu,+91-9294092753,Male,AI & Data Science,B.Tech. AI & Data Science,2,4,A,2025-2026,7.76,76.1,28.64,16.75,14.4,49.03,48.67,64,40,62.5,5.12,62.79,3.82,2,71.19,75.45,A,Pass,Low
80,AIDS20250080,Upkaar Dara,upkaar.dara2@college.edu,+91-9465587067,Male,AI & Data Science,B.Tech. AI & Data Science,3,5,C,2025-2026,5.35,50.53,23.48,11.52,12.54,20.13,34.53,69,41,59.42,2.29,50.34,0.0,2,59.57,48.8,C,Pass,High
81,ECE20250081,Krishna Kar,krishna.kar62@college.edu,+91-7490000526,Female,Electronics & Communication Engineering,B.E. Electronics & Communication Engineering,3,5,A,2025-2026,8.55,83.83,28.27,14.86,18.21,40.93,74.46,86,66,76.74,5.09,82.04,2.46,0,75.98,84.39,A+,Pass,Low
82,ECE20240082,Bhavika Nigam,bhavika.nigam39@college.edu,+91-7365849190,Female,Electronics & Communication Engineering,B.E. Electronics & Communication Engineering,1,1,A,2024-2025,5.74,53.9,26.68,17.57,16.55,29.79,52.4,67,43,64.18,6.08,72.99,2.49,1,61.57,67.99,B+,Pass,Low
83,CE20250083,Advaith Karpe,advaith.karpe57@college.edu,+91-8277121963,Male,Civil Engineering,B.E. Civil Engineering,4,7,C,2025-2026,6.16,55.69,28.68,16.38,8.27,38.81,56.67,87,56,64.37,5.63,86.93,2.15,3,44.81,70.88,A,Pass,Low
84,ECE20240084,Januja Amble,januja.amble27@college.edu,+91-9686566602,Female,Electronics & Communication Engineering,B.E. Electronics & Communication Engineering,3,5,C,2024-2025,8.76,90.36,33.16,23.89,19.2,50.0,64.91,66,66,100.0,7.26,100.0,2.95,2,91.12,91.03,O,Pass,Low
85,AIDS20240085,Balendra Bhargava,balendra.bhargava53@college.edu,+91-8934898666,Male,AI & Data Science,B.Tech. AI & Data Science,2,3,A,2024-2025,7.55,73.14,29.84,20.56,13.55,33.69,63.82,82,60,73.17,4.56,89.15,4.0,3,73.33,76.55,A,Pass,Low
86,IT20250086,Jyoti Bir,jyoti.bir59@college.edu,+91-7305714736,Female,Information Technology,B.E. Information Technology,1,1,B,2025-2026,6.19,59.17,30.54,18.96,11.04,35.93,54.89,81,64,79.01,4.32,65.76,3.68,1,85.26,71.95,A,Pass,Low
87,IT20240087,Anamika Narayanan,anamika.narayanan35@college.edu,+91-7610900200,Female,Information Technology,B.E. Information Technology,2,4,A,2024-2025,6.63,68.0,30.5,17.64,14.03,37.99,42.82,62,39,62.9,4.65,67.8,2.39,0,47.87,68.3,B+,Pass,Low
88,CE20240088,Balendra Varkey,balendra.varkey39@college.edu,+91-8728760924,Male,Civil Engineering,B.E. Civil Engineering,3,6,B,2024-2025,7.25,73.98,29.64,13.93,16.09,40.36,71.93,90,67,74.44,5.39,71.71,3.4,2,77.0,82.18,A+,Pass,Low
89,EEE20240089,Kashish Mallick,kashish.mallick95@college.edu,+91-8384360647,Female,Electrical & Electronics Engineering,B.E. Electrical & Electronics Engineering,4,8,A,2024-2025,5.93,60.31,23.12,20.59,11.96,34.51,38.1,79,48,60.76,5.57,62.37,2.48,2,73.17,60.81,B+,Pass,Medium
90,AIDS20250090,Watika Kala,watika.kala98@college.edu,+91-7752438459,Female,AI & Data Science,B.Tech. AI & Data Science,2,3,C,2025-2026,6.16,65.92,22.58,13.59,4.73,34.15,52.38,75,31,41.33,3.45,41.76,1.35,1,24.84,60.61,B+,Pass,High
91,ECE20250091,Ekaja Solanki,ekaja.solanki63@college.edu,+91-7391883149,Female,Electronics & Communication Engineering,B.E. Electronics & Communication Engineering,3,5,C,2025-2026,9.08,91.31,40.0,25.0,19.52,36.81,66.39,75,75,100.0,5.69,81.94,2.47,2,99.6,89.15,A+,Pass,Low
92,IT20250092,Jairaj Solanki,jairaj.solanki64@college.edu,+91-8237886015,Male,Information Technology,B.E. Information Technology,3,5,A,2025-2026,6.2,60.06,23.32,16.23,14.59,24.59,50.6,81,62,76.54,1.85,75.64,2.24,5,55.04,61.36,B+,Pass,Medium
93,CE20250093,Samar Gupta,samar.gupta15@college.edu,+91-8735918651,Male,Civil Engineering,B.E. Civil Engineering,1,2,A,2025-2026,6.47,68.15,19.33,13.38,14.1,18.38,46.27,87,65,74.71,2.41,48.51,2.65,3,42.89,52.85,B,Pass,Medium
94,AIDS20240094,Champak Chatterjee,champak.chatterjee80@college.edu,+91-9141011556,Male,AI & Data Science,B.Tech. AI & Data Science,4,8,A,2024-2025,7.78,82.0,31.17,19.52,14.67,27.21,53.63,80,54,67.5,5.38,63.26,0.27,2,63.22,69.36,B+,Pass,Low
95,AIDS20240095,Upasna Pandya,upasna.pandya57@college.edu,+91-9998961044,Female,AI & Data Science,B.Tech. AI & Data Science,2,4,C,2024-2025,6.33,64.37,23.82,15.17,8.31,18.99,36.44,75,40,53.33,3.58,57.34,3.6,1,52.92,48.63,C,Pass,Medium
96,ME20240096,Udyati Roy,udyati.roy12@college.edu,+91-7965081954,Female,Mechanical Engineering,B.E. Mechanical Engineering,2,3,B,2024-2025,6.95,67.67,29.23,19.07,11.87,33.43,49.16,86,57,66.28,4.26,79.57,1.73,5,100.0,67.84,B+,Pass,Low
97,ECE20250097,Vivaan Bhagat,vivaan.bhagat35@college.edu,+91-8784517419,Male,Electronics & Communication Engineering,B.E. Electronics & Communication Engineering,1,1,B,2025-2026,6.93,68.41,29.69,17.32,20.0,47.1,45.88,86,63,73.26,7.4,67.64,1.95,2,51.22,76.73,A,Pass,Low
98,ECE20240098,Chandran Bhat,chandran.bhat77@college.edu,+91-9182878006,Male,Electronics & Communication Engineering,B.E. Electronics & Communication Engineering,2,4,C,2024-2025,5.65,56.32,16.14,13.92,9.62,30.41,44.13,83,50,60.24,3.24,46.22,2.97,4,41.95,54.25,B,Pass,Medium
99,CE20250099,Tamanna Nori,tamanna.nori65@college.edu,+91-8147497835,Female,Civil Engineering,B.E. Civil Engineering,1,2,B,2025-2026,5.8,55.05,27.27,17.58,17.15,39.66,53.03,86,60,69.77,5.08,70.23,1.78,0,34.37,73.82,A,Pass,Medium
100,ME20250100,Chatura Kothari,chatura.kothari45@college.edu,+91-8427818730,Male,Mechanical Engineering,B.E. Mechanical Engineering,3,6,A,2025-2026,8.43,86.23,35.45,23.68,16.45,34.46,55.1,77,64,83.12,6.14,91.67,2.79,4,76.55,78.36,A,Pass,Low
101,ECE20240101,Inaya Gupta,inaya.gupta30@college.edu,+91-8764265618,Female,Electronics & Communication Engineering,B.E. Electronics & Communication Engineering,4,8,A,2024-2025,8.05,81.29,31.3,25.0,16.75,34.44,62.77,61,55,90.16,7.53,65.23,2.7,2,74.5,80.54,A+,Pass,Low
102,ECE20240102,Udarsh Dey,udarsh.dey5@college.edu,+91-7542223599,Male,Electronics & Communication Engineering,B.E. Electronics & Communication Engineering,4,8,C,2024-2025,6.58,59.95,27.82,13.45,10.92,29.13,42.13,76,59,77.63,4.76,40.65,2.04,5,73.51,58.98,B,Pass,Low
103,IT20250103,Siddharth Goswami,siddharth.goswami19@college.edu,+91-8760844750,Male,Information Technology,B.E. Information Technology,1,2,A,2025-2026,4.48,44.52,19.27,13.58,13.22,26.37,50.69,87,49,56.32,4.44,57.89,1.51,3,68.04,58.51,B,Pass,High
104,CSE20250104,Maya Shere,maya.shere51@college.edu,+91-9791027186,Female,Computer Science Engineering,B.E. Computer Science Engineering,1,2,B,2025-2026,7.66,72.61,28.02,20.35,10.71,25.07,58.38,62,54,87.1,4.49,87.46,3.19,4,83.69,67.29,B+,Pass,Low
105,CE20250105,Kritika Borra,kritika.borra5@college.edu,+91-9651968205,Female,Civil Engineering,B.E. Civil Engineering,4,8,C,2025-2026,8.22,81.58,31.22,22.78,15.41,42.41,54.35,62,49,79.03,7.04,84.02,3.32,1,89.16,78.99,A,Pass,Low
106,ME20240106,Timothy Chaudhari,timothy.chaudhari13@college.edu,+91-9721926191,Male,Mechanical Engineering,B.E. Mechanical Engineering,3,5,C,2024-2025,4.54,44.47,21.06,11.47,10.61,18.33,35.23,82,37,45.12,4.21,25.62,1.82,3,46.79,46.03,C,Pass,High
107,ECE20240107,Aryan Zachariah,aryan.zachariah8@college.edu,+91-8260005019,Male,Electronics & Communication Engineering,B.E. Electronics & Communication Engineering,2,4,A,2024-2025,7.18,72.85,29.89,24.79,15.16,44.9,60.27,71,58,81.69,6.64,84.54,5.08,2,53.17,83.02,A+,Pass,Low
108,CSE20240108,Abhimanyu Chander,abhimanyu.chander11@college.edu,+91-9617747281,Male,Computer Science Engineering,B.E. Computer Science Engineering,2,4,C,2024-2025,8.42,86.59,34.13,19.42,20.0,35.17,50.63,87,66,75.86,5.28,49.84,3.13,2,72.93,76.04,A,Pass,Low
109,ME20240109,Jagat Ganesan,jagat.ganesan82@college.edu,+91-8090824373,Male,Mechanical Engineering,B.E. Mechanical Engineering,2,4,C,2024-2025,7.47,74.04,23.1,17.62,9.56,31.54,65.25,74,47,63.51,3.0,48.4,1.71,2,54.07,69.6,B+,Pass,Medium
110,AIDS20240110,Samar Sunder,samar.sunder45@college.edu,+91-9523601252,Male,AI & Data Science,B.Tech. AI & Data Science,4,8,C,2024-2025,6.82,69.01,21.44,11.22,15.78,31.99,55.66,69,32,46.38,5.12,77.89,2.25,3,57.39,65.07,B+,Pass,Medium
111,ECE20240111,Warda Kala,warda.kala62@college.edu,+91-7458072318,Female,Electronics & Communication Engineering,B.E. Electronics & Communication Engineering,3,6,B,2024-2025,8.56,86.05,29.31,23.62,13.66,40.26,53.79,67,48,71.64,6.25,69.3,1.15,2,63.9,76.17,A,Pass,Low
112,IT20250112,Sai Bhargava,sai.bhargava73@college.edu,+91-9945486396,Male,Information Technology,B.E. Information Technology,3,6,A,2025-2026,6.82,70.5,39.17,16.29,8.18,39.2,58.7,84,65,77.38,5.35,61.7,1.28,3,59.27,77.19,A,Pass,Low
113,AIDS20250113,Fitan Raghavan,fitan.raghavan25@college.edu,+91-9666707262,Male,AI & Data Science,B.Tech. AI & Data Science,4,8,A,2025-2026,9.73,94.44,32.3,16.4,20.0,50.0,68.49,68,56,82.35,8.03,89.94,3.55,3,58.98,89.67,A+,Pass,Low
114,ME20240114,Aarav Ramakrishnan,aarav.ramakrishnan57@college.edu,+91-7143299564,Male,Mechanical Engineering,B.E. Mechanical Engineering,2,3,C,2024-2025,3.59,34.62,21.83,7.24,3.49,29.8,49.6,78,31,39.74,1.48,49.81,1.47,1,30.48,53.6,B,Pass,High
115,CSE20250115,Kevin Sha,kevin.sha17@college.edu,+91-9316738668,Male,Computer Science Engineering,B.E. Computer Science Engineering,1,2,B,2025-2026,7.06,70.3,27.8,17.47,15.96,23.77,37.49,88,54,61.36,5.0,53.46,2.43,5,67.98,58.25,B,Pass,Low
116,EEE20250116,Mekhala Sampath,mekhala.sampath38@college.edu,+91-8454770940,Female,Electrical & Electronics Engineering,B.E. Electrical & Electronics Engineering,3,5,B,2025-2026,10.0,100.0,35.86,23.73,20.0,32.04,61.74,85,85,100.0,5.62,84.69,2.44,1,78.22,82.25,A+,Pass,Low
117,AIDS20250117,Widisha Dubey,widisha.dubey72@college.edu,+91-8570991899,Female,AI & Data Science,B.Tech. AI & Data Science,2,3,C,2025-2026,6.9,74.84,25.6,16.72,15.33,30.98,48.25,62,40,64.52,3.99,57.16,4.39,4,39.27,65.16,B+,Pass,Medium
118,AIDS20250118,Ikshita Minhas,ikshita.minhas87@college.edu,+91-8125974687,Female,AI & Data Science,B.Tech. AI & Data Science,3,5,B,2025-2026,8.0,81.08,27.87,17.23,19.23,24.32,75.0,78,69,88.46,5.72,59.02,3.9,2,62.91,77.6,A,Pass,Low
119,ME20240119,Ikbal Bhardwaj,ikbal.bhardwaj80@college.edu,+91-9411226340,Male,Mechanical Engineering,B.E. Mechanical Engineering,3,5,C,2024-2025,7.87,80.64,34.22,11.06,17.78,39.85,57.04,70,57,81.43,5.75,78.32,2.84,5,90.13,76.97,A,Pass,Low
120,CSE20250120,Bhavani Murthy,bhavani.murthy15@college.edu,+91-7600337712,Female,Computer Science Engineering,B.E. Computer Science Engineering,1,2,C,2025-2026,6.18,58.93,25.28,12.53,12.66,33.62,49.66,61,29,47.54,5.08,60.26,2.43,5,59.35,63.97,B+,Pass,Medium
121,IT20240121,Barkha Bedi,barkha.bedi18@college.edu,+91-8669221121,Female,Information Technology,B.E. Information Technology,4,7,A,2024-2025,7.08,68.2,19.2,17.32,13.2,27.98,54.49,74,46,62.16,4.36,66.14,1.95,2,61.94,62.54,B+,Pass,Low
122,ME20240122,Waida Thakkar,waida.thakkar79@college.edu,+91-8752844368,Female,Mechanical Engineering,B.E. Mechanical Engineering,4,7,B,2024-2025,7.33,70.94,22.06,17.02,14.16,41.33,39.13,90,67,74.44,4.71,61.51,0.87,5,70.21,63.84,B+,Pass,Low
123,AIDS20250123,Zilmil Dugar,zilmil.dugar47@college.edu,+91-7426724858,Female,AI & Data Science,B.Tech. AI & Data Science,3,5,B,2025-2026,3.28,31.37,20.34,10.13,9.0,13.12,31.08,81,27,33.33,3.93,45.43,2.53,1,74.56,39.78,F,Fail,High
124,ME20250124,Ayush Trivedi,ayush.trivedi16@college.edu,+91-8952996248,Male,Mechanical Engineering,B.E. Mechanical Engineering,3,5,B,2025-2026,7.33,72.3,25.6,16.58,16.9,36.86,54.07,62,51,82.26,4.43,65.49,2.49,3,53.47,71.55,A,Pass,Low
125,ME20240125,Chaitaly Grewal,chaitaly.grewal73@college.edu,+91-7881351238,Female,Mechanical Engineering,B.E. Mechanical Engineering,1,1,B,2024-2025,7.92,77.5,27.06,17.24,11.31,30.91,54.04,62,37,59.68,6.29,68.03,3.06,4,72.62,66.75,B+,Pass,Medium
126,EEE20250126,Bhavya Bir,bhavya.bir77@college.edu,+91-7012178595,Female,Electrical & Electronics Engineering,B.E. Electrical & Electronics Engineering,2,3,A,2025-2026,7.33,69.0,27.55,14.5,11.51,30.86,32.19,68,35,51.47,2.83,49.38,2.03,4,48.53,55.78,B,Pass,High
127,CSE20240127,Kamya Raval,kamya.raval4@college.edu,+91-7566090561,Female,Computer Science Engineering,B.E. Computer Science Engineering,2,4,A,2024-2025,6.71,69.58,23.89,19.05,12.58,37.32,45.99,60,36,60.0,4.16,79.38,1.65,2,85.83,65.98,B+,Pass,Low
128,CE20240128,Darpan Koshy,darpan.koshy17@college.edu,+91-8808011838,Male,Civil Engineering,B.E. Civil Engineering,2,4,A,2024-2025,8.88,88.12,29.89,19.37,16.98,30.56,64.68,76,40,52.63,5.62,100.0,3.55,1,74.45,76.65,A,Pass,Medium
129,AIDS20240129,Anmol Bumb,anmol.bumb29@college.edu,+91-9641863774,Male,AI & Data Science,B.Tech. AI & Data Science,4,8,B,2024-2025,7.19,73.66,29.16,17.92,14.6,36.32,50.14,61,38,62.3,5.27,82.64,1.58,3,47.63,70.61,A,Pass,Low
130,CE20240130,Shaurya Virk,shaurya.virk62@college.edu,+91-8724932977,Male,Civil Engineering,B.E. Civil Engineering,3,6,C,2024-2025,8.24,82.06,26.65,17.03,13.45,43.25,57.36,73,49,67.12,7.15,67.51,2.76,3,50.26,75.26,A,Pass,Low
131,ECE20250131,Nisha Lal,nisha.lal9@college.edu,+91-7541988748,Female,Electronics & Communication Engineering,B.E. Electronics & Communication Engineering,4,7,A,2025-2026,6.53,62.29,22.61,15.33,9.21,42.13,31.83,68,32,47.06,4.25,62.63,3.06,3,56.17,57.96,B,Pass,Medium
132,EEE20250132,Harsh Murthy,harsh.murthy78@college.edu,+91-8847692041,Male,Electrical & Electronics Engineering,B.E. Electrical & Electronics Engineering,3,6,C,2025-2026,7.85,77.96,35.06,15.62,17.64,50.0,47.64,63,40,63.49,8.21,71.3,2.97,4,76.44,79.83,A,Pass,Low
133,AIDS20240133,Jagdish Lanka,jagdish.lanka59@college.edu,+91-8712533097,Male,AI & Data Science,B.Tech. AI & Data Science,2,4,B,2024-2025,8.15,81.52,27.87,21.2,20.0,40.64,54.44,73,58,79.45,7.74,71.79,3.37,3,55.54,78.14,A,Pass,Low
134,IT20250134,Rudra Deep,rudra.deep20@college.edu,+91-9949873860,Male,Information Technology,B.E. Information Technology,4,8,C,2025-2026,6.03,56.59,26.24,22.81,12.32,30.42,43.61,89,66,74.16,4.37,58.96,2.67,2,56.9,63.96,B+,Pass,Medium
135,AIDS20240135,Netra Shankar,netra.shankar48@college.edu,+91-7558841618,Female,AI & Data Science,B.Tech. AI & Data Science,1,1,B,2024-2025,7.26,76.54,23.14,22.04,11.75,42.13,56.01,77,58,75.32,3.8,90.61,2.47,0,86.63,73.46,A,Pass,Low
136,EEE20250136,Nisha Bora,nisha.bora97@college.edu,+91-8816499958,Female,Electrical & Electronics Engineering,B.E. Electrical & Electronics Engineering,3,5,B,2025-2026,5.52,55.51,20.85,15.74,15.65,31.43,60.35,87,70,80.46,2.71,75.05,2.38,5,47.11,68.42,B+,Pass,Low
137,AIDS20240137,Aarna Shanker,aarna.shanker28@college.edu,+91-7664561034,Female,AI & Data Science,B.Tech. AI & Data Science,3,6,B,2024-2025,5.96,58.35,22.03,15.57,4.02,26.27,33.45,81,36,44.44,3.85,43.94,2.65,1,28.17,48.01,C,Pass,High
138,CE20250138,Chandresh Borah,chandresh.borah36@college.edu,+91-9465740756,Male,Civil Engineering,B.E. Civil Engineering,1,2,C,2025-2026,4.23,39.01,14.2,14.07,5.18,18.83,37.42,67,30,44.78,1.64,41.89,1.88,3,16.16,42.2,C,Pass,High
139,CE20240139,Hredhaan Toor,hredhaan.toor98@college.edu,+91-8327079104,Male,Civil Engineering,B.E. Civil Engineering,1,2,A,2024-2025,7.39,78.21,35.36,25.0,18.71,31.77,68.5,89,84,94.38,6.37,75.99,2.47,2,86.56,84.88,A+,Pass,Low
140,AIDS20250140,Kevin Deo,kevin.deo95@college.edu,+91-9719453060,Male,AI & Data Science,B.Tech. AI & Data Science,2,3,C,2025-2026,5.16,53.42,24.93,16.27,12.49,33.53,38.25,60,35,58.33,5.07,46.92,3.44,0,52.87,59.84,B,Pass,High
141,EEE20250141,Owen Biswas,owen.biswas48@college.edu,+91-8338472296,Male,Electrical & Electronics Engineering,B.E. Electrical & Electronics Engineering,2,4,B,2025-2026,8.11,83.42,36.97,23.9,16.13,40.93,48.73,83,82,98.8,6.08,87.96,2.17,2,73.15,79.32,A,Pass,Low
142,EEE20240142,Krisha Pingle,krisha.pingle7@college.edu,+91-9894673596,Female,Electrical & Electronics Engineering,B.E. Electrical & Electronics Engineering,1,1,A,2024-2025,7.25,72.54,32.8,16.28,11.45,38.92,48.66,62,46,74.19,5.54,70.43,2.1,2,37.95,70.81,A,Pass,Medium
143,ME20250143,Lucky Dugar,lucky.dugar28@college.edu,+91-9200510647,Male,Mechanical Engineering,B.E. Mechanical Engineering,4,8,C,2025-2026,7.95,80.27,22.84,21.38,12.42,44.55,48.31,63,48,76.19,3.46,77.97,1.97,2,54.99,71.0,A,Pass,Low
144,AIDS20250144,Theodore Mittal,theodore.mittal51@college.edu,+91-9574081104,Male,AI & Data Science,B.Tech. AI & Data Science,3,6,C,2025-2026,5.46,55.12,27.36,13.51,10.09,34.43,48.11,61,43,70.49,6.26,54.2,1.2,0,51.97,63.8,B+,Pass,Medium
145,IT20250145,Aayush Mistry,aayush.mistry1@college.edu,+91-9136253713,Male,Information Technology,B.E. Information Technology,2,3,B,2025-2026,7.68,74.06,30.49,14.88,12.52,31.49,57.24,83,76,91.57,3.82,71.26,1.82,2,69.36,69.92,B+,Pass,Low
146,CSE20250146,Charles Desai,charles.desai95@college.edu,+91-7181686832,Male,Computer Science Engineering,B.E. Computer Science Engineering,4,7,C,2025-2026,7.2,77.03,38.44,16.78,13.28,45.29,60.05,73,49,67.12,6.96,87.58,2.06,0,86.01,83.24,A+,Pass,Low
147,AIDS20250147,Libni D’Alia,libni.d’alia54@college.edu,+91-8243458354,Female,AI & Data Science,B.Tech. AI & Data Science,3,6,C,2025-2026,7.73,80.78,33.21,16.91,15.89,28.99,52.08,63,46,73.02,3.69,78.03,3.22,2,69.6,70.11,A,Pass,Low
148,IT20250148,Chatresh Dugal,chatresh.dugal14@college.edu,+91-8045036297,Male,Information Technology,B.E. Information Technology,2,4,C,2025-2026,6.49,63.64,25.11,15.86,11.1,25.07,39.42,73,52,71.23,5.78,38.96,2.61,3,45.64,55.38,B,Pass,Medium
149,EEE20250149,Laban Manda,laban.manda22@college.edu,+91-7328046924,Male,Electrical & Electronics Engineering,B.E. Electrical & Electronics Engineering,1,2,B,2025-2026,7.58,80.28,31.23,14.56,17.11,41.1,47.09,76,55,72.37,5.87,73.78,2.7,3,75.86,72.52,A,Pass,Low
150,EEE20240150,Henry Oza,henry.oza19@college.edu,+91-8099375147,Male,Electrical & Electronics Engineering,B.E. Electrical & Electronics Engineering,2,4,B,2024-2025,7.3,70.6,29.0,14.52,18.07,44.21,42.22,66,43,65.15,5.58,58.41,3.52,1,43.47,71.15,A,Pass,Low
151,CSE20250151,Harsh Lalla,harsh.lalla73@college.edu,+91-9488796494,Male,Computer Science Engineering,B.E. Computer Science Engineering,1,1,C,2025-2026,5.36,47.87,22.05,13.58,13.71,30.8,48.11,74,36,48.65,3.62,67.6,1.1,3,62.57,61.16,B+,Pass,Medium
152,EEE20250152,Zayyan Suresh,zayyan.suresh57@college.edu,+91-9711778437,Male,Electrical & Electronics Engineering,B.E. Electrical & Electronics Engineering,3,6,A,2025-2026,7.87,87.54,31.05,19.64,16.9,39.45,39.78,69,50,72.46,4.73,89.61,3.6,4,87.51,70.12,A,Pass,Low
153,EEE20240153,Jeremiah Behl,jeremiah.behl58@college.edu,+91-7161521910,Male,Electrical & Electronics Engineering,B.E. Electrical & Electronics Engineering,1,2,C,2024-2025,8.01,79.17,36.35,18.74,18.82,36.15,57.95,61,54,88.52,6.75,89.81,4.77,2,66.42,80.2,A+,Pass,Low
154,IT20250154,Chakradhar Sampath,chakradhar.sampath71@college.edu,+91-7176191212,Male,Information Technology,B.E. Information Technology,1,1,C,2025-2026,7.71,74.99,26.2,20.81,20.0,25.29,36.82,74,48,64.86,4.65,89.61,2.86,5,47.11,61.25,B+,Pass,Low
155,EEE20250155,Lakshit Basu,lakshit.basu8@college.edu,+91-8934982045,Male,Electrical & Electronics Engineering,B.E. Electrical & Electronics Engineering,2,4,C,2025-2026,6.02,60.19,22.17,14.82,9.69,35.63,54.48,63,46,73.02,3.55,62.38,1.64,4,63.3,65.1,B+,Pass,Medium
156,CE20240156,Aarav Nath,aarav.nath91@college.edu,+91-8880157459,Male,Civil Engineering,B.E. Civil Engineering,3,5,C,2024-2025,9.71,100.0,37.25,22.13,20.0,49.65,58.22,74,74,100.0,7.49,87.18,4.55,3,85.02,89.47,A+,Pass,Low
157,EEE20250157,Dhruv Lala,dhruv.lala44@college.edu,+91-9915843503,Male,Electrical & Electronics Engineering,B.E. Electrical & Electronics Engineering,2,4,B,2025-2026,5.2,51.79,22.86,16.39,16.04,28.24,31.87,79,46,58.23,4.66,61.27,3.04,0,32.54,55.0,B,Pass,High
158,ME20240158,Gaurika Sathe,gaurika.sathe50@college.edu,+91-8220401982,Female,Mechanical Engineering,B.E. Mechanical Engineering,3,5,B,2024-2025,7.68,74.99,26.88,18.57,15.27,28.63,50.09,68,47,69.12,6.08,64.76,1.36,3,54.91,66.2,B+,Pass,Low
159,ME20240159,Unni Andra,unni.andra40@college.edu,+91-9817733555,Female,Mechanical Engineering,B.E. Mechanical Engineering,2,4,A,2024-2025,5.77,61.97,27.61,17.86,13.61,34.35,62.26,82,44,53.66,6.35,66.89,1.98,3,53.06,73.98,A,Pass,Medium
160,CSE20250160,Dayita Borra,dayita.borra43@college.edu,+91-7548870021,Female,Computer Science Engineering,B.E. Computer Science Engineering,1,2,C,2025-2026,6.64,71.78,18.92,15.33,14.76,24.89,57.87,81,46,56.79,4.09,52.25,1.81,3,57.24,62.42,B+,Pass,Medium
161,ME20250161,Falan Banik,falan.banik40@college.edu,+91-7774223342,Male,Mechanical Engineering,B.E. Mechanical Engineering,1,2,C,2025-2026,5.44,57.07,24.39,9.92,13.56,20.64,46.97,90,57,63.33,2.94,46.24,2.65,1,43.24,55.18,B,Pass,Medium
162,CE20240162,Qasim Divan,qasim.divan38@college.edu,+91-7434396266,Male,Civil Engineering,B.E. Civil Engineering,4,7,A,2024-2025,9.43,95.36,34.89,20.95,16.81,41.63,45.08,76,61,80.26,5.59,85.41,2.71,4,71.48,76.09,A,Pass,Low
163,CE20240163,Upasna Datta,upasna.datta20@college.edu,+91-7696846464,Female,Civil Engineering,B.E. Civil Engineering,1,2,C,2024-2025,6.15,60.81,29.02,20.52,14.23,39.15,64.93,65,39,60.0,5.07,74.42,3.2,4,43.23,79.72,A,Pass,Low
164,CE20250164,Ansh Morar,ansh.morar93@college.edu,+91-8020184428,Male,Civil Engineering,B.E. Civil Engineering,2,4,A,2025-2026,7.16,70.13,19.73,16.38,15.96,34.86,52.93,74,42,56.76,5.49,61.29,2.16,3,65.34,66.53,B+,Pass,Medium
165,CE20240165,Qabil Baral,qabil.baral61@college.edu,+91-7833293142,Male,Civil Engineering,B.E. Civil Engineering,4,7,C,2024-2025,5.85,60.16,27.38,16.1,8.66,22.38,47.7,71,42,59.15,2.9,67.61,3.08,3,40.02,57.91,B,Pass,High
166,EEE20250166,Praneel Kade,praneel.kade54@college.edu,+91-7696034559,Male,Electrical & Electronics Engineering,B.E. Electrical & Electronics Engineering,4,8,B,2025-2026,4.92,53.2,18.86,17.49,12.99,36.0,33.27,86,54,62.79,3.18,86.0,1.3,1,51.03,56.45,B,Pass,Medium
167,EEE20250167,Kritika Chauhan,kritika.chauhan71@college.edu,+91-7440619526,Female,Electrical & Electronics Engineering,B.E. Electrical & Electronics Engineering,2,4,A,2025-2026,7.53,78.1,32.38,16.99,18.63,40.05,57.29,82,65,79.27,6.6,78.94,2.55,4,69.92,79.06,A,Pass,Low
168,CE20240168,Peter Ray,peter.ray66@college.edu,+91-7632857647,Male,Civil Engineering,B.E. Civil Engineering,1,2,A,2024-2025,8.18,82.74,22.06,16.62,12.44,41.59,44.39,86,63,73.26,4.8,66.79,1.41,2,68.42,65.41,B+,Pass,Low
169,CSE20250169,Faras Khalsa,faras.khalsa65@college.edu,+91-8606152369,Male,Computer Science Engineering,B.E. Computer Science Engineering,4,8,A,2025-2026,6.27,61.54,26.75,16.67,9.42,24.57,47.55,67,50,74.63,4.46,44.62,2.34,2,78.49,59.22,B,Pass,Medium
170,AIDS20250170,Gautami Goel,gautami.goel92@college.edu,+91-9791559885,Female,AI & Data Science,B.Tech. AI & Data Science,3,5,A,2025-2026,3.13,30.15,13.45,11.77,10.87,20.37,21.41,70,21,30.0,2.96,41.08,2.06,3,35.66,37.04,F,Fail,High
171,CSE20240171,Triveni Bakshi,triveni.bakshi61@college.edu,+91-8926728669,Female,Computer Science Engineering,B.E. Computer Science Engineering,1,2,B,2024-2025,7.68,75.55,34.38,21.39,12.64,37.89,75.0,79,63,79.75,7.37,76.33,1.48,0,72.19,86.01,A+,Pass,Low
172,AIDS20240172,Gaurav Natarajan,gaurav.natarajan94@college.edu,+91-9615120114,Male,AI & Data Science,B.Tech. AI & Data Science,1,2,A,2024-2025,4.18,42.99,16.78,8.87,7.48,22.39,28.31,76,30,39.47,1.8,26.16,1.8,1,30.0,40.08,C,Pass,High
173,CE20240173,Samesh Kothari,samesh.kothari54@college.edu,+91-9744276785,Male,Civil Engineering,B.E. Civil Engineering,3,5,B,2024-2025,6.7,68.18,29.5,17.94,14.62,41.67,55.63,85,64,75.29,4.07,61.83,2.08,3,62.25,76.03,A,Pass,Low
174,AIDS20240174,Lila Dutta,lila.dutta74@college.edu,+91-8039116361,Female,AI & Data Science,B.Tech. AI & Data Science,1,2,C,2024-2025,8.79,87.85,31.81,16.33,20.0,30.44,66.79,82,60,73.17,5.88,88.31,4.25,1,73.67,78.83,A,Pass,Low
175,ECE20250175,Chatura Raja,chatura.raja86@college.edu,+91-7367709135,Male,Electronics & Communication Engineering,B.E. Electronics & Communication Engineering,1,2,A,2025-2026,4.89,48.98,22.53,9.91,10.56,30.53,36.78,76,39,51.32,4.36,55.98,1.77,5,69.21,52.94,B,Pass,High
176,AIDS20240176,Anjali Singhal,anjali.singhal48@college.edu,+91-8089419573,Female,AI & Data Science,B.Tech. AI & Data Science,1,2,B,2024-2025,7.81,76.29,28.35,18.79,19.93,38.44,50.09,83,62,74.7,6.75,66.48,3.52,0,75.96,74.25,A,Pass,Low
177,CE20240177,Janya Iyengar,janya.iyengar95@college.edu,+91-8428156550,Female,Civil Engineering,B.E. Civil Engineering,1,2,A,2024-2025,5.69,58.95,16.9,15.92,13.25,19.56,29.64,64,23,35.94,5.09,48.97,2.28,0,34.58,45.06,C,Pass,High
178,EEE20250178,Veda Palla,veda.palla62@college.edu,+91-9713284816,Female,Electrical & Electronics Engineering,B.E. Electrical & Electronics Engineering,3,5,C,2025-2026,7.46,71.11,35.62,15.91,15.95,38.4,56.99,65,45,69.23,4.88,69.08,1.16,4,62.77,77.94,A,Pass,Low
179,AIDS20240179,Michael Kari,michael.kari26@college.edu,+91-7179984654,Male,AI & Data Science,B.Tech. AI & Data Science,4,7,B,2024-2025,9.38,92.95,28.87,23.43,20.0,43.52,49.56,70,58,82.86,8.02,88.64,3.06,5,78.78,78.7,A,Pass,Low
180,EEE20240180,Jasmit Bajwa,jasmit.bajwa25@college.edu,+91-8228836941,Female,Electrical & Electronics Engineering,B.E. Electrical & Electronics Engineering,4,8,B,2024-2025,9.17,88.64,35.2,25.0,19.38,46.54,65.23,71,66,92.96,7.39,98.02,4.71,4,91.28,91.0,O,Pass,Low
181,AIDS20250181,Gopal Rastogi,gopal.rastogi52@college.edu,+91-8888654461,Male,AI & Data Science,B.Tech. AI & Data Science,3,6,A,2025-2026,4.73,48.61,24.85,16.23,11.6,22.23,45.23,88,41,46.59,5.54,61.92,2.78,5,56.02,56.94,B,Pass,High
182,IT20250182,Nitesh Mallick,nitesh.mallick67@college.edu,+91-8145556651,Male,Information Technology,B.E. Information Technology,2,4,C,2025-2026,4.9,50.29,16.53,7.87,11.77,21.1,29.11,85,29,34.12,4.28,28.32,0.59,0,27.7,41.43,C,Pass,High
183,ECE20240183,Bakhshi Mallick,bakhshi.mallick42@college.edu,+91-7440654676,Male,Electronics & Communication Engineering,B.E. Electronics & Communication Engineering,1,2,C,2024-2025,6.88,70.0,27.87,18.65,14.57,45.91,56.9,62,44,70.97,7.38,65.28,2.11,2,50.05,78.19,A,Pass,Low
184,IT20250184,Parth Upadhyay,parth.upadhyay57@college.edu,+91-8509882812,Male,Information Technology,B.E. Information Technology,3,6,C,2025-2026,7.78,79.25,22.23,21.89,12.68,33.09,43.33,74,51,68.92,2.94,84.89,3.1,0,75.98,62.98,B+,Pass,Low
185,CE20240185,Ryan Yadav,ryan.yadav82@college.edu,+91-8744659652,Male,Civil Engineering,B.E. Civil Engineering,3,6,B,2024-2025,5.79,56.8,16.27,15.11,10.27,36.31,54.05,71,32,45.07,3.96,56.15,2.97,3,54.28,62.69,B+,Pass,Medium
186,ME20250186,Noah Bala,noah.bala9@college.edu,+91-8013592436,Male,Mechanical Engineering,B.E. Mechanical Engineering,2,3,A,2025-2026,9.63,94.82,39.35,22.11,20.0,41.07,75.0,84,78,92.86,6.82,100.0,3.13,3,99.13,94.06,O,Pass,Low
187,IT20240187,Devika Lal,devika.lal48@college.edu,+91-8597785308,Female,Information Technology,B.E. Information Technology,4,7,C,2024-2025,7.04,74.96,26.04,20.92,16.78,36.25,40.97,74,58,78.38,3.48,76.87,2.07,4,62.8,67.02,B+,Pass,Low
188,EEE20250188,Hemal Lanka,hemal.lanka32@college.edu,+91-7487258103,Female,Electrical & Electronics Engineering,B.E. Electrical & Electronics Engineering,2,4,B,2025-2026,7.34,72.4,30.09,18.19,13.89,37.75,57.45,60,47,78.33,5.11,79.6,2.16,3,82.44,74.95,A,Pass,Low
189,ECE20250189,Anjali Chopra,anjali.chopra28@college.edu,+91-9627992499,Female,Electronics & Communication Engineering,B.E. Electronics & Communication Engineering,4,7,B,2025-2026,6.02,58.18,28.82,14.06,16.35,32.22,56.53,69,48,69.57,4.49,69.86,2.49,3,43.79,70.7,A,Pass,Medium
190,ECE20240190,Teerth Pai,teerth.pai92@college.edu,+91-8911737999,Male,Electronics & Communication Engineering,B.E. Electronics & Communication Engineering,2,3,A,2024-2025,5.78,59.78,23.39,12.61,5.68,25.01,49.35,62,36,58.06,2.39,55.51,2.93,4,51.02,55.11,B,Pass,High
191,CE20240191,Naksh Sarin,naksh.sarin38@college.edu,+91-8288304114,Male,Civil Engineering,B.E. Civil Engineering,3,6,C,2024-2025,3.24,31.85,12.36,11.36,4.14,23.48,29.36,87,26,29.89,1.25,49.89,0.74,0,53.62,38.24,F,Fail,High
192,ME20240192,Dalbir Rajan,dalbir.rajan26@college.edu,+91-7596471620,Male,Mechanical Engineering,B.E. Mechanical Engineering,2,4,C,2024-2025,6.41,60.65,34.31,14.48,13.06,33.86,57.1,67,52,77.61,4.64,78.22,2.93,4,56.23,73.06,A,Pass,Low
193,AIDS20240193,Ikshita Kumar,ikshita.kumar12@college.edu,+91-7282385977,Female,AI & Data Science,B.Tech. AI & Data Science,3,6,B,2024-2025,8.68,82.81,37.79,25.0,18.63,46.97,57.32,69,53,76.81,6.06,100.0,3.67,2,100.0,88.45,A+,Pass,Low
194,ME20240194,Anthony Sarin,anthony.sarin41@college.edu,+91-9758823240,Male,Mechanical Engineering,B.E. Mechanical Engineering,4,8,B,2024-2025,7.52,77.84,38.68,19.57,19.62,36.07,67.11,62,60,96.77,7.89,88.31,1.59,2,97.83,86.33,A+,Pass,Low
195,ME20240195,Aachal Venkatesh,aachal.venkatesh17@college.edu,+91-8858081385,Female,Mechanical Engineering,B.E. Mechanical Engineering,3,5,C,2024-2025,4.45,43.6,13.95,9.66,6.45,28.36,13.43,76,24,31.58,3.29,26.62,1.31,4,29.8,34.51,F,Fail,High
196,AIDS20240196,Guneet Patla,guneet.patla91@college.edu,+91-7968387506,Male,AI & Data Science,B.Tech. AI & Data Science,1,1,B,2024-2025,8.65,92.33,26.58,18.41,12.3,43.76,70.83,71,56,78.87,6.05,69.29,3.41,5,71.36,81.74,A+,Pass,Low
197,EEE20240197,Upasna Boase,upasna.boase71@college.edu,+91-8178758213,Female,Electrical & Electronics Engineering,B.E. Electrical & Electronics Engineering,3,5,B,2024-2025,7.13,70.95,24.39,12.41,16.66,31.3,55.6,64,50,78.12,4.03,83.12,4.09,3,82.64,67.09,B+,Pass,Low
198,EEE20240198,Noah Murthy,noah.murthy80@college.edu,+91-9599051823,Male,Electrical & Electronics Engineering,B.E. Electrical & Electronics Engineering,1,1,C,2024-2025,7.7,74.71,38.03,15.43,11.9,35.7,55.73,70,51,72.86,6.36,100.0,2.89,4,61.65,74.99,A,Pass,Low
199,EEE20240199,Diya Mital,diya.mital99@college.edu,+91-9477213586,Female,Electrical & Electronics Engineering,B.E. Electrical & Electronics Engineering,1,1,A,2024-2025,2.96,27.9,15.53,7.87,9.22,32.25,39.68,68,23,33.82,1.3,50.99,2.54,2,30.66,50.17,B,Pass,High
200,CE20250200,Yashica More,yashica.more39@college.edu,+91-9074232200,Female,Civil Engineering,B.E. Civil Engineering,4,7,B,2025-2026,7.39,78.24,38.26,15.56,11.29,34.84,60.65,67,35,52.24,6.47,71.72,2.37,4,63.32,76.72,A,Pass,Medium
201,ME20240201,Tara Narain,tara.narain21@college.edu,+91-8888091245,Female,Mechanical Engineering,B.E. Mechanical Engineering,4,8,B,2024-2025,7.79,83.85,34.63,15.98,18.69,32.87,70.79,73,49,67.12,4.37,83.37,3.02,2,76.37,82.52,A+,Pass,Low
202,CSE20250202,Tamanna Merchant,tamanna.merchant45@college.edu,+91-8712474804,Female,Computer Science Engineering,B.E. Computer Science Engineering,3,5,B,2025-2026,8.12,80.75,25.19,17.83,17.68,35.52,60.21,64,60,93.75,7.71,71.86,4.26,4,72.93,74.43,A,Pass,Low
203,EEE20250203,Devansh Handa,devansh.handa58@college.edu,+91-8064803502,Male,Electrical & Electronics Engineering,B.E. Electrical & Electronics Engineering,1,2,A,2025-2026,5.62,50.03,16.72,19.16,7.99,27.54,44.53,64,28,43.75,3.76,48.53,2.79,0,69.59,54.57,B,Pass,High
204,IT20240204,Ucchal Raghavan,ucchal.raghavan74@college.edu,+91-8343100352,Female,Information Technology,B.E. Information Technology,4,8,A,2024-2025,8.28,81.75,32.78,18.72,8.7,40.72,53.88,66,46,69.7,4.42,78.27,2.78,4,60.94,73.73,A,Pass,Low
205,ECE20250205,Gagan Mitra,gagan.mitra51@college.edu,+91-9170867436,Male,Electronics & Communication Engineering,B.E. Electronics & Communication Engineering,4,8,B,2025-2026,7.19,69.64,27.22,16.03,10.28,38.52,51.4,74,49,66.22,3.73,59.02,2.69,5,79.17,68.41,B+,Pass,Low
206,CSE20250206,Samaksh Acharya,samaksh.acharya84@college.edu,+91-9888454001,Male,Computer Science Engineering,B.E. Computer Science Engineering,3,5,A,2025-2026,5.53,52.81,31.13,15.71,10.83,36.62,45.99,75,39,52.0,7.43,59.32,2.28,2,59.23,67.04,B+,Pass,Medium
207,AIDS20250207,Nidra Mangat,nidra.mangat98@college.edu,+91-8731963069,Female,AI & Data Science,B.Tech. AI & Data Science,1,2,A,2025-2026,6.44,63.66,24.91,20.73,14.03,40.75,54.39,71,48,67.61,3.51,72.0,3.59,0,80.35,73.52,A,Pass,Low
208,AIDS20250208,Henry Sani,henry.sani65@college.edu,+91-8934257315,Male,AI & Data Science,B.Tech. AI & Data Science,2,4,C,2025-2026,2.59,27.42,17.84,13.26,6.17,24.12,34.76,84,49,58.33,4.76,41.8,0.31,1,39.37,45.59,C,Pass,High
209,CE20250209,Naveen Shroff,naveen.shroff44@college.edu,+91-9395869480,Male,Civil Engineering,B.E. Civil Engineering,1,1,A,2025-2026,6.14,54.3,21.19,18.06,12.37,33.14,45.61,90,52,57.78,4.75,50.57,2.27,2,58.49,61.86,B+,Pass,Medium
210,CSE20240210,Timothy Sathe,timothy.sathe18@college.edu,+91-8430398942,Male,Computer Science Engineering,B.E. Computer Science Engineering,2,4,C,2024-2025,7.47,77.15,22.79,16.47,9.43,42.56,26.79,85,54,63.53,5.08,61.74,2.08,2,47.12,56.48,B,Pass,Low
211,ECE20250211,Hredhaan Vaidya,hredhaan.vaidya79@college.edu,+91-8285201700,Male,Electronics & Communication Engineering,B.E. Electronics & Communication Engineering,2,3,B,2025-2026,7.52,75.48,34.35,14.62,20.0,31.4,44.09,78,53,67.95,7.11,62.35,2.42,2,80.82,69.3,B+,Pass,Low
212,CE20240212,Warjas Gara,warjas.gara87@college.edu,+91-7470748124,Male,Civil Engineering,B.E. Civil Engineering,4,8,B,2024-2025,6.65,61.43,28.27,17.62,13.75,30.85,47.44,73,53,72.6,4.04,76.57,3.31,3,62.8,65.62,B+,Pass,Low
213,CE20240213,Chaman Mander,chaman.mander75@college.edu,+91-9063511828,Female,Civil Engineering,B.E. Civil Engineering,1,2,B,2024-2025,3.42,35.44,13.6,13.15,2.3,13.13,33.91,65,20,30.77,2.32,43.54,0.39,1,10.0,35.6,F,Fail,High
214,ME20240214,Oliver Chander,oliver.chander90@college.edu,+91-7471997674,Male,Mechanical Engineering,B.E. Mechanical Engineering,4,7,C,2024-2025,10.0,98.13,34.16,25.0,16.34,38.85,75.0,66,58,87.88,6.96,100.0,3.64,0,89.56,89.68,A+,Pass,Low
215,IT20240215,Jacob Mukherjee,jacob.mukherjee79@college.edu,+91-9025530021,Male,Information Technology,B.E. Information Technology,4,7,B,2024-2025,8.01,80.26,20.13,18.71,15.1,42.39,56.04,87,58,66.67,5.56,83.0,4.51,4,78.71,72.44,A,Pass,Low
216,ME20240216,Jeevika Issac,jeevika.issac85@college.edu,+91-9054587733,Female,Mechanical Engineering,B.E. Mechanical Engineering,1,1,C,2024-2025,7.57,78.2,20.62,22.32,11.06,34.17,37.42,76,48,63.16,4.51,61.54,3.05,2,44.9,59.32,B,Pass,Low
217,CSE20250217,Falak Bakshi,falak.bakshi93@college.edu,+91-9923781318,Female,Computer Science Engineering,B.E. Computer Science Engineering,4,8,C,2025-2026,5.32,57.17,28.73,19.37,12.71,32.56,54.65,80,50,62.5,5.96,80.39,2.98,4,65.85,70.25,A,Pass,Low
218,IT20250218,Aradhana Konda,aradhana.konda29@college.edu,+91-8278244804,Female,Information Technology,B.E. Information Technology,4,7,A,2025-2026,6.13,63.54,30.02,14.1,15.08,38.32,47.23,84,63,75.0,4.09,48.91,2.98,2,66.33,69.39,B+,Pass,Medium
219,CSE20250219,Vyanjana Bora,vyanjana.bora93@college.edu,+91-8174491176,Female,Computer Science Engineering,B.E. Computer Science Engineering,4,8,B,2025-2026,6.57,65.78,16.47,11.28,8.9,28.25,42.55,69,34,49.28,2.11,66.53,2.73,1,47.21,51.18,B,Pass,Medium
220,ME20240220,Vedant Sachdeva,vedant.sachdeva37@college.edu,+91-7339428835,Male,Mechanical Engineering,B.E. Mechanical Engineering,4,8,B,2024-2025,7.49,71.47,26.93,19.88,12.36,37.32,54.48,71,47,66.2,5.14,67.74,3.53,5,62.76,71.68,A,Pass,Low
221,ME20240221,Indali Rajagopalan,indali.rajagopalan35@college.edu,+91-9413849014,Female,Mechanical Engineering,B.E. Mechanical Engineering,3,6,A,2024-2025,5.57,52.53,26.93,17.29,10.41,31.94,38.82,82,55,67.07,3.62,54.02,2.45,2,69.16,59.67,B,Pass,Medium
222,AIDS20240222,Yachana Ratta,yachana.ratta7@college.edu,+91-7430346953,Female,AI & Data Science,B.Tech. AI & Data Science,2,3,A,2024-2025,6.23,67.7,26.02,21.41,10.04,45.38,50.49,73,52,71.23,4.98,55.19,1.21,2,60.12,72.85,A,Pass,Medium
223,ECE20240223,Jairaj Divan,jairaj.divan61@college.edu,+91-9050625761,Male,Electronics & Communication Engineering,B.E. Electronics & Communication Engineering,1,1,A,2024-2025,6.62,67.33,30.73,20.17,11.41,27.64,48.02,80,55,68.75,4.15,69.73,2.78,1,50.27,65.37,B+,Pass,Low
224,IT20240224,Aahana Chhabra,aahana.chhabra12@college.edu,+91-9801601713,Female,Information Technology,B.E. Information Technology,3,6,C,2024-2025,6.29,59.15,21.5,11.15,5.38,36.35,50.78,78,42,53.85,3.49,52.5,0.82,0,43.2,59.77,B,Pass,Medium
225,ME20240225,Unnati Kanda,unnati.kanda5@college.edu,+91-8705078697,Female,Mechanical Engineering,B.E. Mechanical Engineering,1,1,B,2024-2025,6.68,61.88,28.58,17.08,15.94,26.4,48.65,85,56,65.88,6.86,72.07,1.1,2,61.62,65.0,B+,Pass,Low
226,ME20250226,Hema Vasa,hema.vasa14@college.edu,+91-8438994940,Female,Mechanical Engineering,B.E. Mechanical Engineering,3,5,A,2025-2026,6.66,65.74,32.43,19.0,12.79,29.97,44.36,69,51,73.91,4.98,53.66,1.48,2,44.64,65.9,B+,Pass,Low
227,ME20250227,Vincent Bedi,vincent.bedi15@college.edu,+91-8420277403,Male,Mechanical Engineering,B.E. Mechanical Engineering,4,7,C,2025-2026,9.08,90.2,35.4,19.26,17.24,42.16,74.55,65,62,95.38,7.36,97.48,2.2,3,93.46,89.89,A+,Pass,Low
228,ME20250228,Kritika Dara,kritika.dara73@college.edu,+91-9896530837,Female,Mechanical Engineering,B.E. Mechanical Engineering,3,5,A,2025-2026,7.05,66.56,23.13,15.27,9.64,25.67,40.66,84,41,48.81,6.02,60.72,2.45,1,73.2,54.3,B,Pass,Medium
229,EEE20250229,Vedant Deol,vedant.deol86@college.edu,+91-7409675904,Male,Electrical & Electronics Engineering,B.E. Electrical & Electronics Engineering,4,8,C,2025-2026,5.42,55.62,21.73,11.43,7.79,21.69,29.16,65,29,44.62,4.13,48.35,2.19,5,69.17,43.78,C,Pass,High
230,ECE20250230,Vincent Wali,vincent.wali58@college.edu,+91-8146731886,Male,Electronics & Communication Engineering,B.E. Electronics & Communication Engineering,3,5,A,2025-2026,9.15,88.79,37.37,21.68,17.59,45.44,66.18,90,86,95.56,7.95,100.0,3.63,2,75.65,89.75,A+,Pass,Low
231,EEE20250231,Nitara Savant,nitara.savant8@college.edu,+91-9868119543,Female,Electrical & Electronics Engineering,B.E. Electrical & Electronics Engineering,1,2,C,2025-2026,6.88,70.04,26.32,18.07,16.23,26.38,41.72,63,49,77.78,4.19,74.96,1.25,2,56.98,61.16,B+,Pass,Low
232,CSE20240232,Yashawini Sandhu,yashawini.sandhu38@college.edu,+91-8578589030,Female,Computer Science Engineering,B.E. Computer Science Engineering,4,8,C,2024-2025,3.67,40.23,11.66,13.88,5.99,23.32,42.94,79,28,35.44,2.13,25.77,2.48,0,57.66,46.07,C,Pass,High
233,CSE20250233,Udant Dutt,udant.dutt71@college.edu,+91-9022191192,Male,Computer Science Engineering,B.E. Computer Science Engineering,4,7,B,2025-2026,4.53,41.92,21.42,10.8,10.85,30.81,40.76,84,48,57.14,3.57,47.94,1.03,3,47.11,54.88,B,Pass,High
234,ME20240234,Wazir Sengupta,wazir.sengupta68@college.edu,+91-8553854176,Male,Mechanical Engineering,B.E. Mechanical Engineering,2,3,C,2024-2025,9.39,100.0,35.63,20.88,18.82,50.0,58.81,62,51,82.26,6.11,92.07,4.26,5,74.27,88.02,A+,Pass,Low
235,AIDS20240235,Kai Kota,kai.kota67@college.edu,+91-8897690739,Male,AI & Data Science,B.Tech. AI & Data Science,1,1,C,2024-2025,4.8,48.94,20.48,10.11,12.34,30.78,35.07,63,28,44.44,0.5,54.5,1.71,2,65.95,52.21,B,Pass,High
236,ME20250236,Manya Verma,manya.verma59@college.edu,+91-7566696611,Female,Mechanical Engineering,B.E. Mechanical Engineering,4,7,C,2025-2026,8.9,90.91,30.38,24.69,13.17,43.32,61.92,76,72,94.74,6.03,77.06,2.65,2,100.0,82.2,A+,Pass,Low
237,EEE20250237,Watika Khare,watika.khare51@college.edu,+91-8092885428,Female,Electrical & Electronics Engineering,B.E. Electrical & Electronics Engineering,1,2,C,2025-2026,6.53,62.61,19.89,14.98,6.4,26.77,49.03,86,42,48.84,4.81,34.96,2.52,0,33.21,55.4,B,Pass,High
238,CSE20250238,Mahika Sarraf,mahika.sarraf70@college.edu,+91-7258795967,Female,Computer Science Engineering,B.E. Computer Science Engineering,1,1,B,2025-2026,6.8,70.62,31.36,16.38,15.72,30.58,49.87,89,59,66.29,6.02,56.62,1.09,4,78.83,68.66,B+,Pass,Low
239,ECE20240239,Brinda Mangal,brinda.mangal99@college.edu,+91-9755328890,Female,Electronics & Communication Engineering,B.E. Electronics & Communication Engineering,1,2,B,2024-2025,6.22,63.19,33.77,20.64,14.74,38.86,56.04,83,53,63.86,6.24,80.56,1.31,3,76.49,78.09,A,Pass,Low
240,ECE20250240,Jacob Magar,jacob.magar88@college.edu,+91-9842377282,Male,Electronics & Communication Engineering,B.E. Electronics & Communication Engineering,3,6,B,2025-2026,4.53,43.16,27.07,17.05,9.37,35.15,58.12,87,68,78.16,3.53,67.1,3.62,3,44.17,69.73,B+,Pass,Medium
241,ME20250241,Oliver Nagarajan,oliver.nagarajan94@college.edu,+91-7956447193,Male,Mechanical Engineering,B.E. Mechanical Engineering,3,5,A,2025-2026,4.32,39.01,27.82,13.81,4.65,28.55,37.15,86,36,41.86,4.25,43.3,1.16,0,36.05,53.37,B,Pass,High
242,AIDS20250242,Banjeet Devi,banjeet.devi30@college.edu,+91-8063056115,Male,AI & Data Science,B.Tech. AI & Data Science,3,6,C,2025-2026,5.94,57.72,35.51,17.3,12.47,22.37,41.84,74,46,62.16,4.88,60.02,2.34,2,81.77,61.62,B+,Pass,Medium
243,IT20250243,Forum Kashyap,forum.kashyap3@college.edu,+91-8033653860,Female,Information Technology,B.E. Information Technology,2,3,A,2025-2026,7.84,83.09,24.65,19.14,13.7,47.79,70.56,66,51,77.27,4.91,87.51,2.69,0,66.62,83.66,A+,Pass,Low
244,EEE20240244,Rehaan Dua,rehaan.dua6@college.edu,+91-8727716512,Male,Electrical & Electronics Engineering,B.E. Electrical & Electronics Engineering,1,2,C,2024-2025,7.34,72.44,36.84,18.6,12.15,30.04,61.83,74,63,85.14,4.26,83.05,2.19,1,96.32,75.8,A,Pass,Low
245,CSE20250245,Hredhaan Bhatt,hredhaan.bhatt94@college.edu,+91-9474375067,Male,Computer Science Engineering,B.E. Computer Science Engineering,1,1,C,2025-2026,8.95,90.05,34.42,23.22,20.0,45.42,56.54,70,59,84.29,6.96,100.0,2.15,3,91.73,85.59,A+,Pass,Low
246,CE20240246,Triya Reddy,triya.reddy67@college.edu,+91-7949371357,Female,Civil Engineering,B.E. Civil Engineering,3,5,B,2024-2025,4.99,52.3,21.24,18.48,12.38,19.37,40.81,73,31,42.47,4.72,58.31,1.17,1,40.45,52.93,B,Pass,High
247,AIDS20250247,Noah Shukla,noah.shukla45@college.edu,+91-9763021449,Male,AI & Data Science,B.Tech. AI & Data Science,2,4,C,2025-2026,6.95,68.27,31.49,19.73,12.91,36.74,62.3,81,61,75.31,5.94,77.55,2.53,2,75.97,77.54,A,Pass,Low
248,EEE20240248,Sarthak Bhatia,sarthak.bhatia24@college.edu,+91-9310384304,Male,Electrical & Electronics Engineering,B.E. Electrical & Electronics Engineering,3,6,B,2024-2025,6.66,67.85,29.29,19.07,12.67,29.05,41.25,75,52,69.33,4.17,56.78,3.45,1,76.1,62.39,B+,Pass,Low
249,CSE20240249,Ishanvi Salvi,ishanvi.salvi54@college.edu,+91-9393528385,Female,Computer Science Engineering,B.E. Computer Science Engineering,3,5,B,2024-2025,4.9,52.61,26.27,9.55,16.37,20.78,45.51,76,45,59.21,3.48,38.76,0.98,0,38.96,56.77,B,Pass,High
250,CSE20240250,Saumya Bahri,saumya.bahri48@college.edu,+91-7397129827,Female,Computer Science Engineering,B.E. Computer Science Engineering,3,5,B,2024-2025,6.36,58.54,28.61,9.64,13.02,34.96,52.48,77,45,58.44,6.89,73.09,3.79,3,53.46,66.64,B+,Pass,Medium
251,CSE20240251,Sachi Sood,sachi.sood25@college.edu,+91-9523652725,Female,Computer Science Engineering,B.E. Computer Science Engineering,1,2,B,2024-2025,5.83,62.36,24.42,8.7,16.02,28.86,48.29,83,50,60.24,6.0,36.59,1.93,3,49.85,60.67,B+,Pass,Medium
252,CSE20250252,Aarini Pandey,aarini.pandey2@college.edu,+91-7909707455,Female,Computer Science Engineering,B.E. Computer Science Engineering,4,7,B,2025-2026,4.39,44.24,20.99,17.96,8.75,24.05,44.77,89,48,53.93,3.04,46.72,1.78,1,43.8,54.97,B,Pass,High
253,ME20240253,Manthan Ramakrishnan,manthan.ramakrishnan31@college.edu,+91-9371162526,Male,Mechanical Engineering,B.E. Mechanical Engineering,1,2,A,2024-2025,6.97,69.43,38.14,18.49,17.87,26.78,75.0,70,46,65.71,6.83,73.8,1.94,4,56.32,83.79,A+,Pass,Low
254,ECE20250254,Shaurya Yohannan,shaurya.yohannan64@college.edu,+91-9001472250,Male,Electronics & Communication Engineering,B.E. Electronics & Communication Engineering,4,8,B,2025-2026,8.36,84.18,28.25,14.6,12.96,38.55,54.14,63,55,87.3,3.93,76.64,1.69,4,84.23,70.98,A,Pass,Low
255,ME20250255,Imaran Sura,imaran.sura6@college.edu,+91-9416025300,Male,Mechanical Engineering,B.E. Mechanical Engineering,4,8,A,2025-2026,6.08,60.29,20.26,20.0,15.94,44.88,67.55,87,64,73.56,5.03,59.58,2.45,1,57.3,80.06,A+,Pass,Medium
256,CSE20250256,Imaran Mahajan,imaran.mahajan26@college.edu,+91-8416760621,Male,Computer Science Engineering,B.E. Computer Science Engineering,1,2,C,2025-2026,7.87,78.6,30.1,16.38,13.17,27.03,56.25,67,42,62.69,6.02,96.93,3.95,2,67.22,67.95,B+,Pass,Low
257,CE20250257,Tejas Sunder,tejas.sunder63@college.edu,+91-9756056675,Male,Civil Engineering,B.E. Civil Engineering,2,4,C,2025-2026,10.0,97.72,34.16,23.32,16.62,48.96,62.84,83,61,73.49,6.69,60.76,3.8,2,86.25,88.52,A+,Pass,Low
258,CSE20250258,Akshay Ramachandran,akshay.ramachandran70@college.edu,+91-9756550636,Male,Computer Science Engineering,B.E. Computer Science Engineering,3,5,A,2025-2026,6.19,63.55,24.69,10.32,5.47,18.88,39.26,90,41,45.56,2.09,49.35,3.74,0,57.98,46.97,C,Pass,High
259,AIDS20250259,Om Ravel,om.ravel81@college.edu,+91-7993998848,Male,AI & Data Science,B.Tech. AI & Data Science,1,1,A,2025-2026,4.75,43.53,22.93,11.21,6.25,22.38,28.31,62,24,38.71,2.89,40.24,0.53,2,43.52,43.48,C,Pass,High
260,AIDS20240260,Gayathri Sibal,gayathri.sibal86@college.edu,+91-9647930485,Female,AI & Data Science,B.Tech. AI & Data Science,2,4,B,2024-2025,5.14,55.06,18.3,10.28,7.39,20.87,51.5,89,42,47.19,3.19,36.92,2.59,1,74.55,51.43,B,Pass,High
261,ECE20250261,Devansh Walla,devansh.walla68@college.edu,+91-8180002487,Male,Electronics & Communication Engineering,B.E. Electronics & Communication Engineering,1,1,C,2025-2026,6.82,64.78,22.29,15.31,12.53,22.21,41.41,77,59,76.62,4.7,60.96,2.42,5,75.58,53.96,B,Pass,Low
262,AIDS20240262,Agastya Ramesh,agastya.ramesh31@college.edu,+91-7824341906,Male,AI & Data Science,B.Tech. AI & Data Science,4,7,A,2024-2025,6.62,60.79,31.16,14.65,18.45,27.99,58.74,79,66,83.54,6.72,87.29,3.05,3,87.57,72.07,A,Pass,Low
263,CE20240263,Agastya Chacko,agastya.chacko52@college.edu,+91-8971380304,Male,Civil Engineering,B.E. Civil Engineering,3,6,B,2024-2025,8.34,77.51,29.61,16.93,15.83,40.51,59.0,78,63,80.77,4.35,67.93,2.31,1,63.0,77.28,A,Pass,Low
264,ME20240264,Upadhriti Deshmukh,upadhriti.deshmukh84@college.edu,+91-7136083924,Female,Mechanical Engineering,B.E. Mechanical Engineering,2,4,C,2024-2025,7.46,77.57,33.32,14.38,16.96,33.92,53.01,62,37,59.68,6.42,81.3,3.05,2,71.04,72.59,A,Pass,Medium
265,ECE20240265,Vedhika Gopal,vedhika.gopal11@college.edu,+91-9146875428,Female,Electronics & Communication Engineering,B.E. Electronics & Communication Engineering,4,7,C,2024-2025,10.0,100.0,37.52,25.0,20.0,42.11,69.75,87,86,98.85,8.33,90.94,3.01,2,96.91,92.36,O,Pass,Low
266,CE20240266,Aryan Lad,aryan.lad89@college.edu,+91-9434319360,Male,Civil Engineering,B.E. Civil Engineering,3,5,C,2024-2025,5.09,50.45,24.38,16.33,16.33,29.89,45.88,75,48,64.0,6.02,69.55,2.49,2,45.18,63.24,B+,Pass,Medium
267,AIDS20250267,Ranveer Narang,ranveer.narang27@college.edu,+91-9521300895,Male,AI & Data Science,B.Tech. AI & Data Science,3,5,A,2025-2026,7.28,68.59,29.6,22.68,19.13,31.69,63.12,64,46,71.88,5.92,77.29,3.12,4,48.57,78.74,A,Pass,Low
268,ME20240268,Jagvi Sha,jagvi.sha73@college.edu,+91-8671414897,Female,Mechanical Engineering,B.E. Mechanical Engineering,4,7,B,2024-2025,7.34,74.17,26.89,13.39,15.15,25.68,50.63,81,66,81.48,4.38,69.35,3.47,4,74.24,62.84,B+,Pass,Low
269,IT20240269,Nihal Nazareth,nihal.nazareth45@college.edu,+91-7230624431,Male,Information Technology,B.E. Information Technology,4,7,C,2024-2025,8.7,83.23,31.01,19.22,19.57,47.0,45.93,63,51,80.95,5.8,87.0,2.69,2,82.93,77.91,A,Pass,Low
270,CE20250270,Sachi Mall,sachi.mall42@college.edu,+91-7127241247,Female,Civil Engineering,B.E. Civil Engineering,1,2,C,2025-2026,5.29,54.82,27.78,16.35,12.0,31.37,44.16,80,37,46.25,4.22,38.33,0.96,0,52.37,62.72,B+,Pass,High
271,ECE20250271,Shivansh Krishnan,shivansh.krishnan88@college.edu,+91-9516314486,Male,Electronics & Communication Engineering,B.E. Electronics & Communication Engineering,4,7,B,2025-2026,9.5,95.2,33.79,19.74,15.71,40.97,73.29,81,75,92.59,5.49,81.81,2.72,2,93.38,87.33,A+,Pass,Low
272,CE20240272,Banjeet Singhal,banjeet.singhal20@college.edu,+91-8632087531,Male,Civil Engineering,B.E. Civil Engineering,3,5,C,2024-2025,5.81,59.72,25.57,7.88,11.74,26.41,45.84,82,31,37.8,4.52,53.19,1.3,4,40.71,56.41,B,Pass,Medium
273,CSE20240273,Aditya Zacharia,aditya.zacharia40@college.edu,+91-8910126009,Male,Computer Science Engineering,B.E. Computer Science Engineering,4,8,B,2024-2025,5.99,59.73,24.88,20.27,11.73,25.12,52.31,71,47,66.2,5.28,53.14,1.94,4,54.16,63.38,B+,Pass,Medium
274,AIDS20250274,Atharv Palla,atharv.palla72@college.edu,+91-9200916676,Male,AI & Data Science,B.Tech. AI & Data Science,2,3,A,2025-2026,9.73,100.0,34.0,25.0,18.61,46.96,68.45,73,69,94.52,8.46,97.55,4.37,1,100.0,91.73,O,Pass,Low
275,AIDS20250275,Jasmit Biswas,jasmit.biswas2@college.edu,+91-8253474844,Female,AI & Data Science,B.Tech. AI & Data Science,3,5,C,2025-2026,9.56,98.84,32.43,21.54,18.76,34.69,66.59,73,64,87.67,6.23,76.64,3.86,2,80.03,82.63,A+,Pass,Low
276,AIDS20250276,Anmol Balasubramanian,anmol.balasubramanian35@college.edu,+91-8293348937,Male,AI & Data Science,B.Tech. AI & Data Science,2,3,C,2025-2026,9.64,92.75,37.1,22.85,18.07,48.82,60.88,68,54,79.41,6.71,99.34,2.95,2,79.88,89.54,A+,Pass,Low
277,AIDS20250277,Jatin Iyengar,jatin.iyengar10@college.edu,+91-8551019709,Male,AI & Data Science,B.Tech. AI & Data Science,2,4,B,2025-2026,7.66,75.23,31.03,19.09,15.48,43.46,58.87,68,55,80.88,5.36,82.59,3.16,5,64.47,80.09,A+,Pass,Low
278,ME20240278,Advaith Dua,advaith.dua1@college.edu,+91-8699484121,Male,Mechanical Engineering,B.E. Mechanical Engineering,4,7,B,2024-2025,7.32,74.82,36.14,18.87,19.37,35.55,62.89,70,47,67.14,5.81,74.58,3.14,4,77.4,82.43,A+,Pass,Low
279,ECE20250279,Kashvi Date,kashvi.date84@college.edu,+91-9552898167,Female,Electronics & Communication Engineering,B.E. Electronics & Communication Engineering,3,6,B,2025-2026,6.24,60.24,27.77,13.01,12.82,22.25,62.45,64,32,50.0,5.8,43.84,2.23,2,52.48,65.77,B+,Pass,High
280,EEE20240280,Vritti Contractor,vritti.contractor41@college.edu,+91-8251760286,Female,Electrical & Electronics Engineering,B.E. Electrical & Electronics Engineering,2,4,B,2024-2025,7.84,77.16,29.81,22.97,17.19,35.39,51.14,83,63,75.9,4.4,84.54,3.53,3,61.23,74.25,A,Pass,Low
281,ECE20250281,Janani Shroff,janani.shroff51@college.edu,+91-8567729816,Female,Electronics & Communication Engineering,B.E. Electronics & Communication Engineering,2,4,B,2025-2026,6.93,69.3,40.0,18.86,11.25,39.4,54.47,63,62,98.41,4.53,86.16,2.31,5,63.79,78.29,A,Pass,Low
282,CSE20250282,Lavanya Pillay,lavanya.pillay27@college.edu,+91-8883149695,Female,Computer Science Engineering,B.E. Computer Science Engineering,2,3,C,2025-2026,6.63,66.64,24.25,12.44,13.16,33.88,51.75,85,50,58.82,3.5,79.95,1.74,2,66.15,64.78,B+,Pass,Medium
283,ME20250283,Fiyaz Contractor,fiyaz.contractor39@college.edu,+91-8039472999,Male,Mechanical Engineering,B.E. Mechanical Engineering,1,2,C,2025-2026,2.08,20.0,13.75,13.17,11.51,17.55,27.75,68,29,42.65,3.48,39.3,2.55,2,17.22,39.62,F,Fail,High
284,ME20250284,Gautami Mukhopadhyay,gautami.mukhopadhyay62@college.edu,+91-9500719008,Female,Mechanical Engineering,B.E. Mechanical Engineering,4,8,A,2025-2026,7.47,70.98,22.96,20.93,18.17,31.61,49.43,72,53,73.61,5.86,65.04,2.28,3,69.38,67.8,B+,Pass,Low
285,CE20240285,Chatura Bal,chatura.bal32@college.edu,+91-9824377567,Male,Civil Engineering,B.E. Civil Engineering,4,7,B,2024-2025,6.1,62.51,21.59,22.01,15.89,32.57,46.28,81,58,71.6,4.26,59.24,3.08,2,63.85,65.42,B+,Pass,Medium
286,ME20250286,Nachiket Prashad,nachiket.prashad13@college.edu,+91-8111272861,Male,Mechanical Engineering,B.E. Mechanical Engineering,1,2,B,2025-2026,5.06,56.95,23.3,10.59,10.98,26.34,32.53,67,32,47.76,3.7,64.83,1.76,1,64.49,49.73,C,Pass,Medium
287,EEE20250287,Rushil Issac,rushil.issac87@college.edu,+91-9527974623,Male,Electrical & Electronics Engineering,B.E. Electrical & Electronics Engineering,2,4,B,2025-2026,8.13,83.6,35.65,16.67,11.11,37.26,47.45,82,36,43.9,5.73,68.13,3.09,3,95.03,70.82,A,Pass,Medium
288,IT20250288,Baljiwan Kibe,baljiwan.kibe11@college.edu,+91-7498513988,Male,Information Technology,B.E. Information Technology,1,2,A,2025-2026,8.82,86.39,33.5,18.33,18.56,36.44,57.8,86,66,76.74,7.54,79.44,3.51,5,97.04,78.55,A,Pass,Low
289,CSE20250289,Dalaja Mitra,dalaja.mitra67@college.edu,+91-9074151376,Female,Computer Science Engineering,B.E. Computer Science Engineering,3,6,B,2025-2026,6.41,67.38,28.02,14.23,5.16,19.94,47.19,71,21,29.58,3.71,72.46,2.32,2,55.15,54.28,B,Pass,Medium
290,ECE20250290,Darpan Barman,darpan.barman91@college.edu,+91-7494287462,Male,Electronics & Communication Engineering,B.E. Electronics & Communication Engineering,4,8,A,2025-2026,4.6,44.43,12.68,3.59,7.2,22.47,24.91,60,19,31.67,2.79,31.41,3.15,3,56.69,34.24,F,Fail,High
291,ME20240291,Oscar Walia,oscar.walia71@college.edu,+91-7687777633,Male,Mechanical Engineering,B.E. Mechanical Engineering,1,1,C,2024-2025,7.54,75.22,30.12,16.72,16.67,29.17,61.13,70,46,65.71,6.75,56.55,2.92,3,63.9,73.2,A,Pass,Low
292,ECE20240292,Tanish Prabhakar,tanish.prabhakar85@college.edu,+91-8856003347,Male,Electronics & Communication Engineering,B.E. Electronics & Communication Engineering,2,4,C,2024-2025,8.92,88.6,31.95,24.28,13.32,35.78,50.35,72,56,77.78,6.74,85.8,2.46,0,72.17,73.73,A,Pass,Low
293,EEE20250293,Bakhshi Toor,bakhshi.toor91@college.edu,+91-7922542252,Male,Electrical & Electronics Engineering,B.E. Electrical & Electronics Engineering,2,4,C,2025-2026,6.52,64.59,23.77,16.41,13.42,31.05,36.07,66,40,60.61,5.19,55.75,3.37,2,46.75,57.52,B,Pass,Low
294,ME20240294,Onkar Arora,onkar.arora26@college.edu,+91-8965164102,Male,Mechanical Engineering,B.E. Mechanical Engineering,1,1,C,2024-2025,8.16,81.81,24.78,16.73,7.26,35.0,50.38,63,50,79.37,5.24,76.29,1.95,2,61.03,63.72,B+,Pass,Low
295,CE20250295,Ucchal Suri,ucchal.suri76@college.edu,+91-7490623034,Female,Civil Engineering,B.E. Civil Engineering,4,8,C,2025-2026,5.03,48.91,22.26,10.07,8.37,27.59,31.88,71,41,57.75,1.76,43.54,1.7,1,54.07,48.02,C,Pass,High
296,ECE20240296,Damyanti Sant,damyanti.sant41@college.edu,+91-7506211965,Female,Electronics & Communication Engineering,B.E. Electronics & Communication Engineering,2,4,C,2024-2025,6.89,67.03,24.11,17.52,10.21,22.89,49.35,67,47,70.15,5.17,59.73,3.06,2,60.32,58.64,B,Pass,Low
297,CSE20250297,Pratyush Sharaf,pratyush.sharaf18@college.edu,+91-9468773157,Male,Computer Science Engineering,B.E. Computer Science Engineering,3,5,C,2025-2026,7.67,75.44,31.53,15.72,13.58,30.18,55.32,72,46,63.89,4.04,80.59,2.54,2,62.99,69.74,B+,Pass,Low
298,ECE20250298,Faraj Saran,faraj.saran41@college.edu,+91-8937034431,Male,Electronics & Communication Engineering,B.E. Electronics & Communication Engineering,2,3,B,2025-2026,9.09,87.52,40.0,25.0,15.12,46.93,70.75,79,79,100.0,7.73,93.51,3.41,0,74.64,94.04,O,Pass,Low
299,IT20240299,Hema Vig,hema.vig72@college.edu,+91-9170839755,Female,Information Technology,B.E. Information Technology,1,2,A,2024-2025,8.75,87.39,34.34,21.59,18.22,45.13,62.85,80,80,100.0,7.21,91.71,3.44,2,74.05,86.81,A+,Pass,Low
300,ME20250300,Krishna Yohannan,krishna.yohannan11@college.edu,+91-9428365056,Male,Mechanical Engineering,B.E. Mechanical Engineering,4,8,C,2025-2026,8.93,92.86,38.1,21.05,13.12,42.85,65.87,60,51,85.0,6.98,72.24,3.27,4,67.88,86.2,A+,Pass,Low
301,CSE20240301,Wyatt Shroff,wyatt.shroff22@college.edu,+91-8964180409,Male,Computer Science Engineering,B.E. Computer Science Engineering,3,5,B,2024-2025,7.5,76.54,27.62,21.35,12.41,31.37,30.49,78,63,80.77,4.97,68.29,3.38,3,71.82,58.47,B,Pass,Low
302,CE20240302,Tejas Loyal,tejas.loyal70@college.edu,+91-8575659319,Male,Civil Engineering,B.E. Civil Engineering,4,7,C,2024-2025,5.18,45.07,24.6,15.8,17.36,35.57,45.57,77,48,62.34,6.31,50.85,1.19,3,36.65,66.35,B+,Pass,Medium
303,AIDS20240303,Ojasvi Korpal,ojasvi.korpal84@college.edu,+91-8063140236,Female,AI & Data Science,B.Tech. AI & Data Science,4,7,B,2024-2025,9.53,92.7,32.61,18.53,11.05,31.29,48.47,69,54,78.26,7.7,57.18,2.83,4,62.39,67.51,B+,Pass,Low
304,AIDS20240304,Caleb Mallick,caleb.mallick16@college.edu,+91-8017675569,Male,AI & Data Science,B.Tech. AI & Data Science,4,8,B,2024-2025,6.51,64.15,26.61,17.96,15.03,32.13,44.9,66,45,68.18,4.27,64.25,3.1,4,64.02,65.02,B+,Pass,Low
305,EEE20240305,Varenya Kohli,varenya.kohli27@college.edu,+91-7254939955,Female,Electrical & Electronics Engineering,B.E. Electrical & Electronics Engineering,3,6,A,2024-2025,6.18,56.28,26.61,17.75,16.21,30.74,50.38,78,54,69.23,3.69,73.03,3.39,2,72.21,67.39,B+,Pass,Low
306,IT20250306,Vincent Raghavan,vincent.raghavan35@college.edu,+91-9209395548,Male,Information Technology,B.E. Information Technology,2,4,C,2025-2026,8.0,82.92,27.42,13.05,16.19,41.65,52.64,88,65,73.86,7.21,65.76,2.69,3,47.02,72.42,A,Pass,Low
307,AIDS20250307,Pahal Balakrishnan,pahal.balakrishnan17@college.edu,+91-7569902893,Female,AI & Data Science,B.Tech. AI & Data Science,2,4,A,2025-2026,7.72,80.03,27.59,17.55,13.16,28.62,48.64,67,40,59.7,4.92,52.67,1.72,1,70.99,64.4,B+,Pass,Medium
308,IT20240308,Yachana Nair,yachana.nair35@college.edu,+91-9696435541,Female,Information Technology,B.E. Information Technology,2,4,B,2024-2025,7.98,82.5,29.76,23.59,18.56,41.68,68.74,73,69,94.52,8.4,89.14,4.67,2,100.0,86.51,A+,Pass,Low
309,AIDS20250309,Hemani Sura,hemani.sura48@college.edu,+91-8952902914,Female,AI & Data Science,B.Tech. AI & Data Science,1,2,C,2025-2026,6.35,65.34,21.03,16.11,12.34,34.96,40.61,90,60,66.67,3.22,55.12,2.26,2,43.68,59.56,B,Pass,Medium
310,EEE20250310,Jagvi Pant,jagvi.pant90@college.edu,+91-8538554904,Female,Electrical & Electronics Engineering,B.E. Electrical & Electronics Engineering,1,1,C,2025-2026,8.26,86.13,35.4,18.5,20.0,39.61,66.38,87,82,94.25,6.22,90.84,3.15,0,66.84,85.88,A+,Pass,Low
311,EEE20240311,Kai Oak,kai.oak42@college.edu,+91-8218023007,Male,Electrical & Electronics Engineering,B.E. Electrical & Electronics Engineering,4,7,B,2024-2025,4.65,44.27,12.03,11.27,9.32,17.8,32.36,70,24,34.29,1.87,28.39,1.98,1,35.97,39.19,F,Fail,High
312,CSE20240312,Logan Majumdar,logan.majumdar81@college.edu,+91-8973888646,Male,Computer Science Engineering,B.E. Computer Science Engineering,4,8,C,2024-2025,7.28,71.45,28.31,20.77,15.99,26.7,49.61,60,38,63.33,5.91,61.1,2.24,1,78.1,66.96,B+,Pass,Low
313,CE20240313,Aashi Varughese,aashi.varughese55@college.edu,+91-7868950062,Female,Civil Engineering,B.E. Civil Engineering,2,4,B,2024-2025,6.78,67.68,19.02,21.16,12.55,21.81,52.5,82,47,57.32,3.22,41.71,2.12,5,29.84,59.65,B,Pass,High
314,ME20240314,Ikshita Chada,ikshita.chada33@college.edu,+91-7353993484,Female,Mechanical Engineering,B.E. Mechanical Engineering,3,5,B,2024-2025,7.59,72.9,22.39,11.73,15.54,32.55,49.32,71,51,71.83,6.43,38.52,2.65,3,60.25,62.95,B+,Pass,Medium
315,ME20250315,Kavya Ray,kavya.ray97@college.edu,+91-8005640129,Female,Mechanical Engineering,B.E. Mechanical Engineering,2,3,B,2025-2026,7.1,70.33,28.88,19.68,14.53,42.89,74.22,73,52,71.23,4.12,83.63,3.47,3,68.99,85.67,A+,Pass,Low
316,ME20250316,Yash Khosla,yash.khosla76@college.edu,+91-7971482353,Male,Mechanical Engineering,B.E. Mechanical Engineering,1,1,A,2025-2026,4.24,42.6,21.29,6.17,8.59,28.48,37.16,76,36,47.37,2.98,56.76,1.28,2,56.51,48.99,C,Pass,High
317,AIDS20250317,Vyanjana Swaminathan,vyanjana.swaminathan62@college.edu,+91-7304205279,Female,AI & Data Science,B.Tech. AI & Data Science,1,2,A,2025-2026,4.68,48.41,28.23,18.64,12.33,27.98,50.38,67,37,55.22,6.69,64.33,1.65,2,85.74,65.24,B+,Pass,High
318,ME20250318,Vanya Badal,vanya.badal18@college.edu,+91-8643774394,Female,Mechanical Engineering,B.E. Mechanical Engineering,1,1,B,2025-2026,8.12,82.76,32.04,19.35,12.45,38.38,54.4,84,70,83.33,6.67,91.03,2.83,4,90.38,74.56,A,Pass,Low
319,CE20240319,Charita Menon,charita.menon22@college.edu,+91-8890212621,Female,Civil Engineering,B.E. Civil Engineering,2,3,A,2024-2025,9.96,100.0,33.71,21.41,20.0,46.95,73.32,71,62,87.32,8.4,88.42,3.87,3,85.65,93.11,O,Pass,Low
320,ME20250320,Janya Ravel,janya.ravel12@college.edu,+91-7431494396,Female,Mechanical Engineering,B.E. Mechanical Engineering,2,4,C,2025-2026,9.27,91.59,36.62,25.0,20.0,50.0,71.92,64,54,84.38,7.73,74.2,4.04,4,77.05,96.87,O,Pass,Low
321,EEE20250321,Keya Mohan,keya.mohan32@college.edu,+91-8189567020,Female,Electrical & Electronics Engineering,B.E. Electrical & Electronics Engineering,4,8,B,2025-2026,4.97,48.55,20.8,9.82,9.09,15.88,35.44,80,48,60.0,3.76,43.93,0.76,0,41.22,43.36,C,Pass,Medium
322,EEE20250322,Qarin Solanki,qarin.solanki78@college.edu,+91-9188382776,Male,Electrical & Electronics Engineering,B.E. Electrical & Electronics Engineering,3,5,C,2025-2026,9.75,93.23,38.48,22.68,18.4,37.48,62.92,66,56,84.85,6.51,100.0,2.58,3,80.95,85.61,A+,Pass,Low
323,IT20250323,Orinder Sandal,orinder.sandal64@college.edu,+91-9740542751,Male,Information Technology,B.E. Information Technology,1,1,B,2025-2026,8.44,79.58,26.84,18.29,14.34,42.9,50.11,79,46,58.23,6.37,88.2,2.72,0,60.99,72.74,A,Pass,Medium
324,AIDS20250324,Oni Pandey,oni.pandey73@college.edu,+91-8807595119,Female,AI & Data Science,B.Tech. AI & Data Science,3,6,A,2025-2026,7.86,81.36,28.83,16.92,16.44,14.47,62.53,71,45,63.38,6.8,64.95,3.01,3,70.98,65.82,B+,Pass,Low
325,CSE20240325,Utkarsh Madan,utkarsh.madan28@college.edu,+91-7171055058,Male,Computer Science Engineering,B.E. Computer Science Engineering,4,7,A,2024-2025,6.57,63.22,20.7,12.06,9.01,11.21,29.06,89,46,51.69,1.82,46.3,1.85,0,44.02,38.84,F,Fail,High
326,CE20250326,Michael Krishnamurthy,michael.krishnamurthy52@college.edu,+91-7354024760,Male,Civil Engineering,B.E. Civil Engineering,4,8,C,2025-2026,7.31,70.98,30.91,18.22,12.84,38.81,58.19,80,69,86.25,4.9,64.97,2.54,3,90.03,75.73,A,Pass,Low
327,EEE20250327,Jack Dara,jack.dara27@college.edu,+91-7667339697,Male,Electrical & Electronics Engineering,B.E. Electrical & Electronics Engineering,2,4,A,2025-2026,4.81,46.87,13.65,14.54,4.33,25.77,33.66,77,25,32.47,3.84,37.29,0.66,1,67.99,43.4,C,Pass,High
328,EEE20250328,Inaya Mutti,inaya.mutti31@college.edu,+91-7248704157,Female,Electrical & Electronics Engineering,B.E. Electrical & Electronics Engineering,1,2,C,2025-2026,6.08,58.37,22.3,11.18,13.19,24.37,30.2,67,27,40.3,4.6,41.01,2.12,0,60.26,48.5,C,Pass,High
329,ECE20240329,Darpan Wason,darpan.wason95@college.edu,+91-9826313349,Male,Electronics & Communication Engineering,B.E. Electronics & Communication Engineering,1,2,C,2024-2025,8.22,80.25,32.08,17.55,7.11,26.65,49.28,83,66,79.52,5.36,61.61,2.4,1,32.18,62.93,B+,Pass,Low
330,AIDS20250330,Hiral Handa,hiral.handa67@college.edu,+91-9221455181,Female,AI & Data Science,B.Tech. AI & Data Science,2,3,A,2025-2026,4.86,49.7,14.61,10.8,8.54,17.17,44.74,85,26,30.59,1.83,20.47,1.0,3,18.72,45.35,C,Pass,High
331,IT20250331,Janaki Sule,janaki.sule16@college.edu,+91-7126084156,Female,Information Technology,B.E. Information Technology,2,4,A,2025-2026,5.29,48.69,29.69,17.4,9.68,31.29,50.42,70,43,61.43,3.66,40.66,2.13,4,59.14,65.82,B+,Pass,Medium
332,IT20240332,Lakshit Vohra,lakshit.vohra66@college.edu,+91-8546720356,Male,Information Technology,B.E. Information Technology,1,2,C,2024-2025,7.97,78.85,22.97,15.99,12.74,27.65,31.99,61,29,47.54,5.27,36.59,3.21,2,69.46,53.01,B,Pass,Medium
333,EEE20250333,Megha Chaudhry,megha.chaudhry74@college.edu,+91-9895325210,Female,Electrical & Electronics Engineering,B.E. Electrical & Electronics Engineering,2,4,A,2025-2026,8.81,83.84,32.1,22.59,18.63,45.24,60.63,83,64,77.11,6.39,95.36,1.31,1,98.56,85.32,A+,Pass,Low
334,ME20240334,Gunbir Minhas,gunbir.minhas47@college.edu,+91-8644884312,Male,Mechanical Engineering,B.E. Mechanical Engineering,1,1,A,2024-2025,5.98,59.49,22.89,15.64,13.39,27.87,40.28,89,42,47.19,6.37,61.75,1.9,1,60.87,57.13,B,Pass,Medium
335,CE20250335,Ishaan Patel,ishaan.patel93@college.edu,+91-8374110948,Male,Civil Engineering,B.E. Civil Engineering,1,2,A,2025-2026,8.08,78.92,29.49,21.01,20.0,41.7,67.94,68,58,85.29,4.59,80.08,3.56,4,77.51,85.7,A+,Pass,Low
336,EEE20240336,Gaurav Mittal,gaurav.mittal67@college.edu,+91-7197261797,Male,Electrical & Electronics Engineering,B.E. Electrical & Electronics Engineering,3,5,C,2024-2025,6.66,63.84,34.61,10.4,17.11,37.97,63.98,90,49,54.44,3.7,90.95,2.25,2,76.17,78.86,A,Pass,Medium
337,ECE20240337,Advika Walla,advika.walla2@college.edu,+91-8584496586,Female,Electronics & Communication Engineering,B.E. Electronics & Communication Engineering,3,6,B,2024-2025,6.33,66.48,24.18,16.91,11.65,43.23,48.63,66,47,71.21,4.84,43.33,0.0,2,62.94,68.99,B+,Pass,Medium
338,CE20250338,Edhitha Mahal,edhitha.mahal64@college.edu,+91-7839332926,Female,Civil Engineering,B.E. Civil Engineering,3,5,B,2025-2026,5.21,52.04,22.74,9.58,13.03,39.13,34.3,83,33,39.76,6.27,37.58,1.95,4,38.96,57.29,B,Pass,High
339,CE20250339,Arin Bhagat,arin.bhagat70@college.edu,+91-8487878460,Male,Civil Engineering,B.E. Civil Engineering,2,3,A,2025-2026,6.53,60.75,30.53,13.91,16.53,38.64,50.51,80,59,73.75,5.98,67.2,1.98,4,82.24,71.99,A,Pass,Low
340,AIDS20250340,Mugdha Date,mugdha.date94@college.edu,+91-8320748157,Female,AI & Data Science,B.Tech. AI & Data Science,3,5,C,2025-2026,8.67,82.5,33.21,24.22,14.65,41.1,53.29,63,51,80.95,7.32,85.82,3.22,1,67.92,79.04,A,Pass,Low
341,CSE20240341,Xalak Chauhan,xalak.chauhan12@college.edu,+91-7188550198,Female,Computer Science Engineering,B.E. Computer Science Engineering,4,8,A,2024-2025,4.84,48.23,18.33,13.18,9.49,31.1,45.51,89,43,48.31,3.78,54.43,2.54,0,44.92,55.97,B,Pass,High
342,CE20240342,Abha Mane,abha.mane65@college.edu,+91-7573437604,Female,Civil Engineering,B.E. Civil Engineering,4,8,B,2024-2025,8.2,83.66,38.05,15.65,18.57,43.74,42.34,80,75,93.75,3.64,75.4,4.26,4,82.86,76.2,A,Pass,Low
343,AIDS20240343,Wahab Srinivas,wahab.srinivas34@college.edu,+91-8352952965,Male,AI & Data Science,B.Tech. AI & Data Science,1,2,C,2024-2025,5.42,52.99,23.57,18.81,10.19,24.82,49.93,89,54,60.67,4.35,48.43,2.71,4,35.83,60.12,B+,Pass,High
344,ME20250344,Thomas Oak,thomas.oak26@college.edu,+91-7584595923,Male,Mechanical Engineering,B.E. Mechanical Engineering,3,6,B,2025-2026,7.02,76.4,28.22,19.5,14.42,28.49,47.81,84,36,42.86,6.37,72.75,2.05,4,75.85,65.68,B+,Pass,Medium
345,AIDS20250345,George Behl,george.behl53@college.edu,+91-7518560332,Male,AI & Data Science,B.Tech. AI & Data Science,2,3,A,2025-2026,4.39,42.25,18.81,9.7,7.69,26.92,33.31,77,23,29.87,3.3,50.81,3.24,1,43.67,46.13,C,Pass,High
346,CE20250346,Jonathan Sridhar,jonathan.sridhar16@college.edu,+91-7388354759,Male,Civil Engineering,B.E. Civil Engineering,2,4,B,2025-2026,5.38,55.4,22.16,19.12,14.92,33.78,52.23,65,43,66.15,5.8,78.83,3.7,4,64.88,67.45,B+,Pass,Low
347,IT20240347,Dakshesh Bhattacharyya,dakshesh.bhattacharyya32@college.edu,+91-8527903519,Male,Information Technology,B.E. Information Technology,1,1,B,2024-2025,6.33,61.38,15.56,11.58,9.06,31.68,49.38,72,35,48.61,4.39,68.14,1.59,3,57.24,55.83,B,Pass,Medium
348,ME20240348,Suhani Swamy,suhani.swamy58@college.edu,+91-9387803202,Female,Mechanical Engineering,B.E. Mechanical Engineering,3,6,A,2024-2025,7.47,73.72,33.67,20.57,17.98,44.77,49.38,83,83,100.0,4.61,86.79,5.52,3,81.42,79.48,A,Pass,Low
349,AIDS20240349,Balhaar Bera,balhaar.bera29@college.edu,+91-7561417687,Male,AI & Data Science,B.Tech. AI & Data Science,4,7,A,2024-2025,6.08,58.06,26.17,13.9,11.8,26.63,62.44,66,31,46.97,4.19,71.8,1.86,4,37.92,67.0,B+,Pass,Medium
350,IT20240350,Forum Dixit,forum.dixit26@college.edu,+91-9774492599,Female,Information Technology,B.E. Information Technology,1,2,A,2024-2025,2.48,23.0,15.39,3.57,7.63,16.3,38.78,74,24,32.43,0.5,25.35,0.0,3,28.14,39.19,F,Fail,High
351,AIDS20250351,Max Chada,max.chada74@college.edu,+91-8860392455,Male,AI & Data Science,B.Tech. AI & Data Science,3,5,A,2025-2026,8.46,90.17,32.77,21.17,18.02,50.0,40.18,86,67,77.91,6.48,79.23,2.5,3,60.94,77.61,A,Pass,Low
352,ECE20250352,Jeet Dani,jeet.dani28@college.edu,+91-7803807914,Male,Electronics & Communication Engineering,B.E. Electronics & Communication Engineering,1,2,C,2025-2026,4.58,46.79,21.6,10.84,15.1,16.49,39.62,68,39,57.35,2.95,50.93,1.19,0,51.64,49.42,C,Pass,High
353,CSE20250353,Sathvik Kara,sathvik.kara71@college.edu,+91-9057422183,Male,Computer Science Engineering,B.E. Computer Science Engineering,1,1,C,2025-2026,6.19,60.0,26.82,17.06,17.16,19.59,35.48,61,48,78.69,3.45,41.1,2.52,0,61.53,55.17,B,Pass,Medium
354,ECE20240354,Yutika Rai,yutika.rai70@college.edu,+91-7083880626,Female,Electronics & Communication Engineering,B.E. Electronics & Communication Engineering,2,4,A,2024-2025,7.57,81.35,22.92,18.38,10.33,41.98,41.55,72,43,59.72,4.7,74.6,0.89,4,65.22,64.36,B+,Pass,Medium
355,IT20250355,Umang Savant,umang.savant24@college.edu,+91-7111939600,Male,Information Technology,B.E. Information Technology,4,8,B,2025-2026,3.91,35.38,16.04,13.28,6.9,16.7,48.0,70,25,35.71,3.59,45.51,2.08,2,38.42,47.53,C,Pass,High
356,AIDS20250356,Neha Sanghvi,neha.sanghvi30@college.edu,+91-7685583357,Female,AI & Data Science,B.Tech. AI & Data Science,3,5,B,2025-2026,5.51,52.02,19.64,7.49,11.96,24.01,27.77,63,26,41.27,4.69,45.41,0.64,0,37.69,43.76,C,Pass,High
357,CSE20250357,Michael Bhasin,michael.bhasin23@college.edu,+91-7756345332,Male,Computer Science Engineering,B.E. Computer Science Engineering,3,5,A,2025-2026,5.49,57.95,19.57,13.3,7.59,12.35,41.35,67,20,29.85,4.41,71.47,1.99,3,26.62,44.37,C,Pass,Medium
358,CE20250358,Chavvi Johal,chavvi.johal73@college.edu,+91-7610324690,Female,Civil Engineering,B.E. Civil Engineering,3,5,C,2025-2026,4.14,41.64,18.09,15.93,8.18,14.28,31.47,78,23,29.49,3.99,32.42,1.03,4,38.35,41.33,C,Pass,High
359,CE20250359,Hitesh Lalla,hitesh.lalla8@college.edu,+91-7999109703,Male,Civil Engineering,B.E. Civil Engineering,4,8,A,2025-2026,6.79,68.68,23.92,24.92,13.67,27.04,58.68,79,44,55.7,5.66,67.13,1.78,1,56.7,69.66,B+,Pass,Medium
360,EEE20240360,Chaitaly Dugar,chaitaly.dugar44@college.edu,+91-7762184337,Female,Electrical & Electronics Engineering,B.E. Electrical & Electronics Engineering,4,7,B,2024-2025,5.92,58.58,20.4,10.29,8.47,28.06,47.18,89,48,53.93,5.9,56.17,2.98,4,63.6,54.6,B,Pass,Medium
361,CE20240361,Kashvi Ghose,kashvi.ghose19@college.edu,+91-7476400290,Female,Civil Engineering,B.E. Civil Engineering,3,5,A,2024-2025,7.78,78.57,31.8,25.0,18.91,43.24,64.84,87,82,94.25,4.55,97.95,2.39,3,56.91,87.23,A+,Pass,Low
362,IT20250362,Bishakha Dugar,bishakha.dugar44@college.edu,+91-8296071464,Female,Information Technology,B.E. Information Technology,1,2,C,2025-2026,5.65,55.33,24.66,16.45,10.31,19.62,32.88,70,36,51.43,4.18,35.42,2.28,0,50.52,49.21,C,Pass,High
363,CSE20250363,Aarav Rege,aarav.rege72@college.edu,+91-9978819212,Male,Computer Science Engineering,B.E. Computer Science Engineering,4,8,C,2025-2026,8.84,89.87,37.93,19.01,19.29,33.71,71.86,88,88,100.0,5.2,93.03,2.34,5,82.1,86.61,A+,Pass,Low
364,CE20240364,Umang Singhal,umang.singhal94@college.edu,+91-9957078297,Male,Civil Engineering,B.E. Civil Engineering,3,5,C,2024-2025,6.61,64.35,23.19,19.96,13.45,30.0,49.97,69,33,47.83,5.37,48.86,1.08,1,53.38,64.62,B+,Pass,Medium
365,ME20240365,Madhav Bali,madhav.bali41@college.edu,+91-9625862062,Male,Mechanical Engineering,B.E. Mechanical Engineering,1,2,C,2024-2025,4.06,40.25,10.51,9.08,7.22,23.92,51.34,67,25,37.31,3.48,38.99,1.32,2,32.17,48.41,C,Pass,High
366,AIDS20240366,Jack Mani,jack.mani41@college.edu,+91-7721070971,Male,AI & Data Science,B.Tech. AI & Data Science,4,7,B,2024-2025,8.06,82.83,40.0,23.5,10.66,42.22,68.9,80,75,93.75,5.9,100.0,2.83,4,81.12,87.99,A+,Pass,Low
367,AIDS20250367,Lohit Setty,lohit.setty89@college.edu,+91-7291176364,Male,AI & Data Science,B.Tech. AI & Data Science,3,6,A,2025-2026,6.55,68.46,34.15,17.08,15.63,43.13,63.62,71,60,84.51,8.35,80.46,2.89,2,91.25,82.98,A+,Pass,Low
368,AIDS20250368,Bimala Kaur,bimala.kaur22@college.edu,+91-8778198758,Female,AI & Data Science,B.Tech. AI & Data Science,1,1,B,2025-2026,7.03,71.86,33.35,22.8,13.73,36.17,55.35,75,57,76.0,4.53,90.37,1.91,4,86.07,76.57,A,Pass,Low
369,IT20240369,Kevin Hora,kevin.hora10@college.edu,+91-7143506818,Male,Information Technology,B.E. Information Technology,4,7,B,2024-2025,5.13,47.45,21.32,13.69,10.51,29.49,37.76,69,29,42.03,3.65,45.12,2.5,0,47.27,53.76,B,Pass,High
370,IT20240370,Unnati Contractor,unnati.contractor21@college.edu,+91-7322132937,Female,Information Technology,B.E. Information Technology,1,1,B,2024-2025,6.21,62.81,24.66,10.61,9.3,34.18,41.12,77,43,55.84,5.24,58.1,2.92,5,54.98,57.5,B,Pass,Medium
371,AIDS20240371,Isaiah Dixit,isaiah.dixit84@college.edu,+91-7708657549,Male,AI & Data Science,B.Tech. AI & Data Science,3,6,C,2024-2025,6.63,61.73,23.2,19.23,16.76,23.68,55.07,79,43,54.43,5.82,66.06,1.4,4,57.73,65.22,B+,Pass,Medium
372,CSE20240372,Lila Dhar,lila.dhar53@college.edu,+91-9994437044,Female,Computer Science Engineering,B.E. Computer Science Engineering,1,1,B,2024-2025,5.7,59.53,11.85,12.24,13.9,38.86,36.3,77,29,37.66,3.89,48.11,0.0,2,62.04,54.14,B,Pass,High
373,ME20240373,Balendra Bhasin,balendra.bhasin51@college.edu,+91-9455732633,Male,Mechanical Engineering,B.E. Mechanical Engineering,3,6,B,2024-2025,5.83,56.1,21.54,9.32,11.61,16.99,50.48,77,46,59.74,3.65,50.55,2.68,4,36.61,52.35,B,Pass,High
374,CSE20250374,Fitan Mohanty,fitan.mohanty85@college.edu,+91-9684745185,Male,Computer Science Engineering,B.E. Computer Science Engineering,1,2,A,2025-2026,8.57,79.94,31.29,22.2,12.94,36.55,65.62,79,55,69.62,8.18,63.08,2.0,2,88.3,79.89,A,Pass,Low
375,AIDS20250375,Mitali Sarna,mitali.sarna61@college.edu,+91-7496107065,Female,AI & Data Science,B.Tech. AI & Data Science,1,1,A,2025-2026,7.7,79.92,27.45,13.63,17.39,27.79,41.68,69,55,79.71,3.67,61.14,1.7,4,69.74,61.22,B+,Pass,Low
376,ECE20250376,David Sidhu,david.sidhu49@college.edu,+91-8586568081,Male,Electronics & Communication Engineering,B.E. Electronics & Communication Engineering,4,8,A,2025-2026,6.98,66.12,27.52,18.96,20.0,38.8,53.51,65,42,64.62,5.62,88.93,1.83,2,68.5,75.72,A,Pass,Low
377,IT20240377,Nidra Rau,nidra.rau73@college.edu,+91-7264739091,Female,Information Technology,B.E. Information Technology,4,8,B,2024-2025,3.8,39.19,19.04,15.29,7.78,25.38,32.41,64,27,42.19,4.03,41.54,1.69,3,15.86,47.35,C,Pass,High
378,ME20250378,Madhavi Tella,madhavi.tella53@college.edu,+91-9532855799,Female,Mechanical Engineering,B.E. Mechanical Engineering,1,1,C,2025-2026,4.58,43.96,20.24,21.39,11.48,24.73,23.55,67,39,58.21,4.76,32.84,2.8,2,42.97,47.77,C,Pass,High
379,CE20250379,Xiti Sarma,xiti.sarma31@college.edu,+91-9045530940,Female,Civil Engineering,B.E. Civil Engineering,4,8,C,2025-2026,8.37,82.75,36.62,25.0,20.0,46.77,61.33,69,68,98.55,6.52,93.65,2.87,0,87.74,90.31,O,Pass,Low
380,CE20250380,Banjeet Baral,banjeet.baral22@college.edu,+91-7910061300,Male,Civil Engineering,B.E. Civil Engineering,1,1,A,2025-2026,4.56,48.36,23.54,10.31,7.59,18.29,43.33,85,30,35.29,3.72,45.88,1.97,0,56.37,49.06,C,Pass,High
381,AIDS20250381,Tarak Naidu,tarak.naidu81@college.edu,+91-7635132230,Male,AI & Data Science,B.Tech. AI & Data Science,4,7,C,2025-2026,8.62,87.55,28.16,13.79,17.24,42.25,37.21,86,71,82.56,4.49,62.7,2.52,3,64.34,66.71,B+,Pass,Low
382,IT20250382,Ladli Bal,ladli.bal36@college.edu,+91-9232043732,Female,Information Technology,B.E. Information Technology,1,1,B,2025-2026,6.03,59.71,26.33,20.61,13.74,42.19,51.78,74,42,56.76,5.93,78.98,3.17,5,93.86,73.54,A,Pass,Medium
383,AIDS20240383,Chakradev Karnik,chakradev.karnik76@college.edu,+91-9502579013,Male,AI & Data Science,B.Tech. AI & Data Science,4,7,B,2024-2025,4.68,48.7,24.2,15.61,14.18,27.8,47.01,84,51,60.71,6.06,43.6,1.88,5,52.92,61.27,B+,Pass,Medium
384,AIDS20250384,Aishani Luthra,aishani.luthra34@college.edu,+91-8645159179,Female,AI & Data Science,B.Tech. AI & Data Science,1,1,B,2025-2026,8.66,86.15,29.59,25.0,13.02,31.28,64.05,80,66,82.5,6.21,77.41,4.08,2,64.18,76.83,A,Pass,Low
385,EEE20250385,Anmol Gill,anmol.gill80@college.edu,+91-9614154439,Male,Electrical & Electronics Engineering,B.E. Electrical & Electronics Engineering,4,7,A,2025-2026,3.42,29.68,19.22,5.66,7.36,22.82,36.83,81,46,56.79,2.87,49.06,2.85,2,64.54,44.15,C,Pass,High
386,AIDS20240386,Wahab Venkataraman,wahab.venkataraman61@college.edu,+91-8153561013,Male,AI & Data Science,B.Tech. AI & Data Science,4,8,C,2024-2025,6.35,63.01,23.95,16.98,14.33,38.87,63.97,88,66,75.0,5.42,79.15,2.73,2,92.55,75.22,A,Pass,Low
387,IT20250387,Vaishnavi Mall,vaishnavi.mall88@college.edu,+91-7421840452,Female,Information Technology,B.E. Information Technology,3,6,B,2025-2026,7.19,71.84,27.65,10.72,12.83,24.98,42.13,87,47,54.02,3.46,66.31,2.37,1,41.88,56.67,B,Pass,Medium
388,IT20250388,Hemangini Sarin,hemangini.sarin12@college.edu,+91-7807177651,Female,Information Technology,B.E. Information Technology,4,8,B,2025-2026,6.99,68.6,24.77,13.28,17.99,36.65,48.5,74,56,75.68,5.16,51.19,2.91,1,71.47,67.65,B+,Pass,Low
389,CE20250389,Xalak Chand,xalak.chand66@college.edu,+91-7682781467,Female,Civil Engineering,B.E. Civil Engineering,4,8,C,2025-2026,6.47,66.22,20.38,12.37,13.36,30.39,37.72,62,46,74.19,6.11,52.69,1.74,2,25.12,54.62,B,Pass,Medium
390,EEE20240390,Wahab Pall,wahab.pall26@college.edu,+91-7247508299,Male,Electrical & Electronics Engineering,B.E. Electrical & Electronics Engineering,4,7,C,2024-2025,7.71,72.98,33.03,18.96,18.64,31.91,51.99,67,60,89.55,4.98,73.24,2.66,0,50.44,73.64,A,Pass,Low
391,AIDS20250391,Tara Nath,tara.nath65@college.edu,+91-8704854104,Female,AI & Data Science,B.Tech. AI & Data Science,3,5,B,2025-2026,6.21,62.47,20.72,13.57,13.43,25.87,45.35,80,38,47.5,4.34,64.14,1.31,5,66.95,56.6,B,Pass,Medium
392,ME20250392,Oeshi Cheema,oeshi.cheema23@college.edu,+91-9038315396,Female,Mechanical Engineering,B.E. Mechanical Engineering,1,1,B,2025-2026,4.05,43.57,16.09,12.92,15.88,20.83,23.27,78,28,35.9,3.34,41.79,0.0,2,25.91,42.43,C,Pass,High
393,IT20240393,Faris Narayan,faris.narayan50@college.edu,+91-7213249628,Male,Information Technology,B.E. Information Technology,2,4,C,2024-2025,6.47,66.71,30.78,12.49,14.05,23.63,56.31,65,40,61.54,5.59,67.68,2.14,4,50.91,65.5,B+,Pass,Medium
394,CE20240394,Tripti Tandon,tripti.tandon35@college.edu,+91-9798546298,Female,Civil Engineering,B.E. Civil Engineering,2,3,C,2024-2025,6.75,63.84,29.29,25.0,16.38,22.76,60.32,73,68,93.15,6.79,68.4,2.62,3,74.87,72.36,A,Pass,Low
395,CE20240395,Mitali Rattan,mitali.rattan2@college.edu,+91-7961084962,Female,Civil Engineering,B.E. Civil Engineering,1,2,A,2024-2025,6.41,66.55,31.21,19.4,18.91,42.84,47.06,68,51,75.0,4.98,70.36,2.71,3,58.84,76.2,A,Pass,Low
396,IT20250396,Andrew Sha,andrew.sha28@college.edu,+91-9004452735,Male,Information Technology,B.E. Information Technology,3,6,B,2025-2026,7.78,78.61,19.34,15.24,12.8,28.03,51.93,69,28,40.58,4.17,56.56,1.9,3,36.15,60.42,B+,Pass,Medium
397,CE20250397,Chanchal Murty,chanchal.murty77@college.edu,+91-9615850281,Female,Civil Engineering,B.E. Civil Engineering,4,7,A,2025-2026,8.01,83.43,34.41,23.66,20.0,40.55,63.1,69,67,97.1,5.77,95.48,2.91,2,96.12,86.4,A+,Pass,Low
398,AIDS20250398,Lajita Naik,lajita.naik36@college.edu,+91-8121617417,Female,AI & Data Science,B.Tech. AI & Data Science,4,7,B,2025-2026,7.36,80.02,21.52,17.03,14.92,33.46,39.88,80,57,71.25,6.58,61.77,1.79,3,68.91,60.37,B+,Pass,Low
399,ME20240399,Devika Raval,devika.raval77@college.edu,+91-8735589535,Female,Mechanical Engineering,B.E. Mechanical Engineering,3,5,A,2024-2025,7.35,74.31,26.56,16.0,8.83,45.4,41.74,81,48,59.26,7.07,63.37,1.18,2,83.36,66.28,B+,Pass,Medium
400,CSE20250400,Yasti Agarwal,yasti.agarwal52@college.edu,+91-8667628074,Female,Computer Science Engineering,B.E. Computer Science Engineering,1,2,B,2025-2026,7.95,77.11,40.0,21.98,15.64,44.86,75.0,83,59,71.08,6.11,84.75,3.7,0,60.12,94.04,O,Pass,Low
401,ME20240401,Vedhika Sachdev,vedhika.sachdev82@college.edu,+91-9043267129,Female,Mechanical Engineering,B.E. Mechanical Engineering,2,4,C,2024-2025,3.97,40.32,15.38,12.33,3.85,25.31,31.88,89,41,46.07,2.77,22.9,2.08,4,61.6,42.08,C,Pass,High
402,IT20240402,Avi Guha,avi.guha61@college.edu,+91-7549515893,Male,Information Technology,B.E. Information Technology,3,5,C,2024-2025,6.27,61.46,33.05,17.77,9.92,38.47,49.38,83,43,51.81,6.9,52.56,1.83,2,48.12,70.87,A,Pass,Medium
403,CE20240403,Pratyush Tara,pratyush.tara29@college.edu,+91-8318921193,Male,Civil Engineering,B.E. Civil Engineering,2,4,C,2024-2025,7.15,76.98,30.13,8.5,10.98,27.22,39.02,73,57,78.08,4.55,63.23,3.01,4,51.54,55.77,B,Pass,Low
404,IT20250404,Timothy Behl,timothy.behl16@college.edu,+91-9020939193,Male,Information Technology,B.E. Information Technology,3,6,C,2025-2026,7.5,76.14,29.0,18.52,16.28,42.24,55.77,61,51,83.61,6.49,73.73,2.06,4,62.98,77.19,A,Pass,Low
405,EEE20240405,Ishani Loke,ishani.loke49@college.edu,+91-9275639056,Female,Electrical & Electronics Engineering,B.E. Electrical & Electronics Engineering,1,2,A,2024-2025,5.52,53.15,28.38,18.57,8.58,25.22,55.0,69,37,53.62,4.26,62.78,2.69,2,44.26,64.18,B+,Pass,Medium
406,CE20250406,Dominic Mani,dominic.mani73@college.edu,+91-8965254350,Male,Civil Engineering,B.E. Civil Engineering,2,3,A,2025-2026,8.0,78.78,33.82,14.51,17.62,45.92,57.85,64,59,92.19,5.47,87.98,4.05,2,91.44,81.48,A+,Pass,Low
407,ME20250407,Urvashi Sundaram,urvashi.sundaram23@college.edu,+91-8346103176,Female,Mechanical Engineering,B.E. Mechanical Engineering,2,3,B,2025-2026,7.58,68.31,35.31,15.17,14.57,30.87,56.98,80,66,82.5,4.34,67.39,1.82,0,88.85,73.03,A,Pass,Low
408,ECE20240408,Darsh Balakrishnan,darsh.balakrishnan98@college.edu,+91-7378134712,Male,Electronics & Communication Engineering,B.E. Electronics & Communication Engineering,3,5,A,2024-2025,7.53,84.13,20.87,12.43,13.62,27.32,44.31,64,32,50.0,4.55,49.71,1.32,3,51.67,56.55,B,Pass,Medium
409,ME20250409,Jagdish Dutt,jagdish.dutt5@college.edu,+91-9292578829,Male,Mechanical Engineering,B.E. Mechanical Engineering,4,8,B,2025-2026,7.04,63.2,32.41,24.48,9.11,40.45,73.29,66,51,77.27,7.86,72.4,3.35,3,66.16,84.98,A+,Pass,Low
410,AIDS20240410,Nimrat Atwal,nimrat.atwal32@college.edu,+91-7971803809,Female,AI & Data Science,B.Tech. AI & Data Science,3,5,A,2024-2025,6.63,59.67,23.98,18.95,12.13,30.79,43.74,82,39,47.56,5.41,65.0,2.47,4,65.47,61.44,B+,Pass,Medium
411,IT20250411,Samar Chander,samar.chander6@college.edu,+91-8280768911,Male,Information Technology,B.E. Information Technology,2,3,B,2025-2026,7.16,73.62,34.48,22.38,13.15,42.04,44.06,90,59,65.56,6.32,62.7,2.47,2,83.47,74.34,A,Pass,Low
412,ME20240412,Isaiah Comar,isaiah.comar63@college.edu,+91-8542970785,Male,Mechanical Engineering,B.E. Mechanical Engineering,3,6,C,2024-2025,7.52,72.45,21.87,14.63,15.54,25.12,42.9,84,63,75.0,4.28,82.09,1.78,1,64.55,57.14,B,Pass,Low
413,CE20240413,Vedhika Dalal,vedhika.dalal17@college.edu,+91-7907055132,Female,Civil Engineering,B.E. Civil Engineering,4,7,A,2024-2025,6.96,71.22,29.87,15.27,10.42,35.06,54.39,83,57,68.67,3.74,72.87,2.63,0,65.21,69.16,B+,Pass,Low
414,EEE20240414,Faraj Tara,faraj.tara82@college.edu,+91-8098606132,Male,Electrical & Electronics Engineering,B.E. Electrical & Electronics Engineering,2,3,B,2024-2025,8.68,84.86,35.78,25.0,13.87,34.27,54.33,84,83,98.81,4.91,100.0,3.32,3,76.9,77.31,A,Pass,Low
415,AIDS20240415,Madhav Upadhyay,madhav.upadhyay15@college.edu,+91-8790037430,Male,AI & Data Science,B.Tech. AI & Data Science,1,1,C,2024-2025,8.98,88.9,33.73,24.18,20.0,36.05,56.0,74,67,90.54,5.1,99.82,4.59,2,80.95,80.69,A+,Pass,Low
416,EEE20240416,Laban Sagar,laban.sagar88@college.edu,+91-9707166618,Male,Electrical & Electronics Engineering,B.E. Electrical & Electronics Engineering,3,6,C,2024-2025,7.5,70.97,26.8,14.62,12.73,34.19,43.01,60,44,73.33,4.19,63.03,1.23,2,66.5,62.78,B+,Pass,Low
417,ME20240417,Wyatt Sodhi,wyatt.sodhi14@college.edu,+91-9197239905,Male,Mechanical Engineering,B.E. Mechanical Engineering,1,2,C,2024-2025,4.24,52.99,15.82,5.48,10.49,20.88,35.63,83,35,42.17,2.1,28.82,0.9,2,22.45,42.41,C,Pass,High
418,IT20240418,Keya Shan,keya.shan34@college.edu,+91-9246895401,Female,Information Technology,B.E. Information Technology,1,1,B,2024-2025,6.11,58.54,17.22,10.65,18.61,38.35,42.03,66,23,34.85,5.85,46.73,3.05,2,66.02,60.96,B+,Pass,High
419,ECE20250419,Eta Rajagopal,eta.rajagopal89@college.edu,+91-9064435929,Female,Electronics & Communication Engineering,B.E. Electronics & Communication Engineering,3,5,A,2025-2026,8.16,79.49,21.86,18.13,13.03,30.79,53.45,70,37,52.86,4.95,52.53,2.41,1,49.41,65.04,B+,Pass,Medium
420,AIDS20250420,Girish Trivedi,girish.trivedi12@college.edu,+91-9197757742,Male,AI & Data Science,B.Tech. AI & Data Science,1,1,C,2025-2026,7.38,72.47,35.59,18.87,17.99,30.86,66.79,62,57,91.94,7.04,60.38,3.81,3,53.11,80.94,A+,Pass,Low
421,AIDS20250421,Ekansh Boase,ekansh.boase7@college.edu,+91-7428676004,Male,AI & Data Science,B.Tech. AI & Data Science,3,5,B,2025-2026,6.3,68.47,34.38,22.59,14.98,40.22,59.48,86,71,82.56,7.4,83.27,3.43,1,73.4,81.59,A+,Pass,Low
422,AIDS20250422,Lakshit Sachdeva,lakshit.sachdeva15@college.edu,+91-7408015311,Male,AI & Data Science,B.Tech. AI & Data Science,3,6,C,2025-2026,9.14,97.16,29.99,19.67,20.0,43.82,61.16,87,87,100.0,7.03,98.21,4.3,4,100.0,83.31,A+,Pass,Low
423,AIDS20240423,Onkar Tripathi,onkar.tripathi57@college.edu,+91-9670640892,Male,AI & Data Science,B.Tech. AI & Data Science,1,1,C,2024-2025,6.32,62.98,32.75,16.93,14.68,38.59,60.06,68,53,77.94,6.21,76.81,2.03,4,60.71,77.81,A,Pass,Low
424,AIDS20240424,Kiaan Agate,kiaan.agate59@college.edu,+91-8167514229,Male,AI & Data Science,B.Tech. AI & Data Science,3,6,A,2024-2025,5.48,56.94,28.66,20.41,16.3,33.04,55.22,86,67,77.91,6.29,73.39,3.49,2,62.32,72.94,A,Pass,Low
425,CE20240425,Lohit Misra,lohit.misra90@college.edu,+91-7251884343,Male,Civil Engineering,B.E. Civil Engineering,4,8,C,2024-2025,9.34,88.52,30.44,22.87,13.37,39.17,66.25,90,77,85.56,7.7,89.04,3.42,4,67.63,81.55,A+,Pass,Low
426,AIDS20250426,Yash Dixit,yash.dixit49@college.edu,+91-8540170604,Male,AI & Data Science,B.Tech. AI & Data Science,4,8,C,2025-2026,7.01,65.44,18.03,17.41,10.17,29.93,44.31,79,32,40.51,3.82,69.09,2.05,0,65.68,56.71,B,Pass,Medium
427,ME20240427,Vansha Yohannan,vansha.yohannan57@college.edu,+91-7197449658,Female,Mechanical Engineering,B.E. Mechanical Engineering,2,4,B,2024-2025,7.93,80.3,35.95,20.39,12.62,37.06,55.88,62,38,61.29,5.5,77.15,4.48,2,82.62,77.05,A,Pass,Low
428,IT20250428,Wyatt Pai,wyatt.pai89@college.edu,+91-9655316364,Male,Information Technology,B.E. Information Technology,1,1,C,2025-2026,5.56,59.24,30.14,15.3,10.22,29.37,51.51,63,23,36.51,5.3,55.64,2.95,1,58.11,65.03,B+,Pass,Medium
429,ME20250429,Ojas Purohit,ojas.purohit72@college.edu,+91-9632445649,Male,Mechanical Engineering,B.E. Mechanical Engineering,2,4,B,2025-2026,7.09,65.26,32.51,13.45,20.0,35.97,46.97,61,48,78.69,4.71,85.98,1.47,0,81.37,71.54,A,Pass,Low
430,CSE20240430,Vasatika Nagy,vasatika.nagy42@college.edu,+91-8034622484,Female,Computer Science Engineering,B.E. Computer Science Engineering,4,8,A,2024-2025,7.82,72.44,24.34,20.73,12.6,44.96,48.44,70,36,51.43,6.05,64.55,2.94,5,87.41,71.85,A,Pass,Medium
431,AIDS20240431,Girindra Khare,girindra.khare57@college.edu,+91-9461166285,Male,AI & Data Science,B.Tech. AI & Data Science,2,4,B,2024-2025,4.89,48.72,23.74,14.41,13.57,30.35,41.79,74,31,41.89,4.6,64.88,2.44,0,73.39,59.1,B,Pass,High
432,ECE20250432,Sanaya Kaur,sanaya.kaur3@college.edu,+91-7440849718,Female,Electronics & Communication Engineering,B.E. Electronics & Communication Engineering,4,8,A,2025-2026,7.25,62.89,18.05,21.97,11.95,39.15,58.1,72,54,75.0,3.53,76.24,3.15,2,77.65,70.48,A,Pass,Low
433,EEE20250433,Tripti Bassi,tripti.bassi72@college.edu,+91-7888419332,Female,Electrical & Electronics Engineering,B.E. Electrical & Electronics Engineering,1,1,C,2025-2026,6.03,57.94,19.95,13.91,16.91,27.79,51.84,80,41,51.25,4.53,52.52,2.54,3,36.67,62.08,B+,Pass,High
434,IT20250434,Nathan Solanki,nathan.solanki99@college.edu,+91-9661840210,Male,Information Technology,B.E. Information Technology,3,5,A,2025-2026,4.27,46.27,12.99,10.49,10.09,9.0,50.38,79,28,35.44,2.23,39.63,1.26,1,46.75,43.74,C,Pass,High
435,ME20240435,Sai Raju,sai.raju29@college.edu,+91-7009435833,Female,Mechanical Engineering,B.E. Mechanical Engineering,3,6,A,2024-2025,7.44,73.67,39.68,23.22,14.19,50.0,64.11,70,55,78.57,6.47,93.9,3.55,2,76.72,91.14,O,Pass,Low
436,ME20240436,Faqid Tandon,faqid.tandon22@college.edu,+91-9114937010,Male,Mechanical Engineering,B.E. Mechanical Engineering,3,6,C,2024-2025,10.0,100.0,25.1,18.43,10.79,36.01,66.75,64,46,71.88,4.2,65.65,4.7,4,100.0,74.47,A,Pass,Low
437,ME20240437,Andrew Date,andrew.date51@college.edu,+91-7925949882,Male,Mechanical Engineering,B.E. Mechanical Engineering,4,7,B,2024-2025,8.01,81.29,27.25,18.77,14.3,33.97,50.27,74,60,81.08,6.1,70.83,2.25,4,61.36,68.73,B+,Pass,Low
438,CSE20240438,Yashasvi Narula,yashasvi.narula87@college.edu,+91-9528924461,Female,Computer Science Engineering,B.E. Computer Science Engineering,3,5,B,2024-2025,4.99,49.19,28.05,15.62,13.6,34.51,54.74,63,45,71.43,5.72,67.8,2.63,4,62.32,69.87,B+,Pass,Medium
439,ECE20240439,Chandresh Sarraf,chandresh.sarraf7@college.edu,+91-9376088968,Male,Electronics & Communication Engineering,B.E. Electronics & Communication Engineering,4,7,B,2024-2025,9.41,94.09,34.98,23.31,11.54,47.81,75.0,89,84,94.38,7.04,92.16,3.26,2,76.17,91.49,O,Pass,Low
440,EEE20240440,Daksha Vora,daksha.vora17@college.edu,+91-7444760892,Female,Electrical & Electronics Engineering,B.E. Electrical & Electronics Engineering,4,7,C,2024-2025,7.45,77.11,31.34,16.73,12.3,45.64,65.16,72,64,88.89,7.41,67.5,2.63,3,68.22,81.74,A+,Pass,Low
441,EEE20240441,Vedant Aurora,vedant.aurora44@college.edu,+91-8263465731,Male,Electrical & Electronics Engineering,B.E. Electrical & Electronics Engineering,3,6,B,2024-2025,6.84,64.27,22.95,12.71,10.45,34.89,43.11,74,48,64.86,4.92,51.69,3.06,4,75.62,59.35,B,Pass,Low
442,CSE20250442,Eshana Rout,eshana.rout71@college.edu,+91-9716924538,Female,Computer Science Engineering,B.E. Computer Science Engineering,4,8,C,2025-2026,8.9,90.43,40.0,21.3,20.0,34.98,48.64,66,56,84.85,5.45,80.25,2.35,1,67.49,78.71,A,Pass,Low
443,EEE20240443,Garima Borde,garima.borde84@college.edu,+91-7763699730,Female,Electrical & Electronics Engineering,B.E. Electrical & Electronics Engineering,3,6,C,2024-2025,5.04,52.52,35.59,18.37,13.32,30.94,45.07,76,45,59.21,6.19,61.62,1.14,3,81.14,68.3,B+,Pass,Medium
444,ME20250444,Vrinda Lanka,vrinda.lanka86@college.edu,+91-8793054056,Female,Mechanical Engineering,B.E. Mechanical Engineering,3,5,B,2025-2026,7.56,73.83,30.1,10.42,17.48,25.12,42.0,81,60,74.07,3.63,59.53,3.65,3,54.29,60.12,B+,Pass,Low
445,CE20240445,Omkaar Rao,omkaar.rao19@college.edu,+91-7227912437,Male,Civil Engineering,B.E. Civil Engineering,3,6,A,2024-2025,10.0,98.15,40.0,23.86,14.01,50.0,59.37,81,76,93.83,7.6,83.64,4.45,0,73.47,89.26,A+,Pass,Low
446,IT20250446,Banjeet Narasimhan,banjeet.narasimhan8@college.edu,+91-9966082283,Male,Information Technology,B.E. Information Technology,2,4,C,2025-2026,7.95,82.19,34.39,25.0,15.8,47.86,54.9,85,68,80.0,6.81,87.19,3.26,2,76.56,84.65,A+,Pass,Low
447,CE20240447,Sachi Nadig,sachi.nadig87@college.edu,+91-9413277601,Female,Civil Engineering,B.E. Civil Engineering,1,2,B,2024-2025,4.56,49.8,15.14,15.58,4.02,25.77,28.07,87,52,59.77,2.66,58.8,1.78,0,57.14,41.8,C,Pass,High
448,ME20250448,Widisha Banik,widisha.banik7@college.edu,+91-8638884924,Female,Mechanical Engineering,B.E. Mechanical Engineering,4,7,C,2025-2026,6.82,72.5,16.74,12.48,6.75,28.9,32.56,72,23,31.94,5.28,42.26,1.64,2,52.61,46.38,C,Pass,Medium
449,CE20250449,Bakhshi Keer,bakhshi.keer57@college.edu,+91-7968723414,Male,Civil Engineering,B.E. Civil Engineering,3,5,A,2025-2026,7.68,77.32,32.97,19.0,13.33,29.62,58.29,89,65,73.03,3.22,77.22,2.66,3,93.52,72.76,A,Pass,Low
450,ME20240450,Maanas Karan,maanas.karan23@college.edu,+91-9931997465,Male,Mechanical Engineering,B.E. Mechanical Engineering,3,5,C,2024-2025,5.76,54.87,20.31,12.12,8.99,12.7,32.91,62,26,41.94,5.22,40.05,1.33,0,56.01,41.21,C,Pass,High
451,CSE20250451,Chakradev Saraf,chakradev.saraf34@college.edu,+91-7558631501,Male,Computer Science Engineering,B.E. Computer Science Engineering,1,2,A,2025-2026,5.12,52.22,15.78,16.66,9.66,25.55,46.07,65,29,44.62,2.25,52.64,2.64,2,64.54,53.66,B,Pass,High
452,IT20240452,Chandran Chaudhry,chandran.chaudhry42@college.edu,+91-9563581525,Male,Information Technology,B.E. Information Technology,1,2,B,2024-2025,8.78,89.62,34.84,17.3,15.07,20.56,63.26,61,46,75.41,6.69,67.16,3.23,4,81.02,71.68,A,Pass,Low
453,ME20250453,Tristan Ganesan,tristan.ganesan91@college.edu,+91-8365194028,Male,Mechanical Engineering,B.E. Mechanical Engineering,3,6,C,2025-2026,5.02,49.68,17.03,11.22,10.88,32.86,53.4,76,37,48.68,4.23,39.58,2.79,1,56.26,59.79,B,Pass,High
454,CSE20250454,Mason Balakrishnan,mason.balakrishnan29@college.edu,+91-7916347640,Male,Computer Science Engineering,B.E. Computer Science Engineering,1,1,B,2025-2026,7.28,69.97,29.49,20.63,14.17,43.69,70.86,81,63,77.78,5.01,77.15,3.61,2,71.0,84.99,A+,Pass,Low
455,IT20250455,Aradhana Nair,aradhana.nair97@college.edu,+91-9788722772,Female,Information Technology,B.E. Information Technology,3,5,C,2025-2026,5.57,51.87,24.17,17.53,9.29,30.99,39.32,60,18,30.0,3.26,45.44,1.45,0,62.93,57.59,B,Pass,High
456,IT20240456,Baghyawati Memon,baghyawati.memon88@college.edu,+91-8378413965,Female,Information Technology,B.E. Information Technology,4,7,C,2024-2025,8.45,79.89,38.68,18.22,14.57,35.4,50.92,72,66,91.67,5.63,92.88,2.92,5,71.21,75.38,A,Pass,Low
457,AIDS20250457,Praneel Prasad,praneel.prasad67@college.edu,+91-8610432533,Male,AI & Data Science,B.Tech. AI & Data Science,4,8,C,2025-2026,6.61,66.26,19.78,14.58,12.24,34.12,52.61,76,61,80.26,4.96,60.18,2.32,4,71.78,63.45,B+,Pass,Low
458,ECE20240458,Tanveer Dhingra,tanveer.dhingra11@college.edu,+91-7412129737,Male,Electronics & Communication Engineering,B.E. Electronics & Communication Engineering,4,7,B,2024-2025,6.13,63.01,25.06,16.97,11.8,30.37,41.88,65,34,52.31,5.05,60.3,2.29,5,46.95,59.94,B,Pass,Medium
459,CE20240459,Krisha Wali,krisha.wali55@college.edu,+91-7446362270,Female,Civil Engineering,B.E. Civil Engineering,1,1,A,2024-2025,3.48,37.63,16.61,7.76,4.98,16.8,23.88,66,20,30.3,1.84,20.0,1.39,1,12.06,33.45,F,Fail,High
460,ME20240460,Samesh Gole,samesh.gole92@college.edu,+91-8424706705,Male,Mechanical Engineering,B.E. Mechanical Engineering,4,7,C,2024-2025,5.33,55.29,28.77,13.05,15.94,35.21,55.93,61,49,80.33,4.6,61.45,2.29,0,60.23,71.28,A,Pass,Low
461,AIDS20240461,Harinakshi Gill,harinakshi.gill30@college.edu,+91-8110884543,Female,AI & Data Science,B.Tech. AI & Data Science,2,4,C,2024-2025,8.26,84.75,25.52,20.53,15.18,36.66,48.14,73,52,71.23,7.26,63.64,3.98,2,65.86,69.36,B+,Pass,Low
462,ME20240462,Balveer Raja,balveer.raja16@college.edu,+91-9297096148,Male,Mechanical Engineering,B.E. Mechanical Engineering,4,8,B,2024-2025,9.34,97.32,27.85,21.42,9.68,36.99,54.19,60,44,73.33,4.71,61.27,1.24,3,59.28,71.12,A,Pass,Low
463,EEE20240463,Jai Tank,jai.tank65@college.edu,+91-7455848684,Male,Electrical & Electronics Engineering,B.E. Electrical & Electronics Engineering,1,1,C,2024-2025,9.14,89.7,36.72,21.04,12.39,32.39,60.87,69,51,73.91,6.18,81.69,3.69,4,84.94,77.57,A,Pass,Low
464,IT20250464,Ekbal Kata,ekbal.kata85@college.edu,+91-7132367258,Male,Information Technology,B.E. Information Technology,1,2,B,2025-2026,8.1,80.04,32.12,20.7,19.32,41.19,44.14,75,59,78.67,4.88,67.99,2.61,1,90.52,75.19,A,Pass,Low
465,CSE20250465,Vedhika Kumar,vedhika.kumar19@college.edu,+91-8280142912,Female,Computer Science Engineering,B.E. Computer Science Engineering,2,4,C,2025-2026,8.98,89.24,30.86,23.55,17.37,44.73,50.9,81,73,90.12,5.48,82.48,3.89,4,74.49,79.65,A,Pass,Low
466,CE20240466,Victor Kumer,victor.kumer1@college.edu,+91-9459807647,Male,Civil Engineering,B.E. Civil Engineering,3,5,C,2024-2025,9.04,89.33,35.1,23.89,16.65,42.99,61.96,79,59,74.68,5.14,100.0,4.76,2,79.64,85.84,A+,Pass,Low
467,EEE20250467,Aayush Shroff,aayush.shroff83@college.edu,+91-9201397080,Male,Electrical & Electronics Engineering,B.E. Electrical & Electronics Engineering,1,2,A,2025-2026,3.97,39.98,13.52,10.99,12.61,23.11,36.76,64,25,39.06,2.71,20.0,2.71,0,26.5,46.17,C,Pass,High
468,CSE20240468,Mitali Dugar,mitali.dugar73@college.edu,+91-7233595980,Female,Computer Science Engineering,B.E. Computer Science Engineering,3,5,A,2024-2025,6.31,68.05,20.27,8.4,9.54,34.33,51.48,87,37,42.53,5.31,32.28,2.52,3,60.31,59.45,B,Pass,High
469,EEE20240469,Balhaar Sathe,balhaar.sathe26@college.edu,+91-9493639344,Male,Electrical & Electronics Engineering,B.E. Electrical & Electronics Engineering,4,7,B,2024-2025,5.93,61.77,21.43,17.69,5.79,41.44,43.13,75,43,57.33,4.48,45.45,2.34,5,64.89,61.53,B+,Pass,High
470,IT20250470,Pooja Mistry,pooja.mistry25@college.edu,+91-8364880195,Female,Information Technology,B.E. Information Technology,2,3,A,2025-2026,6.19,63.92,24.34,14.03,7.91,33.35,52.46,75,46,61.33,5.71,62.44,2.89,2,72.28,62.89,B+,Pass,Medium
471,EEE20250471,Unnati Krishna,unnati.krishna55@college.edu,+91-7724301196,Female,Electrical & Electronics Engineering,B.E. Electrical & Electronics Engineering,3,5,C,2025-2026,5.31,46.75,28.46,19.63,10.07,38.37,56.15,60,27,45.0,6.06,70.73,2.71,2,55.75,72.5,A,Pass,Medium
472,CE20250472,Vedant Mittal,vedant.mittal94@college.edu,+91-8424052026,Male,Civil Engineering,B.E. Civil Engineering,2,4,B,2025-2026,7.07,69.61,24.34,17.88,16.24,43.7,61.13,88,68,77.27,6.94,71.12,2.02,2,98.13,77.82,A,Pass,Low
473,ECE20240473,Hardik Rajagopalan,hardik.rajagopalan78@college.edu,+91-7352074333,Male,Electronics & Communication Engineering,B.E. Electronics & Communication Engineering,3,6,B,2024-2025,8.67,89.03,26.35,22.61,8.08,34.26,72.21,86,63,73.26,7.54,77.56,2.24,2,82.76,77.09,A,Pass,Low
474,CE20240474,Warhi Chhabra,warhi.chhabra3@college.edu,+91-9178314265,Female,Civil Engineering,B.E. Civil Engineering,2,3,B,2024-2025,7.43,77.86,37.63,20.77,16.16,34.69,54.82,80,50,62.5,4.96,100.0,2.45,0,100.0,78.13,A,Pass,Low
475,EEE20250475,Jagat Raj,jagat.raj70@college.edu,+91-9027671011,Male,Electrical & Electronics Engineering,B.E. Electrical & Electronics Engineering,4,7,A,2025-2026,4.72,42.91,27.83,13.03,5.0,26.93,43.85,80,34,42.5,5.52,37.87,2.73,4,53.56,55.56,B,Pass,High
476,IT20250476,Praneel Merchant,praneel.merchant65@college.edu,+91-9192202822,Male,Information Technology,B.E. Information Technology,4,7,C,2025-2026,5.4,52.45,26.31,16.12,12.45,18.41,43.62,62,47,75.81,5.49,56.69,2.35,1,53.44,55.4,B,Pass,Low
477,EEE20240477,Neelima Bains,neelima.bains18@college.edu,+91-8916502228,Female,Electrical & Electronics Engineering,B.E. Electrical & Electronics Engineering,1,1,C,2024-2025,7.87,79.63,26.94,20.03,15.37,50.0,63.14,65,55,84.62,6.98,88.98,2.81,1,84.19,83.63,A+,Pass,Low
478,EEE20240478,Rudra Maharaj,rudra.maharaj63@college.edu,+91-7995358283,Male,Electrical & Electronics Engineering,B.E. Electrical & Electronics Engineering,2,4,B,2024-2025,5.39,53.68,15.51,9.87,9.99,22.2,34.19,62,22,35.48,1.33,46.73,2.4,2,75.96,43.75,C,Pass,High
479,CSE20250479,Aayush Bawa,aayush.bawa59@college.edu,+91-7199447370,Male,Computer Science Engineering,B.E. Computer Science Engineering,1,1,C,2025-2026,5.76,59.17,26.85,21.84,14.73,28.4,47.27,61,36,59.02,4.23,58.54,2.44,5,64.22,65.78,B+,Pass,Medium
480,IT20250480,Yadavi Mangat,yadavi.mangat73@college.edu,+91-7746679280,Female,Information Technology,B.E. Information Technology,1,2,C,2025-2026,6.76,65.51,22.31,18.67,13.39,32.36,58.24,72,39,54.17,5.22,66.07,3.5,3,40.38,68.68,B+,Pass,Medium
481,IT20240481,Ishwar Pandey,ishwar.pandey46@college.edu,+91-8481902553,Male,Information Technology,B.E. Information Technology,1,2,B,2024-2025,4.55,43.91,16.43,9.84,9.04,22.24,45.46,75,26,34.67,3.36,32.67,1.87,3,47.2,49.0,C,Pass,High
482,EEE20240482,Imaran Gupta,imaran.gupta66@college.edu,+91-9763712703,Male,Electrical & Electronics Engineering,B.E. Electrical & Electronics Engineering,1,1,B,2024-2025,6.39,59.9,30.1,16.59,18.19,24.94,54.84,68,41,60.29,5.61,77.73,1.89,1,58.17,68.84,B+,Pass,Low
483,CSE20240483,Ladli Devan,ladli.devan54@college.edu,+91-8418304567,Female,Computer Science Engineering,B.E. Computer Science Engineering,2,4,C,2024-2025,8.52,82.81,34.16,16.67,20.0,40.21,51.48,83,51,61.45,5.13,77.99,2.66,1,74.49,77.88,A,Pass,Low
484,ME20240484,Chasmum Baral,chasmum.baral53@college.edu,+91-7096405016,Female,Mechanical Engineering,B.E. Mechanical Engineering,4,8,A,2024-2025,8.83,79.86,35.66,23.45,8.87,35.17,69.31,67,50,74.63,5.48,79.06,4.7,0,67.67,81.57,A+,Pass,Low
485,EEE20240485,Nilima Sastry,nilima.sastry19@college.edu,+91-7240140248,Female,Electrical & Electronics Engineering,B.E. Electrical & Electronics Engineering,2,3,C,2024-2025,5.63,55.56,18.36,13.78,9.43,25.04,42.11,65,40,61.54,4.98,51.19,2.79,2,58.96,51.58,B,Pass,Medium
486,CSE20250486,Anika Patla,anika.patla28@college.edu,+91-8929313730,Female,Computer Science Engineering,B.E. Computer Science Engineering,4,7,C,2025-2026,8.25,82.71,32.27,13.29,15.94,33.47,69.61,79,56,70.89,6.62,75.16,3.23,5,86.3,78.65,A,Pass,Low
487,CE20250487,Ekaja Chana,ekaja.chana75@college.edu,+91-7781186472,Female,Civil Engineering,B.E. Civil Engineering,4,7,A,2025-2026,7.39,76.49,28.23,19.9,9.78,36.04,42.72,79,67,84.81,5.09,82.98,2.96,3,78.21,64.92,B+,Pass,Low
488,IT20240488,Manbir Narain,manbir.narain50@college.edu,+91-7567851370,Male,Information Technology,B.E. Information Technology,2,4,B,2024-2025,7.41,73.66,34.78,22.5,14.84,33.27,41.64,63,45,71.43,6.76,71.96,2.93,0,62.64,69.87,B+,Pass,Low
489,EEE20240489,Sarthak Gill,sarthak.gill79@college.edu,+91-9576180666,Male,Electrical & Electronics Engineering,B.E. Electrical & Electronics Engineering,4,7,C,2024-2025,6.22,69.17,23.22,14.43,8.96,31.16,38.4,61,34,55.74,5.83,39.04,1.09,4,65.35,55.37,B,Pass,High
490,EEE20240490,Irya Deo,irya.deo70@college.edu,+91-7005154842,Female,Electrical & Electronics Engineering,B.E. Electrical & Electronics Engineering,1,1,B,2024-2025,8.19,88.02,31.61,18.48,15.41,35.85,40.57,88,66,75.0,5.47,77.43,3.23,5,75.92,67.76,B+,Pass,Low
491,ME20240491,Rajeshri Wali,rajeshri.wali55@college.edu,+91-7985635941,Female,Mechanical Engineering,B.E. Mechanical Engineering,4,8,B,2024-2025,9.57,94.24,31.86,16.84,17.02,33.83,62.51,90,73,81.11,4.13,84.37,3.56,4,67.17,77.27,A,Pass,Low
492,CE20240492,Zashil Mahajan,zashil.mahajan33@college.edu,+91-9049305985,Male,Civil Engineering,B.E. Civil Engineering,4,8,C,2024-2025,5.53,55.94,33.45,12.87,9.12,30.18,40.81,84,53,63.1,3.98,30.85,2.32,1,67.28,60.57,B+,Pass,Medium
493,CE20250493,Fitan Kurian,fitan.kurian1@college.edu,+91-7030554742,Male,Civil Engineering,B.E. Civil Engineering,1,2,C,2025-2026,9.27,95.34,40.0,22.92,20.0,44.78,64.69,78,78,100.0,6.19,100.0,2.02,3,66.66,91.74,O,Pass,Low
494,EEE20240494,Warda Merchant,warda.merchant41@college.edu,+91-8755976246,Female,Electrical & Electronics Engineering,B.E. Electrical & Electronics Engineering,1,2,C,2024-2025,5.99,61.86,20.08,14.28,11.18,38.27,43.03,71,44,61.97,3.73,49.02,3.73,1,58.61,60.55,B+,Pass,Medium
495,ECE20250495,Pallavi Contractor,pallavi.contractor79@college.edu,+91-8183523503,Female,Electronics & Communication Engineering,B.E. Electronics & Communication Engineering,3,6,C,2025-2026,8.22,80.81,35.73,21.35,15.84,42.97,65.75,81,75,92.59,7.3,77.91,2.42,2,63.03,86.49,A+,Pass,Low
496,CSE20250496,Vinaya Borra,vinaya.borra62@college.edu,+91-8089966667,Female,Computer Science Engineering,B.E. Computer Science Engineering,4,8,A,2025-2026,9.25,89.2,37.61,20.9,20.0,43.85,53.69,69,61,88.41,6.43,100.0,3.3,3,92.98,84.14,A+,Pass,Low
497,CE20240497,Ekta Kara,ekta.kara58@college.edu,+91-7694904767,Female,Civil Engineering,B.E. Civil Engineering,4,7,C,2024-2025,8.32,84.97,32.64,20.6,16.64,45.11,75.0,63,48,76.19,8.04,80.26,4.71,1,59.69,90.44,O,Pass,Low
498,ECE20250498,Sneha Pau,sneha.pau1@college.edu,+91-7391222487,Female,Electronics & Communication Engineering,B.E. Electronics & Communication Engineering,3,5,A,2025-2026,6.5,59.36,33.41,17.76,10.52,35.31,56.95,86,58,67.44,8.59,80.63,3.0,1,74.24,73.3,A,Pass,Low
499,EEE20250499,Chakradev Rana,chakradev.rana11@college.edu,+91-9615759047,Male,Electrical & Electronics Engineering,B.E. Electrical & Electronics Engineering,4,7,A,2025-2026,4.52,45.69,15.64,7.91,12.28,32.09,34.6,61,25,40.98,3.04,53.0,1.19,2,51.2,49.31,C,Pass,High
500,ECE20250500,Abhimanyu Lalla,abhimanyu.lalla26@college.edu,+91-9821296252,Male,Electronics & Communication Engineering,B.E. Electronics & Communication Engineering,3,5,A,2025-2026,8.09,79.83,34.96,18.56,14.9,45.68,57.86,89,64,71.91,7.34,56.23,4.38,4,61.1,82.2,A+,Pass,Low
501,IT20240501,Diya Sha,diya.sha87@college.edu,+91-7154881394,Female,Information Technology,B.E. Information Technology,2,3,C,2024-2025,5.31,53.44,19.38,16.52,11.56,26.39,39.43,71,23,32.39,2.96,49.8,1.26,0,37.08,53.67,B,Pass,High
502,AIDS20250502,Qarin Lala,qarin.lala51@college.edu,+91-8741398650,Male,AI & Data Science,B.Tech. AI & Data Science,2,3,B,2025-2026,7.34,69.81,31.26,23.01,18.75,42.74,64.93,78,50,64.1,7.92,86.49,2.27,1,78.23,85.87,A+,Pass,Low
503,AIDS20250503,Sai Prabhu,sai.prabhu72@college.edu,+91-9503675679,Female,AI & Data Science,B.Tech. AI & Data Science,1,1,C,2025-2026,5.88,60.96,34.93,13.87,11.52,31.07,46.89,71,39,54.93,5.86,55.89,2.41,2,72.18,66.19,B+,Pass,Medium
504,CE20240504,Chatura Kaur,chatura.kaur52@college.edu,+91-9469205576,Male,Civil Engineering,B.E. Civil Engineering,3,5,C,2024-2025,8.22,80.92,35.99,17.59,16.11,45.4,64.54,60,60,100.0,5.19,84.21,1.96,2,77.12,85.9,A+,Pass,Low
505,ECE20250505,Warinder Bakshi,warinder.bakshi15@college.edu,+91-9204549513,Male,Electronics & Communication Engineering,B.E. Electronics & Communication Engineering,1,1,C,2025-2026,5.26,50.84,17.88,16.25,6.29,33.54,45.54,90,41,45.56,2.43,63.13,2.19,2,49.17,56.61,B,Pass,High
506,EEE20250506,Omisha Kant,omisha.kant97@college.edu,+91-8458831845,Female,Electrical & Electronics Engineering,B.E. Electrical & Electronics Engineering,3,6,B,2025-2026,4.58,47.92,18.9,5.65,7.95,27.43,37.28,90,27,30.0,2.99,41.52,2.18,3,47.46,46.79,C,Pass,High
507,ME20240507,Azad Shetty,azad.shetty49@college.edu,+91-9721556673,Male,Mechanical Engineering,B.E. Mechanical Engineering,4,7,B,2024-2025,7.61,75.79,25.33,21.56,12.13,33.45,50.33,85,48,56.47,7.9,67.04,4.99,5,100.0,67.56,B+,Pass,Medium
508,ME20250508,Matthew Rege,matthew.rege2@college.edu,+91-8131078331,Male,Mechanical Engineering,B.E. Mechanical Engineering,2,4,B,2025-2026,6.78,62.36,26.69,15.58,18.0,30.78,38.59,67,54,80.6,4.38,44.56,3.08,2,50.35,61.98,B+,Pass,Low
509,ECE20240509,Dalbir Dey,dalbir.dey46@college.edu,+91-7938734379,Male,Electronics & Communication Engineering,B.E. Electronics & Communication Engineering,3,5,C,2024-2025,5.62,62.35,20.0,15.41,7.3,32.3,51.03,88,55,62.5,3.41,61.75,2.2,3,67.39,59.78,B,Pass,Medium
510,CSE20240510,Arin Barad,arin.barad31@college.edu,+91-8139907416,Male,Computer Science Engineering,B.E. Computer Science Engineering,2,4,C,2024-2025,6.11,65.28,20.27,16.25,11.63,29.95,43.05,66,47,71.21,2.97,76.1,2.96,1,53.52,57.52,B,Pass,Medium
511,CE20240511,Max Tailor,max.tailor11@college.edu,+91-9902590965,Male,Civil Engineering,B.E. Civil Engineering,2,4,A,2024-2025,4.29,42.5,24.69,11.05,12.76,23.89,52.96,90,48,53.33,3.76,62.83,3.72,3,39.63,59.8,B,Pass,High
512,EEE20250512,Devika Chatterjee,devika.chatterjee64@college.edu,+91-9467541927,Female,Electrical & Electronics Engineering,B.E. Electrical & Electronics Engineering,1,1,B,2025-2026,7.24,70.49,28.85,24.79,13.66,34.17,62.43,87,85,97.7,5.6,56.83,2.41,2,100.0,77.39,A,Pass,Low
513,CSE20240513,Jacob Yogi,jacob.yogi55@college.edu,+91-9054369077,Male,Computer Science Engineering,B.E. Computer Science Engineering,3,6,A,2024-2025,7.86,81.72,33.29,18.24,11.71,48.49,54.96,90,85,94.44,5.43,93.01,2.67,3,77.16,79.69,A,Pass,Low
514,EEE20240514,Ekansh Rama,ekansh.rama16@college.edu,+91-9998937576,Male,Electrical & Electronics Engineering,B.E. Electrical & Electronics Engineering,3,6,C,2024-2025,7.39,72.41,36.23,23.85,19.82,42.44,53.18,76,57,75.0,8.11,92.13,2.65,2,81.16,83.6,A+,Pass,Low
515,ME20240515,Utkarsh Prabhakar,utkarsh.prabhakar13@college.edu,+91-8397737837,Male,Mechanical Engineering,B.E. Mechanical Engineering,1,1,C,2024-2025,8.16,82.81,24.95,17.88,8.99,35.26,55.63,71,50,70.42,5.55,57.65,2.88,3,66.81,67.72,B+,Pass,Low
516,IT20250516,Shaurya Dubey,shaurya.dubey79@college.edu,+91-8473588088,Male,Information Technology,B.E. Information Technology,2,4,A,2025-2026,7.04,70.19,32.94,12.63,11.4,38.68,63.96,71,43,60.56,5.21,74.22,2.45,1,53.8,76.41,A,Pass,Low
517,ECE20250517,Sarthak Chaudhary,sarthak.chaudhary52@college.edu,+91-8200999709,Male,Electronics & Communication Engineering,B.E. Electronics & Communication Engineering,2,4,C,2025-2026,7.71,74.8,28.27,21.86,19.75,38.27,50.67,74,48,64.86,5.49,73.75,4.05,1,62.51,75.53,A,Pass,Low
518,CSE20250518,Wishi Reddy,wishi.reddy72@college.edu,+91-8856365377,Female,Computer Science Engineering,B.E. Computer Science Engineering,2,3,C,2025-2026,8.61,88.0,37.0,19.27,20.0,31.22,56.69,87,65,74.71,6.48,100.0,2.78,2,79.32,78.27,A,Pass,Low
519,CSE20240519,Logan Bali,logan.bali18@college.edu,+91-9708629635,Male,Computer Science Engineering,B.E. Computer Science Engineering,2,4,A,2024-2025,4.32,46.58,24.31,21.08,10.42,33.14,33.82,76,38,50.0,1.37,66.97,1.95,3,41.3,58.15,B,Pass,High
520,IT20240520,Qasim Kalla,qasim.kalla89@college.edu,+91-7701548051,Male,Information Technology,B.E. Information Technology,4,8,B,2024-2025,4.41,42.74,21.86,12.89,6.76,33.56,32.09,61,25,40.98,2.99,51.58,1.95,1,73.81,51.22,B,Pass,High
521,IT20250521,Tristan Saxena,tristan.saxena47@college.edu,+91-9406685070,Male,Information Technology,B.E. Information Technology,4,7,B,2025-2026,4.49,44.07,36.15,17.69,11.18,28.83,43.8,77,47,61.04,6.35,48.59,2.78,5,31.23,65.6,B+,Pass,High
522,IT20240522,Jacob Patil,jacob.patil87@college.edu,+91-9600929253,Male,Information Technology,B.E. Information Technology,3,5,B,2024-2025,8.21,84.61,38.13,22.09,12.93,35.55,70.14,66,55,83.33,5.91,100.0,4.56,3,87.88,84.88,A+,Pass,Low
523,ME20250523,Chavvi Pillai,chavvi.pillai63@college.edu,+91-8919550221,Female,Mechanical Engineering,B.E. Mechanical Engineering,2,4,B,2025-2026,8.78,89.61,29.67,20.15,16.43,41.87,64.11,88,64,72.73,7.2,95.25,5.06,0,82.06,81.97,A+,Pass,Low
524,EEE20240524,Rachita Bhat,rachita.bhat82@college.edu,+91-8449071761,Female,Electrical & Electronics Engineering,B.E. Electrical & Electronics Engineering,3,6,C,2024-2025,6.5,65.29,28.52,18.08,5.18,27.7,42.39,73,48,65.75,5.43,73.05,2.45,3,73.66,57.72,B,Pass,Low
525,EEE20240525,Rushil Majumdar,rushil.majumdar41@college.edu,+91-8360981688,Male,Electrical & Electronics Engineering,B.E. Electrical & Electronics Engineering,4,7,A,2024-2025,4.94,49.86,24.43,12.03,15.79,20.76,30.51,80,47,58.75,4.07,57.54,3.28,2,58.9,49.54,C,Pass,High
526,IT20250526,Ikshita Das,ikshita.das67@college.edu,+91-8933975047,Female,Information Technology,B.E. Information Technology,4,8,B,2025-2026,8.97,84.67,34.62,24.38,17.51,41.98,43.59,73,73,100.0,6.99,71.68,2.04,1,90.81,77.15,A,Pass,Low
527,CE20240527,Vasana Chand,vasana.chand96@college.edu,+91-7343875431,Female,Civil Engineering,B.E. Civil Engineering,1,1,C,2024-2025,7.19,68.65,35.58,18.21,13.82,31.19,33.49,66,50,75.76,5.53,66.7,2.11,1,36.77,63.21,B+,Pass,Low
528,AIDS20240528,Hitesh Bail,hitesh.bail51@college.edu,+91-9250488948,Male,AI & Data Science,B.Tech. AI & Data Science,1,1,B,2024-2025,9.0,91.44,40.0,25.0,20.0,33.49,75.0,84,73,86.9,7.2,92.75,2.03,5,93.44,91.74,O,Pass,Low
529,AIDS20250529,Aryan Nath,aryan.nath32@college.edu,+91-8220523522,Male,AI & Data Science,B.Tech. AI & Data Science,3,5,A,2025-2026,8.45,86.8,26.68,21.58,20.0,35.23,49.49,74,55,74.32,3.72,88.88,3.58,3,69.02,72.68,A,Pass,Low
530,CSE20250530,Keya Dass,keya.dass42@college.edu,+91-9045069031,Female,Computer Science Engineering,B.E. Computer Science Engineering,2,3,A,2025-2026,6.19,67.96,28.51,16.44,14.93,27.11,40.39,74,48,64.86,3.23,80.38,3.53,5,61.64,60.7,B+,Pass,Low
531,EEE20240531,Ishanvi Biswas,ishanvi.biswas59@college.edu,+91-9710328466,Female,Electrical & Electronics Engineering,B.E. Electrical & Electronics Engineering,3,6,A,2024-2025,7.48,72.64,29.16,24.2,17.58,35.12,53.01,83,61,73.49,3.75,74.63,2.83,3,74.5,75.35,A,Pass,Low
532,EEE20250532,Hemang Kalita,hemang.kalita12@college.edu,+91-8897775581,Male,Electrical & Electronics Engineering,B.E. Electrical & Electronics Engineering,4,8,B,2025-2026,9.46,91.35,39.24,24.27,17.61,39.55,52.08,69,68,98.55,5.34,88.73,2.93,2,81.99,82.22,A+,Pass,Low
533,IT20240533,Jackson Narasimhan,jackson.narasimhan98@college.edu,+91-7585405992,Male,Information Technology,B.E. Information Technology,2,4,A,2024-2025,6.89,71.07,25.18,18.95,19.01,28.82,36.53,71,46,64.79,5.62,59.1,2.28,2,66.14,61.13,B+,Pass,Low
534,EEE20250534,Ethan Agate,ethan.agate56@college.edu,+91-8258093032,Male,Electrical & Electronics Engineering,B.E. Electrical & Electronics Engineering,1,2,B,2025-2026,2.94,24.56,17.13,8.26,3.08,16.32,15.14,79,24,30.38,2.05,20.0,0.0,0,27.54,28.63,F,Fail,High
535,AIDS20250535,Lakshit Dhillon,lakshit.dhillon21@college.edu,+91-9774509349,Male,AI & Data Science,B.Tech. AI & Data Science,3,5,B,2025-2026,7.98,78.77,33.47,17.27,19.84,38.63,56.28,72,46,63.89,6.33,68.32,1.1,4,67.59,79.14,A,Pass,Low
536,CSE20240536,Dhruv Zachariah,dhruv.zachariah79@college.edu,+91-9980383293,Male,Computer Science Engineering,B.E. Computer Science Engineering,3,5,B,2024-2025,5.64,53.56,25.1,13.72,11.7,22.26,43.95,81,32,39.51,6.32,53.29,2.18,0,35.52,55.53,B,Pass,High
537,ME20240537,Jeremiah Ghosh,jeremiah.ghosh38@college.edu,+91-7473976901,Male,Mechanical Engineering,B.E. Mechanical Engineering,3,6,A,2024-2025,7.88,80.85,35.07,15.94,8.69,39.26,64.63,80,50,62.5,5.04,72.4,2.53,2,72.61,78.05,A,Pass,Low
538,ECE20250538,Christopher Bal,christopher.bal7@college.edu,+91-9297681898,Male,Electronics & Communication Engineering,B.E. Electronics & Communication Engineering,3,6,A,2025-2026,7.08,67.46,28.73,17.54,10.88,38.07,50.79,60,37,61.67,5.2,63.32,2.88,1,66.37,69.56,B+,Pass,Low
539,AIDS20250539,Ekaja Aurora,ekaja.aurora30@college.edu,+91-7387393108,Female,AI & Data Science,B.Tech. AI & Data Science,3,6,A,2025-2026,5.61,54.42,16.94,6.24,4.0,20.41,26.36,64,24,37.5,4.09,24.03,2.25,0,46.43,35.47,F,Fail,High
540,CSE20250540,Rachita Khanna,rachita.khanna60@college.edu,+91-9993312165,Female,Computer Science Engineering,B.E. Computer Science Engineering,3,6,B,2025-2026,5.33,52.39,30.06,16.59,16.52,27.6,34.72,85,54,63.53,5.61,55.03,2.14,0,53.47,59.93,B,Pass,Medium
541,AIDS20250541,Neel Babu,neel.babu61@college.edu,+91-7779982123,Male,AI & Data Science,B.Tech. AI & Data Science,2,3,B,2025-2026,5.82,60.42,23.81,14.29,8.03,33.86,57.12,66,42,63.64,4.03,69.15,1.83,4,34.02,65.22,B+,Pass,Medium
542,IT20240542,Gagan Lanka,gagan.lanka57@college.edu,+91-8061553531,Male,Information Technology,B.E. Information Technology,4,7,A,2024-2025,4.51,45.03,17.87,17.44,7.44,28.71,50.39,83,34,40.96,5.49,54.04,2.64,5,39.75,57.5,B,Pass,High
543,CSE20240543,Atharv Date,atharv.date88@college.edu,+91-8340499510,Male,Computer Science Engineering,B.E. Computer Science Engineering,4,7,C,2024-2025,7.23,72.85,30.39,22.56,16.21,49.08,55.2,89,71,79.78,6.32,82.08,3.2,2,82.82,82.63,A+,Pass,Low
544,ME20250544,Ucchal Vora,ucchal.vora26@college.edu,+91-8548020689,Female,Mechanical Engineering,B.E. Mechanical Engineering,1,1,B,2025-2026,8.85,88.85,35.69,18.5,9.36,50.0,49.34,88,68,77.27,4.27,77.91,3.11,0,76.35,77.95,A,Pass,Low
545,ME20250545,Dakshesh Bhatt,dakshesh.bhatt22@college.edu,+91-8185840646,Male,Mechanical Engineering,B.E. Mechanical Engineering,2,3,A,2025-2026,6.94,68.6,27.51,16.72,10.97,37.45,48.33,78,52,66.67,5.43,64.45,2.63,1,67.28,67.21,B+,Pass,Low
546,CE20250546,Vyanjana Sen,vyanjana.sen20@college.edu,+91-8595145112,Female,Civil Engineering,B.E. Civil Engineering,2,3,A,2025-2026,6.81,64.55,22.82,19.93,14.17,39.59,57.53,84,57,67.86,6.69,53.11,2.63,0,43.59,73.11,A,Pass,Low
547,CSE20250547,Radhika Varghese,radhika.varghese98@college.edu,+91-9684922912,Female,Computer Science Engineering,B.E. Computer Science Engineering,4,7,C,2025-2026,4.11,45.41,23.83,9.22,8.9,13.75,30.06,61,30,49.18,3.17,31.32,0.27,0,42.24,40.95,C,Pass,High
548,ME20250548,Chatura Seth,chatura.seth72@college.edu,+91-9768733387,Male,Mechanical Engineering,B.E. Mechanical Engineering,2,3,A,2025-2026,6.04,57.51,19.76,20.21,13.81,26.89,50.61,84,49,58.33,5.76,60.1,3.37,2,47.95,61.93,B+,Pass,Medium
549,ECE20250549,Zayan Kant,zayan.kant18@college.edu,+91-8076732154,Male,Electronics & Communication Engineering,B.E. Electronics & Communication Engineering,2,3,C,2025-2026,6.27,63.31,31.72,19.05,13.99,19.33,45.21,88,61,69.32,4.19,95.94,2.81,0,77.94,61.24,B+,Pass,Low
550,ME20250550,Anthony Verma,anthony.verma24@college.edu,+91-9334832473,Male,Mechanical Engineering,B.E. Mechanical Engineering,4,8,C,2025-2026,10.0,100.0,37.51,25.0,20.0,44.12,75.0,71,71,100.0,8.32,96.97,3.39,2,91.38,95.81,O,Pass,Low
551,ECE20240551,Matthew Shanker,matthew.shanker34@college.edu,+91-9326179846,Male,Electronics & Communication Engineering,B.E. Electronics & Communication Engineering,3,5,A,2024-2025,6.51,62.63,24.94,18.71,15.96,34.98,52.72,71,45,63.38,5.22,79.73,2.11,2,73.01,70.03,A,Pass,Low
552,CE20250552,Amruta Bhat,amruta.bhat31@college.edu,+91-8377370646,Female,Civil Engineering,B.E. Civil Engineering,4,7,A,2025-2026,6.96,74.86,29.11,22.29,13.28,32.72,43.21,83,72,86.75,4.68,72.49,3.08,0,59.06,66.64,B+,Pass,Low
553,EEE20250553,Wakeeta Ratti,wakeeta.ratti20@college.edu,+91-9632983517,Female,Electrical & Electronics Engineering,B.E. Electrical & Electronics Engineering,4,7,C,2025-2026,6.47,67.07,19.92,14.43,11.58,17.32,43.89,69,39,56.52,3.99,54.88,3.24,2,62.18,50.66,B,Pass,Medium
554,ME20240554,Tanay Chokshi,tanay.chokshi17@college.edu,+91-7767247805,Male,Mechanical Engineering,B.E. Mechanical Engineering,3,5,A,2024-2025,7.41,76.3,31.74,24.28,13.46,45.29,56.42,87,59,67.82,5.73,100.0,3.21,0,78.2,81.29,A+,Pass,Low
555,AIDS20240555,Xalak Sawhney,xalak.sawhney50@college.edu,+91-9825750278,Female,AI & Data Science,B.Tech. AI & Data Science,4,7,A,2024-2025,3.64,37.96,11.19,13.16,11.77,21.23,32.2,75,37,49.33,2.72,44.88,2.14,1,51.53,42.39,C,Pass,High
556,ME20240556,Bina Buch,bina.buch10@college.edu,+91-7056204397,Female,Mechanical Engineering,B.E. Mechanical Engineering,3,5,B,2024-2025,7.2,70.58,21.77,19.5,17.69,35.37,48.39,89,49,55.06,4.49,69.33,1.95,5,82.06,67.8,B+,Pass,Medium
557,ME20240557,Naveen Divan,naveen.divan96@college.edu,+91-8786505393,Male,Mechanical Engineering,B.E. Mechanical Engineering,4,7,B,2024-2025,6.19,58.91,26.09,16.58,10.1,22.77,42.99,86,46,53.49,4.21,65.38,2.47,2,72.11,56.18,B,Pass,Medium
558,ME20240558,Bhavini Date,bhavini.date39@college.edu,+91-7334729865,Female,Mechanical Engineering,B.E. Mechanical Engineering,1,2,C,2024-2025,5.88,57.75,25.91,18.67,14.84,30.97,46.1,90,64,71.11,6.63,76.09,1.24,1,52.47,64.84,B+,Pass,Low
559,EEE20240559,Laksh Nair,laksh.nair25@college.edu,+91-7829441721,Male,Electrical & Electronics Engineering,B.E. Electrical & Electronics Engineering,1,1,C,2024-2025,3.7,41.02,13.18,11.97,10.23,19.11,23.47,76,28,36.84,2.24,26.71,1.36,2,46.44,37.0,F,Fail,High
560,EEE20240560,Sai Wali,sai.wali74@college.edu,+91-8537440949,Female,Electrical & Electronics Engineering,B.E. Electrical & Electronics Engineering,2,4,C,2024-2025,9.26,92.92,32.11,19.48,14.3,37.96,68.43,81,65,80.25,6.13,73.96,2.24,2,94.04,81.91,A+,Pass,Low
561,ME20240561,Manan Setty,manan.setty65@college.edu,+91-8449606729,Male,Mechanical Engineering,B.E. Mechanical Engineering,4,7,A,2024-2025,5.18,54.44,21.31,15.62,14.48,26.12,48.47,81,37,45.68,6.93,71.36,2.74,1,57.72,59.83,B,Pass,Medium
562,EEE20250562,Yashawini Sani,yashawini.sani53@college.edu,+91-9719748617,Female,Electrical & Electronics Engineering,B.E. Electrical & Electronics Engineering,4,8,B,2025-2026,6.41,62.38,29.37,16.37,11.15,45.12,54.71,73,40,54.79,7.88,65.28,2.88,4,48.88,74.9,A,Pass,Medium
563,IT20250563,Chandran Contractor,chandran.contractor58@college.edu,+91-8921996951,Male,Information Technology,B.E. Information Technology,2,3,B,2025-2026,6.65,66.33,23.17,16.02,13.55,38.33,50.83,90,62,68.89,5.53,61.38,3.02,2,61.85,67.65,B+,Pass,Low
564,ME20240564,Hritik Sani,hritik.sani39@college.edu,+91-7028212913,Male,Mechanical Engineering,B.E. Mechanical Engineering,1,2,C,2024-2025,5.47,59.36,23.64,14.09,6.54,23.09,52.99,69,32,46.38,5.74,49.12,2.4,5,56.57,57.0,B,Pass,High
565,CSE20250565,Varsha Kari,varsha.kari66@college.edu,+91-9389389445,Female,Computer Science Engineering,B.E. Computer Science Engineering,3,5,C,2025-2026,8.58,85.66,27.53,25.0,14.37,29.18,61.51,78,66,84.62,6.12,87.62,3.0,5,92.43,74.25,A,Pass,Low
566,CSE20250566,Samuel Nori,samuel.nori34@college.edu,+91-8576609019,Male,Computer Science Engineering,B.E. Computer Science Engineering,1,1,B,2025-2026,7.95,77.46,31.89,20.12,14.22,35.95,54.9,88,79,89.77,2.97,73.82,2.04,3,83.95,74.7,A,Pass,Low
567,CSE20250567,Vasana Rastogi,vasana.rastogi28@college.edu,+91-7331578205,Female,Computer Science Engineering,B.E. Computer Science Engineering,3,6,A,2025-2026,7.03,69.22,24.62,14.34,10.62,27.54,54.01,83,56,67.47,4.0,51.86,2.2,2,48.44,62.33,B+,Pass,Low
568,ECE20240568,Triya Chandran,triya.chandran39@college.edu,+91-7160509766,Female,Electronics & Communication Engineering,B.E. Electronics & Communication Engineering,2,4,C,2024-2025,6.6,66.83,35.19,19.47,10.87,31.55,44.6,83,63,75.9,5.04,55.41,2.02,4,39.75,67.4,B+,Pass,Low
569,ECE20250569,Nirja Sane,nirja.sane56@college.edu,+91-8788947133,Female,Electronics & Communication Engineering,B.E. Electronics & Communication Engineering,1,1,B,2025-2026,9.75,97.2,28.04,17.84,14.35,42.43,54.84,89,70,78.65,4.84,80.9,4.15,4,55.88,75.14,A,Pass,Low
570,CE20250570,Naksh Kumer,naksh.kumer68@college.edu,+91-7176876436,Male,Civil Engineering,B.E. Civil Engineering,2,3,C,2025-2026,7.27,74.99,30.89,20.23,11.03,45.0,39.17,70,58,82.86,5.14,74.58,2.66,3,67.3,69.83,B+,Pass,Low
571,CSE20240571,Ridhi Dua,ridhi.dua51@college.edu,+91-8913907148,Female,Computer Science Engineering,B.E. Computer Science Engineering,3,5,A,2024-2025,5.05,48.94,20.67,10.08,4.63,24.89,24.02,84,33,39.29,3.33,51.01,1.6,2,49.29,40.34,C,Pass,Medium
572,EEE20250572,Vritti Bhavsar,vritti.bhavsar19@college.edu,+91-7567747634,Female,Electrical & Electronics Engineering,B.E. Electrical & Electronics Engineering,1,1,B,2025-2026,5.93,59.95,26.99,15.19,16.81,28.2,55.56,70,39,55.71,5.01,48.8,1.3,0,72.08,68.0,B+,Pass,High
573,EEE20240573,Chakradev Chada,chakradev.chada56@college.edu,+91-9997331061,Male,Electrical & Electronics Engineering,B.E. Electrical & Electronics Engineering,1,2,B,2024-2025,9.54,98.32,40.0,21.86,18.67,35.57,75.0,64,62,96.88,6.18,98.24,1.42,4,73.27,90.86,O,Pass,Low
574,ECE20240574,Charita Sankaran,charita.sankaran95@college.edu,+91-9251627092,Female,Electronics & Communication Engineering,B.E. Electronics & Communication Engineering,2,4,B,2024-2025,5.93,62.19,27.31,19.83,17.48,25.04,46.24,67,44,65.67,4.62,62.14,3.15,1,73.47,64.43,B+,Pass,Medium
575,IT20240575,Chanakya Pradhan,chanakya.pradhan53@college.edu,+91-8819093035,Male,Information Technology,B.E. Information Technology,4,8,C,2024-2025,7.16,70.67,31.91,20.46,12.57,23.36,55.95,71,48,67.61,6.39,66.09,3.85,2,67.85,68.21,B+,Pass,Low
576,IT20240576,Eiravati Bhasin,eiravati.bhasin79@college.edu,+91-8899277934,Female,Information Technology,B.E. Information Technology,3,5,B,2024-2025,7.43,73.01,30.24,22.6,20.0,43.34,60.54,79,57,72.15,7.3,80.58,2.94,1,78.49,84.08,A+,Pass,Low
577,AIDS20250577,Nitesh Das,nitesh.das94@college.edu,+91-7368570209,Male,AI & Data Science,B.Tech. AI & Data Science,2,3,C,2025-2026,4.99,48.18,14.84,10.89,13.69,15.74,25.0,63,19,30.16,4.24,37.9,0.59,2,55.8,38.15,F,Fail,High
578,CSE20250578,Tripti Pandya,tripti.pandya15@college.edu,+91-8310472034,Female,Computer Science Engineering,B.E. Computer Science Engineering,2,4,A,2025-2026,6.23,56.12,27.08,15.1,14.17,38.72,49.94,74,57,77.03,4.75,79.34,3.47,2,66.19,69.33,B+,Pass,Low
579,IT20250579,Siddharth Behl,siddharth.behl80@college.edu,+91-7607082537,Male,Information Technology,B.E. Information Technology,2,3,A,2025-2026,3.82,42.75,9.39,2.0,3.93,17.74,33.15,82,25,30.49,0.5,24.17,1.08,2,30.23,31.8,F,Fail,High
580,AIDS20240580,Maanas Muni,maanas.muni26@college.edu,+91-9991559353,Male,AI & Data Science,B.Tech. AI & Data Science,4,7,B,2024-2025,6.39,64.49,35.26,22.9,13.07,31.47,44.19,79,46,58.23,4.45,70.82,4.55,2,56.5,69.68,B+,Pass,Medium
581,ECE20250581,Qushi Chawla,qushi.chawla85@college.edu,+91-8547129428,Female,Electronics & Communication Engineering,B.E. Electronics & Communication Engineering,1,1,B,2025-2026,8.08,80.04,29.76,17.22,14.65,35.3,59.75,87,62,71.26,5.35,66.07,2.34,1,60.21,74.62,A,Pass,Low
582,IT20240582,Yashica Kala,yashica.kala63@college.edu,+91-9564552498,Female,Information Technology,B.E. Information Technology,4,7,B,2024-2025,6.07,62.48,22.65,11.75,14.43,26.45,38.25,77,48,62.34,3.92,45.81,2.1,0,42.6,54.31,B,Pass,Medium
583,CSE20240583,Garima Subramaniam,garima.subramaniam40@college.edu,+91-8432670675,Female,Computer Science Engineering,B.E. Computer Science Engineering,4,7,A,2024-2025,5.75,58.65,23.34,13.79,9.66,19.35,49.94,75,27,36.0,4.71,64.18,1.16,1,68.48,55.0,B,Pass,Medium
584,CSE20250584,Isaac Chokshi,isaac.chokshi39@college.edu,+91-8014491722,Male,Computer Science Engineering,B.E. Computer Science Engineering,1,2,C,2025-2026,6.58,60.19,22.74,14.03,9.2,30.06,49.22,76,42,55.26,4.57,58.13,1.87,2,83.28,59.58,B,Pass,Medium
585,AIDS20250585,Parth Pillai,parth.pillai44@college.edu,+91-8687263275,Male,AI & Data Science,B.Tech. AI & Data Science,3,6,A,2025-2026,9.53,95.32,34.01,25.0,15.22,43.95,70.8,81,70,86.42,8.85,100.0,2.41,1,76.81,89.62,A+,Pass,Low
586,ME20240586,Deepa Mallick,deepa.mallick55@college.edu,+91-8341673745,Female,Mechanical Engineering,B.E. Mechanical Engineering,4,7,B,2024-2025,8.68,85.85,27.84,19.43,17.74,32.72,68.79,89,77,86.52,6.35,77.35,2.92,3,81.01,79.02,A,Pass,Low
587,ECE20240587,Jeevika Sanghvi,jeevika.sanghvi88@college.edu,+91-7868915819,Female,Electronics & Communication Engineering,B.E. Electronics & Communication Engineering,2,3,C,2024-2025,9.26,91.09,38.25,24.41,17.57,36.44,58.2,87,86,98.85,6.02,83.32,2.33,1,92.23,83.06,A+,Pass,Low
588,ME20240588,Agastya Loke,agastya.loke72@college.edu,+91-9289052391,Male,Mechanical Engineering,B.E. Mechanical Engineering,2,4,A,2024-2025,7.29,71.5,28.09,20.26,16.61,39.2,54.26,90,78,86.67,5.28,76.86,2.5,3,57.97,75.37,A,Pass,Low
589,CSE20240589,Amrita Gole,amrita.gole53@college.edu,+91-8766312876,Female,Computer Science Engineering,B.E. Computer Science Engineering,3,5,C,2024-2025,4.84,49.25,22.06,12.72,7.68,30.1,27.67,69,27,39.13,2.86,54.18,1.93,1,41.59,47.92,C,Pass,High
590,CE20240590,Laban More,laban.more4@college.edu,+91-9628440956,Male,Civil Engineering,B.E. Civil Engineering,3,5,A,2024-2025,5.74,52.73,28.76,14.65,12.78,28.77,35.05,79,50,63.29,4.56,54.16,1.31,2,45.01,57.37,B,Pass,Medium
591,EEE20240591,Omkaar Panchal,omkaar.panchal89@college.edu,+91-9046990957,Male,Electrical & Electronics Engineering,B.E. Electrical & Electronics Engineering,2,3,A,2024-2025,7.7,73.05,30.89,21.67,14.12,37.06,54.18,64,55,85.94,3.21,73.37,2.4,3,64.17,74.99,A,Pass,Low
592,EEE20250592,Aarush Golla,aarush.golla18@college.edu,+91-7703457120,Male,Electrical & Electronics Engineering,B.E. Electrical & Electronics Engineering,4,8,A,2025-2026,5.79,55.53,18.08,9.81,7.63,23.21,36.83,66,36,54.55,2.42,36.97,1.65,1,59.69,45.57,C,Pass,High
593,ECE20240593,Eshana Rattan,eshana.rattan26@college.edu,+91-7878587567,Female,Electronics & Communication Engineering,B.E. Electronics & Communication Engineering,1,2,B,2024-2025,6.74,63.7,25.2,15.78,9.35,33.98,39.95,62,45,72.58,3.85,45.15,1.91,1,53.95,59.22,B,Pass,Medium
594,ECE20240594,Bakhshi Dhar,bakhshi.dhar6@college.edu,+91-9611039285,Male,Electronics & Communication Engineering,B.E. Electronics & Communication Engineering,4,8,B,2024-2025,6.45,61.97,23.69,17.79,13.73,36.19,52.05,83,56,67.47,7.15,66.38,2.72,4,65.54,68.21,B+,Pass,Medium
595,ME20240595,Alexander Chand,alexander.chand58@college.edu,+91-8962372361,Male,Mechanical Engineering,B.E. Mechanical Engineering,3,6,C,2024-2025,7.63,72.63,25.96,24.1,15.2,35.57,45.32,86,74,86.05,5.81,71.17,4.23,4,52.68,69.15,B+,Pass,Low
596,CSE20250596,Hritik Puri,hritik.puri81@college.edu,+91-7211722336,Male,Computer Science Engineering,B.E. Computer Science Engineering,4,7,C,2025-2026,7.91,79.87,26.36,17.06,13.78,45.65,61.04,66,54,81.82,6.31,64.5,2.43,2,64.48,78.2,A,Pass,Low
597,ECE20240597,Shaurya Setty,shaurya.setty79@college.edu,+91-7234276135,Male,Electronics & Communication Engineering,B.E. Electronics & Communication Engineering,3,6,B,2024-2025,7.94,75.66,32.77,24.65,19.72,44.76,73.68,82,82,100.0,7.35,95.22,3.21,3,89.24,92.87,O,Pass,Low
598,CSE20240598,Onkar Dugar,onkar.dugar75@college.edu,+91-9989787464,Male,Computer Science Engineering,B.E. Computer Science Engineering,4,8,A,2024-2025,5.77,52.57,28.05,13.99,10.19,35.78,42.0,77,51,66.23,4.34,56.15,2.3,1,71.14,62.21,B+,Pass,Medium
599,ECE20240599,Qasim Muni,qasim.muni92@college.edu,+91-7867291356,Male,Electronics & Communication Engineering,B.E. Electronics & Communication Engineering,3,6,A,2024-2025,5.93,53.58,18.33,15.43,13.08,41.75,57.61,88,66,75.0,6.71,72.61,1.99,2,32.44,69.64,B+,Pass,Low
600,IT20240600,Nicholas Chad,nicholas.chad91@college.edu,+91-8930151511,Male,Information Technology,B.E. Information Technology,3,5,C,2024-2025,7.86,75.93,31.06,15.1,12.17,39.97,51.4,80,58,72.5,6.09,72.74,1.8,2,74.53,71.63,A,Pass,Low
601,EEE20250601,Atharv Dugal,atharv.dugal22@college.edu,+91-8439643578,Male,Electrical & Electronics Engineering,B.E. Electrical & Electronics Engineering,4,7,B,2025-2026,7.63,74.13,36.08,15.63,11.5,25.31,49.75,78,59,75.64,6.16,73.15,3.78,4,58.71,65.92,B+,Pass,Low
602,CE20240602,Gaurangi Bawa,gaurangi.bawa7@college.edu,+91-8802089646,Female,Civil Engineering,B.E. Civil Engineering,2,3,A,2024-2025,7.19,70.76,17.99,18.52,15.67,17.71,39.19,69,34,49.28,3.54,71.24,2.38,2,64.08,51.38,B,Pass,Medium
603,CE20240603,Banjeet Magar,banjeet.magar17@college.edu,+91-7871241447,Male,Civil Engineering,B.E. Civil Engineering,4,8,C,2024-2025,6.19,62.24,31.98,20.19,10.03,31.82,58.18,60,38,63.33,6.49,61.52,1.97,3,77.01,72.15,A,Pass,Medium
604,IT20250604,Timothy Samra,timothy.samra1@college.edu,+91-9611271078,Male,Information Technology,B.E. Information Technology,1,2,B,2025-2026,5.67,61.35,26.03,11.75,13.09,38.14,57.22,88,67,76.14,4.77,68.05,3.53,2,62.19,70.03,A,Pass,Low
605,CSE20250605,Xavier Sathe,xavier.sathe77@college.edu,+91-7028230917,Male,Computer Science Engineering,B.E. Computer Science Engineering,4,8,B,2025-2026,7.72,76.27,29.82,21.04,17.82,41.41,62.86,67,67,100.0,6.08,76.77,2.76,4,77.22,82.27,A+,Pass,Low
606,IT20240606,Sarthak Mahajan,sarthak.mahajan45@college.edu,+91-7157715720,Male,Information Technology,B.E. Information Technology,2,3,A,2024-2025,7.9,75.66,31.59,21.77,20.0,29.11,54.87,64,50,78.12,3.93,83.97,1.82,4,77.63,74.66,A,Pass,Low
607,ME20240607,Hritik Vala,hritik.vala23@college.edu,+91-7692929517,Male,Mechanical Engineering,B.E. Mechanical Engineering,3,6,A,2024-2025,5.81,54.76,29.14,14.15,19.22,26.1,52.86,81,57,70.37,6.06,61.31,1.95,2,49.87,67.56,B+,Pass,Medium
608,ME20250608,Deepa Pai,deepa.pai12@college.edu,+91-8285460026,Female,Mechanical Engineering,B.E. Mechanical Engineering,2,4,C,2025-2026,8.46,86.95,39.56,22.72,17.4,37.78,54.59,70,61,87.14,5.43,67.44,2.62,2,85.99,81.93,A+,Pass,Low
609,ECE20240609,Tanveer Choudhry,tanveer.choudhry18@college.edu,+91-7524085789,Male,Electronics & Communication Engineering,B.E. Electronics & Communication Engineering,1,2,C,2024-2025,6.29,60.87,21.06,20.44,9.68,30.07,42.36,82,43,52.44,5.04,54.35,2.12,4,70.58,58.35,B,Pass,Medium
610,IT20240610,Meghana Sur,meghana.sur14@college.edu,+91-9454002884,Female,Information Technology,B.E. Information Technology,4,7,C,2024-2025,8.11,88.61,18.35,18.74,11.02,37.65,44.81,83,69,83.13,3.7,71.71,2.71,5,77.45,61.92,B+,Pass,Low
611,EEE20250611,Mitesh Bath,mitesh.bath41@college.edu,+91-8115231376,Male,Electrical & Electronics Engineering,B.E. Electrical & Electronics Engineering,1,2,C,2025-2026,5.56,50.13,26.55,19.33,9.11,30.69,33.58,76,39,51.32,4.61,69.92,1.92,3,51.11,56.58,B,Pass,Medium
612,EEE20250612,Imaran Rana,imaran.rana81@college.edu,+91-9137781804,Male,Electrical & Electronics Engineering,B.E. Electrical & Electronics Engineering,3,5,C,2025-2026,8.52,85.45,33.66,22.29,16.78,26.66,65.1,75,59,78.67,5.87,94.32,4.28,4,67.01,77.85,A,Pass,Low
613,EEE20240613,Ayaan Amble,ayaan.amble60@college.edu,+91-9686333429,Male,Electrical & Electronics Engineering,B.E. Electrical & Electronics Engineering,2,4,A,2024-2025,9.15,94.22,40.0,25.0,13.53,44.42,69.13,85,81,95.29,6.0,89.95,3.34,1,93.88,91.24,O,Pass,Low
614,CE20240614,Harsh Mitra,harsh.mitra72@college.edu,+91-9738056872,Male,Civil Engineering,B.E. Civil Engineering,2,4,B,2024-2025,8.47,80.83,31.2,18.51,17.21,39.66,64.53,66,51,77.27,8.1,65.04,2.57,0,83.73,81.55,A+,Pass,Low
615,CSE20250615,Hitesh Devan,hitesh.devan71@college.edu,+91-8391242279,Male,Computer Science Engineering,B.E. Computer Science Engineering,3,6,A,2025-2026,7.92,79.41,30.69,21.14,17.86,38.11,42.02,84,75,89.29,7.57,61.24,2.89,0,65.13,71.39,A,Pass,Low
616,ME20240616,Lakshmi Mann,lakshmi.mann25@college.edu,+91-8419550393,Female,Mechanical Engineering,B.E. Mechanical Engineering,3,6,B,2024-2025,3.91,43.04,18.95,9.95,6.54,29.28,26.8,86,26,30.23,3.77,51.49,2.36,1,32.05,43.88,C,Pass,High
617,ME20240617,Nihal Dar,nihal.dar81@college.edu,+91-8978338959,Male,Mechanical Engineering,B.E. Mechanical Engineering,4,8,A,2024-2025,8.32,82.66,36.43,17.12,10.83,40.29,60.58,88,69,78.41,7.29,62.59,2.25,4,73.13,78.89,A,Pass,Low
618,IT20240618,Aarini Tank,aarini.tank39@college.edu,+91-9426410155,Female,Information Technology,B.E. Information Technology,4,8,C,2024-2025,7.4,75.63,26.7,16.85,15.91,36.5,48.06,83,57,68.67,3.45,72.97,2.33,3,59.09,68.73,B+,Pass,Low
619,EEE20250619,Upasna Gill,upasna.gill46@college.edu,+91-7284382838,Female,Electrical & Electronics Engineering,B.E. Electrical & Electronics Engineering,1,1,C,2025-2026,7.0,71.48,29.63,19.36,14.84,42.75,55.73,64,40,62.5,7.38,74.72,1.9,2,70.47,77.36,A,Pass,Low
620,AIDS20240620,Eiravati Rai,eiravati.rai50@college.edu,+91-7804786298,Female,AI & Data Science,B.Tech. AI & Data Science,3,6,C,2024-2025,7.56,73.88,24.4,8.81,17.26,37.94,50.76,79,47,59.49,3.51,58.87,2.45,1,66.94,67.02,B+,Pass,Medium
621,CE20240621,Ishwar Tella,ishwar.tella12@college.edu,+91-9134832539,Male,Civil Engineering,B.E. Civil Engineering,3,6,C,2024-2025,10.0,97.1,36.96,21.27,16.53,48.93,59.36,88,72,81.82,7.02,98.86,3.38,1,98.57,87.42,A+,Pass,Low
622,ECE20250622,Peter Bora,peter.bora48@college.edu,+91-7160610438,Male,Electronics & Communication Engineering,B.E. Electronics & Communication Engineering,3,5,C,2025-2026,7.86,81.96,31.75,23.53,19.95,47.67,73.81,84,78,92.86,7.42,100.0,3.13,1,88.23,93.54,O,Pass,Low
623,AIDS20240623,Rushil Basak,rushil.basak62@college.edu,+91-9248964968,Male,AI & Data Science,B.Tech. AI & Data Science,4,7,B,2024-2025,6.98,69.56,23.27,13.22,14.59,27.82,54.91,69,55,79.71,4.16,50.6,2.04,4,36.53,63.76,B+,Pass,Low
624,CSE20240624,Tejas Bahl,tejas.bahl92@college.edu,+91-9243454164,Male,Computer Science Engineering,B.E. Computer Science Engineering,1,1,A,2024-2025,8.0,79.57,32.51,20.25,13.71,40.36,47.53,63,50,79.37,8.47,75.78,1.1,0,64.14,73.57,A,Pass,Low
625,AIDS20240625,Victor Brahmbhatt,victor.brahmbhatt99@college.edu,+91-9830315936,Male,AI & Data Science,B.Tech. AI & Data Science,1,2,B,2024-2025,4.19,47.2,21.22,13.16,7.85,21.27,53.25,83,32,38.55,3.54,31.49,1.69,1,45.47,55.28,B,Pass,High
626,EEE20240626,Naksh Sanghvi,naksh.sanghvi36@college.edu,+91-9286107192,Male,Electrical & Electronics Engineering,B.E. Electrical & Electronics Engineering,3,5,B,2024-2025,7.51,71.4,27.14,19.97,11.55,32.13,64.05,70,62,88.57,6.0,44.7,3.63,4,80.51,73.29,A,Pass,Low
627,ME20240627,Samaksh Sahni,samaksh.sahni2@college.edu,+91-9675528232,Male,Mechanical Engineering,B.E. Mechanical Engineering,1,2,A,2024-2025,8.82,88.0,40.0,23.5,18.31,45.29,56.24,77,72,93.51,6.36,100.0,3.53,3,79.26,87.45,A+,Pass,Low
628,CSE20240628,Mohini Contractor,mohini.contractor37@college.edu,+91-9465667475,Female,Computer Science Engineering,B.E. Computer Science Engineering,3,6,B,2024-2025,3.96,42.2,21.91,12.23,8.15,31.65,28.39,67,36,53.73,3.86,40.87,1.68,0,30.31,48.99,C,Pass,High
629,IT20240629,Samaksh Bail,samaksh.bail87@college.edu,+91-7216706931,Male,Information Technology,B.E. Information Technology,3,6,A,2024-2025,5.47,55.27,20.03,10.92,11.37,26.76,45.36,63,27,42.86,5.5,36.74,1.52,1,37.58,54.62,B,Pass,High
630,AIDS20250630,Omaja Garg,omaja.garg40@college.edu,+91-8427355471,Female,AI & Data Science,B.Tech. AI & Data Science,4,8,A,2025-2026,5.26,49.62,19.18,12.34,8.79,27.12,37.83,86,40,46.51,7.08,44.49,3.3,0,33.73,50.14,B,Pass,High
631,CE20240631,Victor Pathak,victor.pathak90@college.edu,+91-9011229698,Male,Civil Engineering,B.E. Civil Engineering,1,2,C,2024-2025,5.11,51.38,27.57,13.59,13.02,23.63,27.82,63,26,41.27,4.26,35.68,1.12,1,61.54,50.53,B,Pass,High
632,ME20240632,Chaitanya Sarkar,chaitanya.sarkar79@college.edu,+91-8108328175,Male,Mechanical Engineering,B.E. Mechanical Engineering,4,8,A,2024-2025,8.49,81.89,31.33,23.08,15.77,46.94,66.51,89,64,71.91,5.31,74.98,2.86,2,60.62,87.29,A+,Pass,Low
633,CSE20250633,Chatresh Kohli,chatresh.kohli61@college.edu,+91-7484846239,Male,Computer Science Engineering,B.E. Computer Science Engineering,3,6,B,2025-2026,7.19,66.23,28.92,20.52,10.57,42.21,39.06,71,45,63.38,4.39,73.24,2.7,2,53.71,67.28,B+,Pass,Low
634,CE20240634,Tejas Rattan,tejas.rattan52@college.edu,+91-7459481183,Male,Civil Engineering,B.E. Civil Engineering,2,4,B,2024-2025,7.88,79.49,28.08,17.53,17.4,27.04,44.87,70,50,71.43,4.55,86.61,2.87,3,90.98,64.21,B+,Pass,Low
635,AIDS20250635,Balveer Randhawa,balveer.randhawa32@college.edu,+91-9353423112,Male,AI & Data Science,B.Tech. AI & Data Science,3,6,B,2025-2026,7.87,79.24,27.45,20.22,12.27,26.96,42.33,65,32,49.23,5.43,80.8,3.16,5,84.23,61.19,B+,Pass,Medium
636,ECE20250636,Nilima Nori,nilima.nori56@college.edu,+91-9436153527,Female,Electronics & Communication Engineering,B.E. Electronics & Communication Engineering,1,2,A,2025-2026,7.16,71.34,26.32,23.89,17.9,36.08,70.6,85,64,75.29,6.69,79.68,2.86,2,100.0,82.65,A+,Pass,Low
637,ME20240637,Janya Nath,janya.nath92@college.edu,+91-9466119912,Female,Mechanical Engineering,B.E. Mechanical Engineering,2,3,C,2024-2025,4.74,48.68,18.58,6.11,7.46,18.14,46.0,86,38,44.19,4.22,43.61,1.01,1,80.33,46.0,C,Pass,High
638,EEE20240638,Hamsini Bose,hamsini.bose23@college.edu,+91-8323003336,Female,Electrical & Electronics Engineering,B.E. Electrical & Electronics Engineering,4,8,C,2024-2025,8.05,81.46,31.09,18.51,13.23,41.96,45.35,90,78,86.67,7.13,83.89,3.32,2,91.83,71.71,A,Pass,Low
639,EEE20250639,Yashodhara Comar,yashodhara.comar8@college.edu,+91-7388836304,Female,Electrical & Electronics Engineering,B.E. Electrical & Electronics Engineering,1,2,B,2025-2026,7.28,76.2,37.29,14.4,14.71,41.73,61.34,66,49,74.24,6.25,83.46,3.32,4,73.97,81.25,A+,Pass,Low
640,EEE20240640,Gunbir Palla,gunbir.palla38@college.edu,+91-8674962768,Male,Electrical & Electronics Engineering,B.E. Electrical & Electronics Engineering,1,1,C,2024-2025,7.35,77.37,24.31,19.91,11.73,32.3,45.43,79,61,77.22,7.24,78.13,2.62,3,60.23,63.34,B+,Pass,Low
641,CSE20250641,Pushti Divan,pushti.divan56@college.edu,+91-8478605304,Female,Computer Science Engineering,B.E. Computer Science Engineering,2,4,B,2025-2026,7.25,71.84,28.01,18.72,13.12,25.31,45.73,62,42,67.74,7.33,67.9,2.19,3,44.6,62.05,B+,Pass,Low
642,EEE20240642,Jacob Chauhan,jacob.chauhan71@college.edu,+91-7228180081,Male,Electrical & Electronics Engineering,B.E. Electrical & Electronics Engineering,4,7,B,2024-2025,7.67,78.75,29.1,20.72,17.15,35.97,48.11,60,49,81.67,5.33,75.07,1.15,3,71.97,71.85,A,Pass,Low
643,CE20240643,Elijah Kunda,elijah.kunda90@college.edu,+91-9534734556,Male,Civil Engineering,B.E. Civil Engineering,3,5,B,2024-2025,6.57,64.21,28.97,20.85,9.96,31.11,40.69,72,54,75.0,4.84,80.15,2.07,3,70.79,62.35,B+,Pass,Low
644,ME20250644,Hardik Ghose,hardik.ghose85@college.edu,+91-7744790751,Male,Mechanical Engineering,B.E. Mechanical Engineering,4,8,B,2025-2026,6.38,67.0,18.18,14.85,14.9,30.06,58.98,75,53,70.67,3.49,75.56,4.11,1,66.72,65.03,B+,Pass,Low
645,EEE20240645,Faraj Borra,faraj.borra86@college.edu,+91-7539229515,Male,Electrical & Electronics Engineering,B.E. Electrical & Electronics Engineering,4,8,B,2024-2025,8.03,78.67,32.67,22.52,20.0,40.62,56.65,64,64,100.0,4.67,66.53,3.0,0,63.57,82.09,A+,Pass,Low
646,ME20250646,Hema Tak,hema.tak18@college.edu,+91-7363626724,Female,Mechanical Engineering,B.E. Mechanical Engineering,1,1,C,2025-2026,4.88,51.79,25.04,5.91,9.22,16.44,35.14,64,25,39.06,4.49,41.94,1.69,2,56.51,44.11,C,Pass,High
647,ECE20240647,Vincent Sen,vincent.sen55@college.edu,+91-9371036817,Male,Electronics & Communication Engineering,B.E. Electronics & Communication Engineering,4,8,C,2024-2025,4.52,49.84,17.09,8.92,7.45,20.33,27.91,86,27,31.4,3.6,30.55,0.47,1,27.27,39.03,F,Fail,High
648,IT20240648,Ojasvi Mutti,ojasvi.mutti94@college.edu,+91-8016833346,Female,Information Technology,B.E. Information Technology,2,3,B,2024-2025,8.01,72.33,36.41,25.0,20.0,41.1,75.0,82,81,98.78,6.96,92.47,4.93,3,70.58,93.76,O,Pass,Low
649,ECE20250649,Forum Sarraf,forum.sarraf15@college.edu,+91-9492235444,Female,Electronics & Communication Engineering,B.E. Electronics & Communication Engineering,3,5,A,2025-2026,7.56,74.05,34.59,24.6,13.87,42.1,75.0,75,75,100.0,8.09,86.05,3.42,5,67.38,90.12,O,Pass,Low
650,AIDS20240650,Bahadurjit Singh,bahadurjit.singh79@college.edu,+91-7379874179,Male,AI & Data Science,B.Tech. AI & Data Science,2,4,B,2024-2025,5.46,55.07,20.43,12.81,13.96,25.11,40.32,67,35,52.24,3.15,49.16,1.96,1,38.58,53.69,B,Pass,High
651,ME20240651,Vaishnavi Mitter,vaishnavi.mitter69@college.edu,+91-7046314343,Female,Mechanical Engineering,B.E. Mechanical Engineering,1,2,C,2024-2025,4.03,41.55,15.6,10.31,4.73,18.14,42.82,75,22,29.33,2.01,43.45,2.15,1,10.0,43.34,C,Pass,High
652,ECE20250652,Laksh Bhalla,laksh.bhalla5@college.edu,+91-9985221988,Male,Electronics & Communication Engineering,B.E. Electronics & Communication Engineering,3,6,B,2025-2026,8.02,75.91,27.56,20.01,12.79,29.37,55.66,89,75,84.27,5.4,63.86,2.1,3,78.52,68.83,B+,Pass,Low
653,IT20250653,Qushi Tripathi,qushi.tripathi74@college.edu,+91-7221705700,Female,Information Technology,B.E. Information Technology,3,5,C,2025-2026,8.24,81.37,34.23,24.19,19.19,34.52,52.55,81,64,79.01,6.87,84.04,2.56,5,69.7,78.17,A,Pass,Low
654,CE20240654,Balhaar Mukherjee,balhaar.mukherjee10@college.edu,+91-8193351499,Male,Civil Engineering,B.E. Civil Engineering,1,2,B,2024-2025,6.69,68.29,31.59,17.61,13.55,23.8,52.16,68,44,64.71,4.04,62.66,1.73,1,61.25,65.85,B+,Pass,Low
655,IT20240655,Vedhika Seth,vedhika.seth76@college.edu,+91-7649122505,Female,Information Technology,B.E. Information Technology,3,6,A,2024-2025,4.57,42.83,21.71,13.53,4.81,26.18,38.71,81,41,50.62,2.16,41.74,1.38,1,28.0,49.82,C,Pass,High
656,CE20240656,Anirudh Bhandari,anirudh.bhandari68@college.edu,+91-7142122736,Male,Civil Engineering,B.E. Civil Engineering,2,4,C,2024-2025,8.41,83.69,30.83,14.78,12.04,30.78,70.87,70,49,70.0,4.79,68.46,3.13,5,72.28,75.81,A,Pass,Low
657,CSE20250657,Qarin Mangat,qarin.mangat57@college.edu,+91-9738362362,Male,Computer Science Engineering,B.E. Computer Science Engineering,2,4,B,2025-2026,6.94,74.05,17.65,14.15,10.47,25.27,50.02,65,37,56.92,2.44,32.04,1.61,1,60.13,55.7,B,Pass,High
658,ME20250658,Brinda Chana,brinda.chana15@college.edu,+91-7225585432,Female,Mechanical Engineering,B.E. Mechanical Engineering,3,5,C,2025-2026,5.67,53.12,23.11,13.5,12.1,36.36,31.85,65,35,53.85,6.67,34.53,2.49,2,58.4,56.05,B,Pass,High
659,ECE20240659,Zehaan Rajagopalan,zehaan.rajagopalan91@college.edu,+91-8675339976,Male,Electronics & Communication Engineering,B.E. Electronics & Communication Engineering,3,6,C,2024-2025,5.01,53.34,18.35,14.13,14.52,29.71,38.59,75,48,64.0,2.6,69.32,1.98,2,66.38,54.96,B,Pass,Medium
660,EEE20250660,Vihaan Barman,vihaan.barman41@college.edu,+91-9277421089,Male,Electrical & Electronics Engineering,B.E. Electrical & Electronics Engineering,4,7,B,2025-2026,10.0,98.62,34.85,25.0,18.65,48.86,71.46,81,72,88.89,7.15,98.89,4.31,5,97.3,94.53,O,Pass,Low
661,AIDS20250661,Umang Guha,umang.guha35@college.edu,+91-7422095589,Male,AI & Data Science,B.Tech. AI & Data Science,3,6,C,2025-2026,6.96,69.78,27.35,19.54,18.7,43.05,61.83,68,57,83.82,5.53,82.26,2.54,3,76.53,81.22,A+,Pass,Low
662,ECE20240662,Naveen Soni,naveen.soni87@college.edu,+91-9964722828,Male,Electronics & Communication Engineering,B.E. Electronics & Communication Engineering,4,7,C,2024-2025,7.1,67.66,23.44,20.12,10.85,29.33,41.16,65,45,69.23,4.48,58.42,2.66,2,43.83,59.06,B,Pass,Low
663,AIDS20250663,Zashil Dora,zashil.dora14@college.edu,+91-9944198153,Male,AI & Data Science,B.Tech. AI & Data Science,1,1,A,2025-2026,5.79,56.57,24.81,10.81,12.23,39.37,47.45,74,58,78.38,3.22,45.71,1.6,2,66.22,64.67,B+,Pass,Medium
664,ME20240664,Azaan Seshadri,azaan.seshadri12@college.edu,+91-7244305931,Male,Mechanical Engineering,B.E. Mechanical Engineering,3,6,A,2024-2025,6.63,65.75,29.23,14.78,14.94,30.5,26.93,90,63,70.0,3.98,57.58,1.36,3,64.48,55.81,B,Pass,Low
665,CE20240665,Charan Oza,charan.oza78@college.edu,+91-7557947412,Male,Civil Engineering,B.E. Civil Engineering,2,3,C,2024-2025,8.61,85.49,40.0,23.93,17.35,39.14,54.54,72,64,88.89,9.6,85.74,3.54,3,74.64,83.28,A+,Pass,Low
666,ME20240666,Brijesh Thaman,brijesh.thaman60@college.edu,+91-9836730724,Male,Mechanical Engineering,B.E. Mechanical Engineering,2,3,C,2024-2025,8.61,83.48,34.97,12.69,17.19,33.05,53.23,89,74,83.15,6.72,67.48,2.48,0,90.75,72.52,A,Pass,Low
667,ECE20250667,Gabriel Baral,gabriel.baral10@college.edu,+91-8190940658,Male,Electronics & Communication Engineering,B.E. Electronics & Communication Engineering,3,6,C,2025-2026,9.24,88.19,38.87,25.0,17.83,50.0,59.99,84,77,91.67,8.21,87.87,4.35,0,87.0,91.35,O,Pass,Low
668,ECE20250668,Jatin Sarma,jatin.sarma9@college.edu,+91-9111928965,Male,Electronics & Communication Engineering,B.E. Electronics & Communication Engineering,3,5,B,2025-2026,9.55,100.0,40.0,20.03,18.42,40.9,48.95,89,72,80.9,4.99,91.08,2.8,1,77.58,80.52,A+,Pass,Low
669,ECE20240669,Theodore Viswanathan,theodore.viswanathan56@college.edu,+91-7937962865,Male,Electronics & Communication Engineering,B.E. Electronics & Communication Engineering,2,4,A,2024-2025,4.38,44.78,15.51,16.22,9.32,20.73,45.85,79,34,43.04,5.15,58.97,1.41,2,55.61,50.67,B,Pass,High
670,ECE20240670,Fariq Patla,fariq.patla94@college.edu,+91-8076303124,Male,Electronics & Communication Engineering,B.E. Electronics & Communication Engineering,3,5,A,2024-2025,4.55,45.0,24.87,12.31,6.99,17.53,59.02,84,38,45.24,6.08,45.08,2.95,2,69.01,57.16,B,Pass,High
671,ECE20250671,Quincy Mandal,quincy.mandal90@college.edu,+91-8416612771,Male,Electronics & Communication Engineering,B.E. Electronics & Communication Engineering,2,3,A,2025-2026,7.02,64.41,37.6,18.24,14.98,42.2,50.52,88,69,78.41,7.83,85.78,0.33,2,88.67,78.27,A,Pass,Low
672,AIDS20250672,Sara Rege,sara.rege9@college.edu,+91-9319835182,Female,AI & Data Science,B.Tech. AI & Data Science,4,8,B,2025-2026,6.23,63.19,24.98,16.28,16.16,27.48,44.22,67,40,59.7,4.86,55.24,0.88,0,58.18,61.45,B+,Pass,Medium
673,ME20250673,Omkaar Ben,omkaar.ben39@college.edu,+91-8720627470,Male,Mechanical Engineering,B.E. Mechanical Engineering,4,7,C,2025-2026,7.51,77.37,34.01,16.51,10.94,37.36,56.31,61,48,78.69,2.98,55.6,0.81,3,53.69,74.04,A,Pass,Low
674,ME20250674,Oliver Bhatti,oliver.bhatti59@college.edu,+91-8245363002,Male,Mechanical Engineering,B.E. Mechanical Engineering,1,2,C,2025-2026,3.66,38.13,25.87,11.01,8.72,24.86,56.66,80,46,57.5,2.56,43.08,1.07,0,27.51,60.57,B+,Pass,High
675,EEE20240675,Nitesh Chandra,nitesh.chandra50@college.edu,+91-7458565144,Male,Electrical & Electronics Engineering,B.E. Electrical & Electronics Engineering,1,2,C,2024-2025,8.57,82.83,31.71,19.42,20.0,39.94,68.75,80,70,87.5,4.33,91.45,2.83,3,100.0,85.68,A+,Pass,Low
676,ECE20240676,Reyansh Mander,reyansh.mander25@college.edu,+91-7108940146,Male,Electronics & Communication Engineering,B.E. Electronics & Communication Engineering,1,2,C,2024-2025,6.69,64.44,23.89,17.08,10.82,32.03,47.88,83,66,79.52,5.6,72.1,2.48,5,39.56,62.55,B+,Pass,Low
677,CSE20250677,Jonathan Doctor,jonathan.doctor58@college.edu,+91-7070516000,Male,Computer Science Engineering,B.E. Computer Science Engineering,4,8,A,2025-2026,6.95,73.77,33.3,21.95,13.28,42.39,61.05,61,43,70.49,8.02,70.37,2.99,2,76.68,81.75,A+,Pass,Low
678,IT20240678,Osha Bumb,osha.bumb86@college.edu,+91-9246781759,Female,Information Technology,B.E. Information Technology,1,2,A,2024-2025,6.68,67.48,22.34,13.63,17.42,24.59,58.83,74,39,52.7,3.84,68.4,2.06,5,56.06,65.08,B+,Pass,Medium
679,CE20240679,Ekta Palla,ekta.palla63@college.edu,+91-9808185031,Female,Civil Engineering,B.E. Civil Engineering,2,3,A,2024-2025,6.52,64.54,28.52,10.63,11.64,30.64,46.5,60,34,56.67,4.26,62.52,1.83,2,69.17,61.35,B+,Pass,Medium
680,EEE20240680,Mohammed Ramanathan,mohammed.ramanathan81@college.edu,+91-7214567941,Male,Electrical & Electronics Engineering,B.E. Electrical & Electronics Engineering,1,1,C,2024-2025,4.75,46.49,21.99,15.5,10.29,24.47,41.13,88,38,43.18,3.86,42.1,2.39,1,39.05,53.76,B,Pass,High
681,CE20240681,Eiravati Chad,eiravati.chad9@college.edu,+91-7456689025,Female,Civil Engineering,B.E. Civil Engineering,1,2,C,2024-2025,8.14,82.39,30.1,20.66,16.75,30.14,67.55,63,44,69.84,7.32,63.86,3.59,2,80.36,78.28,A,Pass,Low
682,CE20250682,Mohammed Puri,mohammed.puri95@college.edu,+91-9913696513,Male,Civil Engineering,B.E. Civil Engineering,2,3,A,2025-2026,4.09,40.58,23.84,17.45,12.38,19.42,52.82,72,44,61.11,5.0,47.42,3.18,1,19.5,59.45,B,Pass,High
683,ME20240683,Omya Datta,omya.datta43@college.edu,+91-7271535964,Female,Mechanical Engineering,B.E. Mechanical Engineering,2,4,A,2024-2025,7.91,78.4,26.72,24.79,12.79,29.21,45.51,63,50,79.37,6.54,70.94,2.23,2,84.07,65.52,B+,Pass,Low
684,CE20250684,Zansi Chander,zansi.chander57@college.edu,+91-8046445603,Female,Civil Engineering,B.E. Civil Engineering,4,7,C,2025-2026,6.67,66.07,28.74,19.41,17.63,37.4,53.88,89,76,85.39,6.37,74.64,3.18,3,86.83,74.79,A,Pass,Low
685,CSE20240685,Udyati Trivedi,udyati.trivedi11@college.edu,+91-7027271239,Female,Computer Science Engineering,B.E. Computer Science Engineering,1,2,A,2024-2025,6.7,67.9,27.93,15.14,13.27,31.11,50.0,60,37,61.67,6.12,72.26,2.5,1,58.82,65.54,B+,Pass,Low
686,AIDS20250686,Radhika Badami,radhika.badami27@college.edu,+91-7614557693,Female,AI & Data Science,B.Tech. AI & Data Science,3,6,C,2025-2026,5.26,54.74,30.21,13.82,10.09,29.57,52.53,80,42,52.5,5.9,48.02,0.53,2,44.77,64.98,B+,Pass,High
687,ECE20240687,Radhika More,radhika.more92@college.edu,+91-9147001030,Female,Electronics & Communication Engineering,B.E. Electronics & Communication Engineering,4,7,A,2024-2025,7.04,69.17,27.08,21.24,12.44,33.29,38.18,79,52,65.82,3.69,69.99,1.64,5,75.11,62.72,B+,Pass,Low
688,ME20240688,Hemangini Kala,hemangini.kala25@college.edu,+91-7504692228,Female,Mechanical Engineering,B.E. Mechanical Engineering,3,6,B,2024-2025,9.05,82.44,31.95,19.32,14.64,46.54,59.77,76,72,94.74,7.41,84.37,3.92,5,85.51,82.18,A+,Pass,Low
689,EEE20240689,Onkar Sunder,onkar.sunder25@college.edu,+91-7483953122,Male,Electrical & Electronics Engineering,B.E. Electrical & Electronics Engineering,3,5,B,2024-2025,3.44,30.47,8.89,18.19,10.64,23.99,31.67,85,42,49.41,2.97,39.01,2.31,0,43.79,43.81,C,Pass,High
690,CE20240690,Inaya Kara,inaya.kara6@college.edu,+91-7232046822,Female,Civil Engineering,B.E. Civil Engineering,4,8,A,2024-2025,5.47,55.8,16.1,13.06,9.77,16.82,39.25,80,36,45.0,3.74,52.17,1.51,1,56.88,44.89,C,Pass,Medium
691,CSE20250691,Ekapad Dubey,ekapad.dubey95@college.edu,+91-7225299266,Male,Computer Science Engineering,B.E. Computer Science Engineering,4,8,B,2025-2026,8.0,81.07,26.54,19.78,11.21,36.0,54.26,89,64,71.91,4.71,60.39,4.87,3,61.9,70.1,A,Pass,Low
692,CSE20240692,Balvan Merchant,balvan.merchant31@college.edu,+91-8910491180,Male,Computer Science Engineering,B.E. Computer Science Engineering,1,2,C,2024-2025,5.07,53.48,28.44,15.16,8.29,21.5,44.82,78,58,74.36,3.82,58.1,3.15,3,46.08,56.1,B,Pass,Medium
693,ECE20240693,Chandresh Tripathi,chandresh.tripathi13@college.edu,+91-8018415610,Male,Electronics & Communication Engineering,B.E. Electronics & Communication Engineering,2,4,A,2024-2025,8.2,80.12,31.59,23.14,20.0,46.36,67.8,83,76,91.57,8.12,77.08,2.45,2,99.11,89.87,A+,Pass,Low
694,CSE20250694,Zansi Barad,zansi.barad7@college.edu,+91-8872026192,Female,Computer Science Engineering,B.E. Computer Science Engineering,4,7,A,2025-2026,8.17,82.9,28.83,19.52,10.1,37.1,44.24,64,46,71.88,2.59,74.99,2.41,1,88.74,66.47,B+,Pass,Low
695,EEE20250695,Om Deep,om.deep93@college.edu,+91-7833889032,Male,Electrical & Electronics Engineering,B.E. Electrical & Electronics Engineering,4,7,B,2025-2026,6.86,74.63,32.6,16.98,16.49,34.25,47.2,80,58,72.5,2.51,66.54,3.11,2,63.33,70.49,A,Pass,Medium
696,IT20240696,Riya Dube,riya.dube8@college.edu,+91-8205185682,Female,Information Technology,B.E. Information Technology,2,4,A,2024-2025,8.53,83.99,28.14,19.2,16.54,38.43,65.75,64,52,81.25,5.07,91.06,2.59,1,76.75,79.92,A,Pass,Low
697,ECE20250697,Finn Golla,finn.golla38@college.edu,+91-9592596823,Male,Electronics & Communication Engineering,B.E. Electronics & Communication Engineering,4,8,A,2025-2026,10.0,99.62,29.19,21.38,15.49,44.69,61.47,65,60,92.31,5.93,93.91,1.83,4,99.8,81.92,A+,Pass,Low
698,ME20250698,Gayathri Sarma,gayathri.sarma63@college.edu,+91-7929613915,Female,Mechanical Engineering,B.E. Mechanical Engineering,2,3,A,2025-2026,6.2,67.88,22.85,11.07,11.36,35.87,53.31,78,51,65.38,6.64,70.51,1.78,2,62.58,64.35,B+,Pass,Low
699,ECE20250699,Anya Roy,anya.roy32@college.edu,+91-8064427950,Female,Electronics & Communication Engineering,B.E. Electronics & Communication Engineering,3,5,C,2025-2026,3.6,40.45,11.28,11.97,12.83,32.32,38.47,70,32,45.71,3.03,49.83,1.63,1,36.39,50.96,B,Pass,High
700,CSE20240700,Qabil Khanna,qabil.khanna61@college.edu,+91-9165592658,Male,Computer Science Engineering,B.E. Computer Science Engineering,2,3,B,2024-2025,3.91,45.43,25.87,8.4,6.71,29.51,35.18,61,35,57.38,2.67,46.32,1.79,1,55.41,50.82,B,Pass,High
701,ECE20250701,Tristan Mane,tristan.mane72@college.edu,+91-7053356336,Male,Electronics & Communication Engineering,B.E. Electronics & Communication Engineering,4,7,B,2025-2026,5.5,49.76,20.22,10.63,6.86,19.58,50.31,82,53,64.63,5.7,61.3,0.0,3,63.17,51.06,B,Pass,Medium
702,CSE20240702,Vanya Kaur,vanya.kaur12@college.edu,+91-7068419527,Female,Computer Science Engineering,B.E. Computer Science Engineering,2,4,B,2024-2025,8.89,93.21,27.6,17.46,15.64,45.97,53.57,75,73,97.33,7.88,84.26,4.5,3,72.24,76.59,A,Pass,Low
703,CSE20250703,Kashvi More,kashvi.more91@college.edu,+91-8741009563,Female,Computer Science Engineering,B.E. Computer Science Engineering,4,7,B,2025-2026,4.68,45.1,28.3,15.08,8.06,30.84,55.4,65,38,58.46,4.56,67.36,1.92,4,66.27,65.49,B+,Pass,High
704,IT20240704,Wahab Hari,wahab.hari89@college.edu,+91-8429820971,Male,Information Technology,B.E. Information Technology,4,7,C,2024-2025,5.09,51.46,20.22,14.83,7.1,23.47,53.97,76,53,69.74,4.71,56.04,1.49,0,55.05,56.51,B,Pass,Medium
705,ECE20240705,Raksha Sastry,raksha.sastry43@college.edu,+91-7235414339,Female,Electronics & Communication Engineering,B.E. Electronics & Communication Engineering,3,5,C,2024-2025,8.42,76.83,30.52,19.42,13.0,31.07,53.74,76,56,73.68,6.71,75.77,3.21,5,60.06,70.14,A,Pass,Low
706,ME20250706,Vihaan Manda,vihaan.manda80@college.edu,+91-7175553937,Male,Mechanical Engineering,B.E. Mechanical Engineering,3,5,A,2025-2026,8.04,80.42,33.58,19.15,20.0,34.73,71.91,71,54,76.06,7.78,79.65,1.63,2,91.98,85.37,A+,Pass,Low
707,ME20250707,Rayaan Thakkar,rayaan.thakkar15@college.edu,+91-9787598695,Male,Mechanical Engineering,B.E. Mechanical Engineering,1,1,A,2025-2026,7.48,75.38,28.24,15.64,13.07,31.54,59.15,75,47,62.67,5.3,61.3,2.57,3,100.0,70.28,A,Pass,Low
708,CE20250708,Zarna Sahota,zarna.sahota65@college.edu,+91-9921551603,Female,Civil Engineering,B.E. Civil Engineering,2,3,B,2025-2026,4.42,43.03,19.01,4.27,9.07,21.71,34.01,73,22,30.14,3.57,20.0,1.73,0,28.24,42.47,C,Pass,High
709,AIDS20250709,Faris Iyengar,faris.iyengar16@college.edu,+91-9019338363,Male,AI & Data Science,B.Tech. AI & Data Science,3,6,B,2025-2026,6.19,61.19,23.77,19.9,18.34,33.51,36.86,82,44,53.66,6.06,45.47,0.76,3,36.53,62.97,B+,Pass,High
710,CE20250710,Ekantika Krishna,ekantika.krishna89@college.edu,+91-7281868383,Female,Civil Engineering,B.E. Civil Engineering,3,6,C,2025-2026,5.91,57.14,35.2,16.71,11.42,38.95,54.55,66,45,68.18,6.08,79.87,1.43,4,71.79,74.93,A,Pass,Low
711,ECE20240711,Atharv Srivastava,atharv.srivastava10@college.edu,+91-7469718772,Male,Electronics & Communication Engineering,B.E. Electronics & Communication Engineering,1,1,B,2024-2025,4.75,45.32,27.24,11.24,12.81,21.23,49.81,65,30,46.15,6.87,52.75,1.65,0,43.14,58.38,B,Pass,High
712,ME20240712,Quincy Chauhan,quincy.chauhan81@college.edu,+91-7097453982,Male,Mechanical Engineering,B.E. Mechanical Engineering,2,4,A,2024-2025,6.26,69.08,33.38,17.84,17.29,20.97,63.58,69,41,59.42,5.67,78.91,2.35,2,83.71,72.63,A,Pass,Medium
713,ME20250713,David Mane,david.mane83@college.edu,+91-7092265760,Male,Mechanical Engineering,B.E. Mechanical Engineering,2,4,B,2025-2026,7.01,73.38,29.63,13.99,16.03,32.31,50.74,69,47,68.12,5.25,67.28,3.39,1,58.57,68.26,B+,Pass,Low
714,AIDS20250714,Chakrika Dyal,chakrika.dyal42@college.edu,+91-9087991445,Female,AI & Data Science,B.Tech. AI & Data Science,2,4,B,2025-2026,6.16,62.56,31.89,12.78,5.57,27.75,44.47,78,41,52.56,4.24,64.71,2.0,3,60.13,58.46,B,Pass,Medium
715,EEE20240715,Madhavi Sengupta,madhavi.sengupta40@college.edu,+91-7737605316,Female,Electrical & Electronics Engineering,B.E. Electrical & Electronics Engineering,4,8,B,2024-2025,7.05,67.01,28.65,23.82,16.34,35.23,49.06,85,50,58.82,7.45,79.15,1.12,2,38.95,72.53,A,Pass,Medium
716,ECE20240716,Ethan Sarkar,ethan.sarkar59@college.edu,+91-7714523942,Male,Electronics & Communication Engineering,B.E. Electronics & Communication Engineering,3,6,A,2024-2025,8.78,82.73,40.0,25.0,17.31,38.66,51.82,79,65,82.28,6.97,89.57,3.64,5,94.68,82.17,A+,Pass,Low
717,ME20240717,Chakradev Kapadia,chakradev.kapadia15@college.edu,+91-7176744138,Male,Mechanical Engineering,B.E. Mechanical Engineering,3,5,A,2024-2025,9.36,89.79,29.34,21.08,14.01,39.13,45.79,70,52,74.29,5.1,88.8,3.79,3,99.81,71.04,A,Pass,Low
718,ECE20240718,Varenya Palla,varenya.palla5@college.edu,+91-9858529583,Female,Electronics & Communication Engineering,B.E. Electronics & Communication Engineering,3,6,A,2024-2025,4.3,37.25,11.15,9.7,7.18,14.8,30.04,70,31,44.29,0.5,24.8,1.46,5,12.41,34.46,F,Fail,High
719,CSE20240719,Agastya Sachdeva,agastya.sachdeva16@college.edu,+91-7107052949,Male,Computer Science Engineering,B.E. Computer Science Engineering,3,6,C,2024-2025,7.57,77.23,27.73,18.29,13.7,32.57,47.34,72,48,66.67,5.25,60.74,4.06,5,48.68,66.4,B+,Pass,Low
720,CE20240720,Avi Randhawa,avi.randhawa95@college.edu,+91-9345677415,Male,Civil Engineering,B.E. Civil Engineering,2,4,B,2024-2025,8.7,88.97,24.28,17.55,16.41,33.09,48.9,76,57,75.0,4.87,50.16,3.51,2,57.27,66.73,B+,Pass,Low
721,ME20240721,Yashasvi Prakash,yashasvi.prakash94@college.edu,+91-8898828806,Female,Mechanical Engineering,B.E. Mechanical Engineering,3,6,B,2024-2025,5.89,61.96,20.58,9.93,17.54,19.81,64.85,70,45,64.29,4.55,45.09,2.08,3,27.8,63.2,B+,Pass,High
722,ME20240722,Jacob Raju,jacob.raju52@college.edu,+91-9652236748,Male,Mechanical Engineering,B.E. Mechanical Engineering,4,7,A,2024-2025,6.93,69.53,31.55,22.64,20.0,33.85,47.83,86,74,86.05,6.09,67.11,3.86,1,83.87,74.07,A,Pass,Low
723,IT20240723,Chaitaly Prasad,chaitaly.prasad29@college.edu,+91-8193688100,Female,Information Technology,B.E. Information Technology,1,2,A,2024-2025,6.45,59.67,33.76,22.71,6.98,39.88,60.24,66,44,66.67,7.11,46.59,2.43,0,54.18,77.51,A,Pass,Medium
724,EEE20250724,Isaac Bala,isaac.bala41@college.edu,+91-9590603471,Male,Electrical & Electronics Engineering,B.E. Electrical & Electronics Engineering,4,7,C,2025-2026,6.88,71.42,19.97,15.96,17.53,25.1,49.7,79,58,73.42,4.86,60.56,2.76,3,42.81,60.88,B+,Pass,Low
725,AIDS20250725,Nathaniel Chaudhary,nathaniel.chaudhary48@college.edu,+91-7052359062,Male,AI & Data Science,B.Tech. AI & Data Science,3,6,A,2025-2026,5.52,57.48,25.8,12.08,11.09,29.11,48.27,69,45,65.22,4.44,46.59,2.25,1,73.56,60.35,B+,Pass,Medium
726,IT20250726,Oviya Dhingra,oviya.dhingra54@college.edu,+91-8900541784,Female,Information Technology,B.E. Information Technology,4,7,A,2025-2026,4.93,44.13,14.32,13.63,16.5,24.38,37.33,69,34,49.28,2.26,43.9,1.74,1,64.51,50.47,B,Pass,High
727,ME20240727,Ekapad Barad,ekapad.barad39@college.edu,+91-9038447866,Male,Mechanical Engineering,B.E. Mechanical Engineering,4,8,A,2024-2025,6.84,70.6,29.94,14.33,12.65,37.59,51.22,87,56,64.37,4.93,51.81,2.16,3,80.56,69.72,B+,Pass,Low
728,IT20240728,Luke Sodhi,luke.sodhi35@college.edu,+91-8780324145,Male,Information Technology,B.E. Information Technology,1,2,A,2024-2025,6.15,63.56,24.49,19.12,14.74,38.66,46.43,65,29,44.62,3.93,67.26,0.76,3,45.41,68.26,B+,Pass,Medium
729,ME20250729,Ekaraj Singh,ekaraj.singh63@college.edu,+91-7181388972,Male,Mechanical Engineering,B.E. Mechanical Engineering,2,3,A,2025-2026,6.82,65.25,21.03,13.98,13.88,28.79,27.2,86,61,70.93,3.53,68.05,2.39,4,70.37,50.14,B,Pass,Low
730,CE20250730,Udarsh Ahluwalia,udarsh.ahluwalia1@college.edu,+91-7661527911,Male,Civil Engineering,B.E. Civil Engineering,3,6,C,2025-2026,7.26,73.1,32.54,25.0,17.17,34.0,52.9,68,66,97.06,7.28,69.86,3.21,2,84.53,76.54,A,Pass,Low
731,ME20250731,Balveer Bahl,balveer.bahl63@college.edu,+91-9954263992,Male,Mechanical Engineering,B.E. Mechanical Engineering,4,7,C,2025-2026,9.35,96.29,31.02,17.49,18.4,42.03,50.45,80,50,62.5,5.68,86.21,2.78,1,57.23,76.27,A,Pass,Low
732,AIDS20250732,Lavanya Kale,lavanya.kale73@college.edu,+91-8872899986,Female,AI & Data Science,B.Tech. AI & Data Science,3,6,A,2025-2026,7.64,80.34,31.07,14.76,16.1,28.24,61.12,87,59,67.82,5.83,70.27,3.28,2,71.92,72.13,A,Pass,Low
733,ME20240733,Falguni Wable,falguni.wable21@college.edu,+91-9498187046,Female,Mechanical Engineering,B.E. Mechanical Engineering,4,7,B,2024-2025,5.56,56.28,23.43,11.55,10.0,25.3,39.75,61,19,31.15,1.96,41.57,2.86,0,33.58,52.53,B,Pass,High
734,ECE20240734,Siddharth Choudhry,siddharth.choudhry54@college.edu,+91-9732660632,Male,Electronics & Communication Engineering,B.E. Electronics & Communication Engineering,2,4,A,2024-2025,9.45,95.12,34.71,19.88,17.41,50.0,52.88,89,89,100.0,5.77,65.8,3.36,5,98.1,83.69,A+,Pass,Low
735,AIDS20240735,Maanas Khanna,maanas.khanna99@college.edu,+91-9697368099,Male,AI & Data Science,B.Tech. AI & Data Science,3,6,C,2024-2025,6.21,63.56,34.43,22.83,19.51,37.5,66.99,65,40,61.54,7.84,73.97,2.79,4,83.43,86.11,A+,Pass,Low
736,EEE20250736,Matthew Dara,matthew.dara90@college.edu,+91-9956426322,Male,Electrical & Electronics Engineering,B.E. Electrical & Electronics Engineering,2,4,B,2025-2026,6.72,69.94,23.59,15.55,16.56,32.53,57.86,71,46,64.79,4.51,61.66,2.74,0,49.0,69.56,B+,Pass,Low
737,EEE20240737,Arjun Khare,arjun.khare48@college.edu,+91-9082625440,Male,Electrical & Electronics Engineering,B.E. Electrical & Electronics Engineering,3,5,A,2024-2025,5.91,62.46,21.52,12.37,11.16,30.38,43.47,73,37,50.68,4.3,52.81,2.52,2,50.04,56.76,B,Pass,Medium
738,CSE20240738,Ubika Shankar,ubika.shankar72@college.edu,+91-9634654724,Female,Computer Science Engineering,B.E. Computer Science Engineering,1,1,A,2024-2025,6.76,66.4,25.11,19.69,15.57,29.98,59.65,82,63,76.83,4.58,58.23,2.71,4,72.35,71.04,A,Pass,Low
739,EEE20240739,Azad Choudhry,azad.choudhry17@college.edu,+91-7074643958,Male,Electrical & Electronics Engineering,B.E. Electrical & Electronics Engineering,1,2,B,2024-2025,6.46,67.25,24.7,13.46,16.4,34.44,30.42,75,50,66.67,2.46,41.59,0.98,2,64.13,57.35,B,Pass,Medium
740,ME20250740,Zaid Wason,zaid.wason39@college.edu,+91-7123521259,Male,Mechanical Engineering,B.E. Mechanical Engineering,3,5,B,2025-2026,7.29,77.96,25.78,16.04,13.28,39.32,59.94,83,57,68.67,5.1,87.19,3.43,4,66.72,73.58,A,Pass,Low
741,CSE20240741,Abhiram Varma,abhiram.varma27@college.edu,+91-7559283112,Male,Computer Science Engineering,B.E. Computer Science Engineering,2,3,C,2024-2025,8.01,75.66,34.34,18.4,13.28,36.37,48.31,62,44,70.97,4.17,85.45,1.94,2,70.4,71.89,A,Pass,Low
742,CE20250742,Kavya Dhawan,kavya.dhawan6@college.edu,+91-7843321095,Female,Civil Engineering,B.E. Civil Engineering,1,1,A,2025-2026,4.72,49.96,22.39,13.4,12.55,41.06,42.37,63,36,57.14,5.38,47.73,2.73,0,62.16,63.13,B+,Pass,High
743,ME20250743,Madhav Sanghvi,madhav.sanghvi39@college.edu,+91-9867261857,Male,Mechanical Engineering,B.E. Mechanical Engineering,1,2,A,2025-2026,6.45,58.82,21.82,12.51,12.03,25.51,55.11,60,37,61.67,3.7,43.63,1.15,4,62.64,60.4,B+,Pass,Medium
744,CE20240744,Aadi Pandit,aadi.pandit45@college.edu,+91-7125666952,Male,Civil Engineering,B.E. Civil Engineering,1,1,C,2024-2025,4.6,44.0,14.79,10.25,7.45,32.56,23.45,62,37,59.68,4.24,33.55,1.8,0,13.83,42.45,C,Pass,High
745,ME20240745,Kavya Saha,kavya.saha94@college.edu,+91-9632627835,Female,Mechanical Engineering,B.E. Mechanical Engineering,3,6,B,2024-2025,5.48,56.61,24.65,17.32,15.44,28.07,44.51,67,43,64.18,4.22,57.76,3.18,3,70.9,61.78,B+,Pass,Medium
746,AIDS20240746,Idika Chada,idika.chada37@college.edu,+91-7737761377,Female,AI & Data Science,B.Tech. AI & Data Science,1,1,C,2024-2025,9.42,90.79,38.66,23.2,17.06,43.99,54.77,88,88,100.0,6.16,81.5,3.36,4,86.82,84.7,A+,Pass,Low
747,AIDS20250747,Pranit Bir,pranit.bir76@college.edu,+91-7795109167,Male,AI & Data Science,B.Tech. AI & Data Science,1,1,C,2025-2026,9.82,94.51,27.2,19.96,12.75,42.01,44.21,74,52,70.27,6.05,80.05,3.44,3,73.61,69.59,B+,Pass,Low
748,AIDS20250748,Zehaan Tripathi,zehaan.tripathi30@college.edu,+91-8750534060,Male,AI & Data Science,B.Tech. AI & Data Science,2,4,B,2025-2026,6.57,64.82,28.27,18.02,10.92,34.05,42.11,63,39,61.9,3.99,79.43,3.44,4,75.25,63.48,B+,Pass,Low
749,IT20240749,Advaith Ramakrishnan,advaith.ramakrishnan47@college.edu,+91-8238115647,Male,Information Technology,B.E. Information Technology,1,2,A,2024-2025,6.03,58.99,21.2,13.75,13.14,25.4,44.29,77,40,51.95,3.36,55.05,1.99,2,54.99,56.04,B,Pass,Medium
750,AIDS20250750,Wahab Bassi,wahab.bassi77@college.edu,+91-8340059485,Male,AI & Data Science,B.Tech. AI & Data Science,3,6,A,2025-2026,6.27,63.94,25.14,12.33,9.49,27.25,34.9,81,42,51.85,3.0,56.71,1.92,5,55.35,52.16,B,Pass,Medium
751,ECE20250751,Rishi Prakash,rishi.prakash9@college.edu,+91-9043016282,Male,Electronics & Communication Engineering,B.E. Electronics & Communication Engineering,2,4,B,2025-2026,9.04,86.59,29.82,20.21,12.54,40.06,45.74,90,72,80.0,5.52,55.32,4.49,3,51.02,70.64,A,Pass,Low
752,CSE20240752,Jonathan Babu,jonathan.babu67@college.edu,+91-9828443248,Male,Computer Science Engineering,B.E. Computer Science Engineering,1,2,C,2024-2025,10.0,100.0,31.37,18.89,15.21,38.11,58.44,81,73,90.12,8.19,74.25,2.95,0,73.62,77.17,A,Pass,Low
753,CSE20240753,Rachana Bir,rachana.bir22@college.edu,+91-7277929117,Female,Computer Science Engineering,B.E. Computer Science Engineering,4,8,C,2024-2025,6.9,64.43,27.54,16.06,16.24,31.58,49.77,71,55,77.46,5.21,66.2,2.62,5,58.29,67.33,B+,Pass,Low
754,IT20240754,Pooja Khosla,pooja.khosla93@college.edu,+91-9143661603,Female,Information Technology,B.E. Information Technology,2,4,A,2024-2025,7.8,77.01,27.59,16.36,9.81,37.43,52.43,68,45,66.18,5.21,81.51,3.21,4,50.01,68.43,B+,Pass,Low
755,CE20250755,Damini Natarajan,damini.natarajan52@college.edu,+91-9081052775,Female,Civil Engineering,B.E. Civil Engineering,3,6,B,2025-2026,8.39,85.71,39.58,23.84,13.31,45.3,43.73,76,76,100.0,4.93,86.48,2.64,2,85.87,79.04,A,Pass,Low
756,CE20250756,Ekalinga Basu,ekalinga.basu30@college.edu,+91-9698833021,Male,Civil Engineering,B.E. Civil Engineering,4,7,A,2025-2026,5.74,57.69,26.3,21.97,15.57,25.54,64.75,90,63,70.0,3.94,59.75,2.55,1,43.55,72.71,A,Pass,Medium
757,AIDS20240757,Qushi Nigam,qushi.nigam49@college.edu,+91-9596668166,Female,AI & Data Science,B.Tech. AI & Data Science,1,1,B,2024-2025,7.74,77.44,28.46,18.13,15.17,31.73,43.49,81,69,85.19,6.61,72.19,1.57,2,71.48,65.23,B+,Pass,Low
758,IT20250758,Harita Shetty,harita.shetty26@college.edu,+91-8260843171,Female,Information Technology,B.E. Information Technology,1,1,C,2025-2026,7.13,72.78,24.59,20.01,13.49,40.6,54.45,81,56,69.14,6.56,61.83,4.0,2,63.38,72.75,A,Pass,Low
759,EEE20240759,Wakeeta Gopal,wakeeta.gopal5@college.edu,+91-8848581435,Female,Electrical & Electronics Engineering,B.E. Electrical & Electronics Engineering,3,6,C,2024-2025,7.34,74.5,32.05,20.13,12.02,42.55,62.47,88,64,72.73,5.73,76.74,3.76,5,84.78,80.51,A+,Pass,Low
760,ECE20250760,Ekansh Bhatnagar,ekansh.bhatnagar5@college.edu,+91-7759647311,Male,Electronics & Communication Engineering,B.E. Electronics & Communication Engineering,4,8,B,2025-2026,7.53,79.08,28.85,17.69,15.93,36.16,48.66,77,55,71.43,5.33,71.74,2.36,3,72.49,70.25,A,Pass,Low
761,CE20250761,Veer Bansal,veer.bansal92@college.edu,+91-8671087985,Male,Civil Engineering,B.E. Civil Engineering,3,5,B,2025-2026,8.51,85.85,39.78,25.0,17.39,43.93,67.69,75,70,93.33,7.74,89.47,3.45,4,100.0,92.14,O,Pass,Low
762,EEE20240762,Manan Jaggi,manan.jaggi51@college.edu,+91-8131255675,Male,Electrical & Electronics Engineering,B.E. Electrical & Electronics Engineering,4,8,B,2024-2025,9.22,90.42,26.38,16.65,17.53,35.23,47.79,75,49,65.33,5.97,74.46,2.63,3,67.66,68.53,B+,Pass,Low
763,ECE20240763,Anthony Iyengar,anthony.iyengar6@college.edu,+91-7550606479,Male,Electronics & Communication Engineering,B.E. Electronics & Communication Engineering,3,6,B,2024-2025,6.59,68.53,20.77,15.69,10.02,31.93,53.83,86,59,68.6,4.9,51.01,4.07,2,52.46,62.76,B+,Pass,Low
764,CE20240764,Ansh Mutti,ansh.mutti46@college.edu,+91-8769224170,Male,Civil Engineering,B.E. Civil Engineering,1,2,B,2024-2025,6.91,64.68,35.56,15.19,20.0,45.78,54.86,71,56,78.87,5.9,74.14,2.56,0,100.0,82.35,A+,Pass,Low
765,CSE20250765,Nilima Varma,nilima.varma89@college.edu,+91-7281321374,Female,Computer Science Engineering,B.E. Computer Science Engineering,2,3,C,2025-2026,7.3,71.67,27.84,13.82,14.64,30.56,57.52,87,73,83.91,3.27,62.55,0.95,2,54.41,68.89,B+,Pass,Low
766,IT20250766,Rushil Solanki,rushil.solanki85@college.edu,+91-8814507883,Male,Information Technology,B.E. Information Technology,2,3,C,2025-2026,6.37,67.58,33.79,9.56,13.93,41.95,41.36,78,59,75.64,6.0,65.43,2.82,3,52.07,67.96,B+,Pass,Low
767,ECE20250767,Lajita Bansal,lajita.bansal41@college.edu,+91-8622370616,Female,Electronics & Communication Engineering,B.E. Electronics & Communication Engineering,3,5,C,2025-2026,7.76,80.4,35.98,17.22,20.0,35.86,45.41,78,44,56.41,4.58,85.98,3.23,2,94.29,74.0,A,Pass,Medium
768,EEE20240768,Girish Mangal,girish.mangal65@college.edu,+91-9866407741,Male,Electrical & Electronics Engineering,B.E. Electrical & Electronics Engineering,1,2,A,2024-2025,8.1,80.34,30.26,22.61,13.62,36.87,59.11,70,49,70.0,3.8,76.51,2.7,1,70.77,77.0,A,Pass,Low
769,IT20250769,Rachana Batta,rachana.batta10@college.edu,+91-9301389619,Female,Information Technology,B.E. Information Technology,3,6,A,2025-2026,7.25,76.33,33.09,15.84,17.49,32.76,65.63,66,49,74.24,6.27,87.02,2.58,2,82.98,78.63,A,Pass,Low
770,AIDS20240770,Oni Mahajan,oni.mahajan75@college.edu,+91-7406877762,Female,AI & Data Science,B.Tech. AI & Data Science,3,6,A,2024-2025,7.89,75.85,28.57,24.75,14.61,46.66,43.82,78,60,76.92,5.88,63.26,1.79,2,72.66,75.27,A,Pass,Low
771,AIDS20250771,Diya Pillai,diya.pillai84@college.edu,+91-8296423045,Female,AI & Data Science,B.Tech. AI & Data Science,4,8,A,2025-2026,6.25,61.14,28.97,12.44,12.56,19.17,40.84,76,28,36.84,5.05,55.08,2.1,4,35.73,54.39,B,Pass,High
772,ECE20250772,Tejas Ratta,tejas.ratta66@college.edu,+91-8946602034,Male,Electronics & Communication Engineering,B.E. Electronics & Communication Engineering,3,5,B,2025-2026,6.21,62.79,25.67,14.79,4.49,21.6,43.54,81,41,50.62,3.18,39.27,3.03,4,70.07,52.12,B,Pass,High
773,CSE20250773,Thomas Raju,thomas.raju96@college.edu,+91-9007018111,Male,Computer Science Engineering,B.E. Computer Science Engineering,1,1,C,2025-2026,7.55,75.56,28.76,21.79,14.81,35.63,44.53,68,47,69.12,6.77,69.53,1.73,5,61.94,69.1,B+,Pass,Low
774,EEE20240774,Omkaar Grover,omkaar.grover19@college.edu,+91-8032398249,Male,Electrical & Electronics Engineering,B.E. Electrical & Electronics Engineering,4,7,C,2024-2025,6.98,64.9,20.23,19.57,19.81,26.96,46.19,64,36,56.25,2.88,61.55,2.2,3,56.49,62.88,B+,Pass,Medium
775,CE20250775,Yadavi Tank,yadavi.tank9@college.edu,+91-9722697824,Female,Civil Engineering,B.E. Civil Engineering,3,6,B,2025-2026,6.72,63.98,27.9,15.13,6.57,14.63,36.76,66,42,63.64,3.87,31.55,2.6,4,56.06,47.75,C,Pass,Medium
776,IT20240776,Qarin Venkataraman,qarin.venkataraman15@college.edu,+91-7644082961,Male,Information Technology,B.E. Information Technology,3,5,B,2024-2025,7.14,74.3,35.16,15.19,17.38,41.56,46.58,66,37,56.06,7.22,75.39,3.13,0,61.35,74.86,A,Pass,Medium
777,CE20250777,Kiaan Butala,kiaan.butala5@college.edu,+91-7867542631,Male,Civil Engineering,B.E. Civil Engineering,3,6,B,2025-2026,9.55,91.81,40.0,25.0,15.29,50.0,52.54,65,55,84.62,6.26,100.0,4.32,2,74.74,87.16,A+,Pass,Low
778,AIDS20240778,Unnati Brar,unnati.brar6@college.edu,+91-9086675353,Female,AI & Data Science,B.Tech. AI & Data Science,3,6,C,2024-2025,7.26,73.35,33.02,20.98,11.34,39.56,47.04,85,61,71.76,6.47,69.75,2.92,0,83.34,72.31,A,Pass,Low
779,CE20250779,Upasna Gole,upasna.gole53@college.edu,+91-8560938195,Female,Civil Engineering,B.E. Civil Engineering,1,2,C,2025-2026,6.2,56.28,27.68,7.07,14.7,24.71,41.85,81,34,41.98,3.77,59.38,1.97,3,47.21,55.91,B,Pass,Medium
780,AIDS20240780,Nandini Nagi,nandini.nagi65@college.edu,+91-7518156089,Female,AI & Data Science,B.Tech. AI & Data Science,4,7,A,2024-2025,6.1,56.19,20.29,16.71,7.57,19.53,56.59,76,41,53.95,3.16,45.14,1.83,3,60.72,56.78,B,Pass,High
781,EEE20240781,Dalaja Buch,dalaja.buch99@college.edu,+91-8346087107,Female,Electrical & Electronics Engineering,B.E. Electrical & Electronics Engineering,3,6,A,2024-2025,7.75,76.76,35.34,19.94,14.19,40.99,61.7,70,59,84.29,5.36,97.06,2.89,4,83.74,82.03,A+,Pass,Low
782,ME20240782,Nihal Merchant,nihal.merchant23@college.edu,+91-7919589589,Male,Mechanical Engineering,B.E. Mechanical Engineering,4,7,B,2024-2025,5.37,59.25,18.68,10.03,15.62,35.27,46.08,68,40,58.82,5.52,39.8,1.57,1,69.76,60.3,B+,Pass,High
783,IT20250783,Niharika Sehgal,niharika.sehgal15@college.edu,+91-8359313973,Female,Information Technology,B.E. Information Technology,1,2,C,2025-2026,7.57,82.18,28.58,23.02,14.44,39.45,49.29,77,52,67.53,4.66,55.79,2.43,2,69.8,73.45,A,Pass,Low
784,ME20250784,Tanay Ganesan,tanay.ganesan48@college.edu,+91-8323586087,Male,Mechanical Engineering,B.E. Mechanical Engineering,2,4,A,2025-2026,8.69,83.88,30.42,21.78,20.0,46.07,63.22,60,50,83.33,6.5,86.21,3.34,3,76.06,86.46,A+,Pass,Low
785,EEE20240785,Tristan Panchal,tristan.panchal50@college.edu,+91-8328298095,Male,Electrical & Electronics Engineering,B.E. Electrical & Electronics Engineering,1,1,C,2024-2025,8.0,78.75,35.84,17.84,20.0,45.01,73.1,80,65,81.25,5.42,100.0,2.83,5,83.59,91.67,O,Pass,Low
786,IT20250786,Udant Basak,udant.basak51@college.edu,+91-8097508854,Male,Information Technology,B.E. Information Technology,1,1,B,2025-2026,3.46,35.52,11.97,7.83,6.59,21.02,25.57,69,21,30.43,2.43,20.0,0.34,0,21.25,34.85,F,Fail,High
787,CE20240787,Qushi Saran,qushi.saran81@college.edu,+91-8362296424,Female,Civil Engineering,B.E. Civil Engineering,2,4,A,2024-2025,4.88,50.25,21.28,19.2,12.24,29.06,40.87,88,49,55.68,4.18,58.22,4.34,4,56.99,58.04,B,Pass,High
788,ME20240788,Mahika Bhandari,mahika.bhandari63@college.edu,+91-9023321653,Female,Mechanical Engineering,B.E. Mechanical Engineering,4,7,B,2024-2025,5.46,42.53,15.59,14.73,11.16,19.46,41.72,83,38,45.78,3.75,44.61,4.15,1,53.51,48.47,C,Pass,High
789,CE20240789,Bishakha Ravi,bishakha.ravi65@college.edu,+91-7285045092,Female,Civil Engineering,B.E. Civil Engineering,3,6,A,2024-2025,5.6,61.66,16.94,10.33,11.95,15.54,34.78,71,42,59.15,3.52,40.62,1.96,1,52.5,42.58,C,Pass,High
790,ME20240790,Rajata Varghese,rajata.varghese83@college.edu,+91-9755618874,Female,Mechanical Engineering,B.E. Mechanical Engineering,3,6,C,2024-2025,7.44,76.38,28.76,19.9,17.01,37.69,75.0,65,51,78.46,8.39,74.21,3.19,3,79.7,84.69,A+,Pass,Low
791,CE20240791,Gauri Balasubramanian,gauri.balasubramanian41@college.edu,+91-9473082326,Female,Civil Engineering,B.E. Civil Engineering,2,3,B,2024-2025,4.1,38.66,18.48,11.26,7.82,28.58,26.36,62,19,30.65,2.01,23.32,2.68,0,46.88,44.24,C,Pass,High
792,CSE20250792,Ekbal Sarma,ekbal.sarma95@college.edu,+91-7573420239,Male,Computer Science Engineering,B.E. Computer Science Engineering,2,4,B,2025-2026,6.17,70.95,21.42,15.43,15.09,36.31,60.03,68,44,64.71,6.22,69.85,2.39,1,61.07,70.6,A,Pass,Medium
793,EEE20240793,Anay Date,anay.date24@college.edu,+91-8690044623,Male,Electrical & Electronics Engineering,B.E. Electrical & Electronics Engineering,3,6,A,2024-2025,9.08,90.32,30.1,23.32,19.35,50.0,75.0,88,88,100.0,7.09,81.13,3.01,2,96.84,94.06,O,Pass,Low
794,CE20240794,Bhavna Keer,bhavna.keer60@college.edu,+91-7851546865,Female,Civil Engineering,B.E. Civil Engineering,2,3,A,2024-2025,5.12,46.04,17.28,15.03,3.96,19.63,36.14,68,25,36.76,1.28,45.48,1.21,2,77.52,43.31,C,Pass,High
795,CSE20250795,Rajeshri Pathak,rajeshri.pathak20@college.edu,+91-7382515219,Female,Computer Science Engineering,B.E. Computer Science Engineering,1,2,C,2025-2026,7.84,79.54,37.27,23.76,15.5,44.2,56.89,90,77,85.56,6.67,78.19,2.71,2,77.79,84.53,A+,Pass,Low
796,EEE20250796,Sanaya Bali,sanaya.bali59@college.edu,+91-9893133105,Female,Electrical & Electronics Engineering,B.E. Electrical & Electronics Engineering,1,1,C,2025-2026,6.39,64.3,22.04,13.88,7.73,24.72,41.9,75,39,52.0,3.85,43.79,2.09,1,46.7,52.35,B,Pass,High
797,ME20250797,Ganga Sengupta,ganga.sengupta49@college.edu,+91-7559201866,Female,Mechanical Engineering,B.E. Mechanical Engineering,2,3,B,2025-2026,8.76,90.31,32.92,18.76,19.06,45.27,61.33,73,70,95.89,8.24,98.5,3.71,4,96.37,84.75,A+,Pass,Low
798,EEE20240798,Qasim Prabhu,qasim.prabhu53@college.edu,+91-7626819783,Male,Electrical & Electronics Engineering,B.E. Electrical & Electronics Engineering,2,4,C,2024-2025,8.05,84.96,29.91,24.93,15.43,34.3,45.47,60,38,63.33,6.27,74.1,1.7,2,73.87,71.01,A,Pass,Low
799,IT20250799,Vamakshi Bose,vamakshi.bose83@college.edu,+91-8967799880,Female,Information Technology,B.E. Information Technology,2,4,A,2025-2026,7.66,81.18,27.59,23.12,15.62,39.18,45.89,62,45,72.58,4.53,61.35,1.57,0,47.16,71.86,A,Pass,Low
800,CSE20240800,Ekantika Wagle,ekantika.wagle91@college.edu,+91-8818020775,Female,Computer Science Engineering,B.E. Computer Science Engineering,3,6,C,2024-2025,7.37,67.49,24.68,10.94,11.59,27.31,53.31,83,52,62.65,4.86,67.38,2.83,3,64.1,61.04,B+,Pass,Low
801,AIDS20250801,Rajeshri Rao,rajeshri.rao61@college.edu,+91-8521714121,Female,AI & Data Science,B.Tech. AI & Data Science,1,1,A,2025-2026,6.28,60.56,22.06,16.82,9.64,13.79,40.03,79,50,63.29,3.83,38.2,1.36,5,40.19,48.16,C,Pass,Medium
802,CE20250802,Naksh Mallick,naksh.mallick51@college.edu,+91-9883048433,Male,Civil Engineering,B.E. Civil Engineering,1,1,B,2025-2026,6.25,63.13,28.21,18.66,16.46,35.12,55.38,71,45,63.38,5.28,57.4,2.0,1,76.96,73.2,A,Pass,Medium
803,EEE20240803,Jeet Comar,jeet.comar44@college.edu,+91-9010409194,Male,Electrical & Electronics Engineering,B.E. Electrical & Electronics Engineering,1,1,B,2024-2025,5.56,53.7,25.46,12.98,10.19,37.14,36.97,64,39,60.94,5.06,47.53,2.55,0,54.12,58.84,B,Pass,Medium
804,ME20240804,Agastya Grewal,agastya.grewal17@college.edu,+91-9144093270,Male,Mechanical Engineering,B.E. Mechanical Engineering,4,7,B,2024-2025,2.43,20.0,17.56,8.02,9.34,5.58,20.04,87,39,44.83,2.53,20.0,1.32,5,29.82,28.8,F,Fail,High
805,IT20250805,Yahvi Vasa,yahvi.vasa98@college.edu,+91-8132831715,Female,Information Technology,B.E. Information Technology,3,6,B,2025-2026,6.03,61.08,23.23,15.41,10.25,36.96,49.01,76,41,53.95,5.55,63.87,1.36,2,41.56,64.26,B+,Pass,Medium
806,CSE20250806,Rishi Dalal,rishi.dalal20@college.edu,+91-7234364203,Male,Computer Science Engineering,B.E. Computer Science Engineering,3,6,A,2025-2026,5.62,58.98,29.03,16.83,8.86,30.18,37.81,67,45,67.16,4.09,53.07,2.35,1,90.41,58.42,B,Pass,Medium
807,ECE20250807,Karan Lad,karan.lad64@college.edu,+91-7175199056,Male,Electronics & Communication Engineering,B.E. Electronics & Communication Engineering,3,5,C,2025-2026,6.83,68.75,28.83,12.91,13.6,39.96,52.66,74,46,62.16,5.59,59.75,2.03,2,61.58,70.93,A,Pass,Low
808,ME20240808,Vansha Kala,vansha.kala19@college.edu,+91-7531090911,Female,Mechanical Engineering,B.E. Mechanical Engineering,4,8,B,2024-2025,8.12,76.59,33.75,25.0,14.5,48.58,61.73,71,50,70.42,6.84,81.84,2.38,0,85.62,87.22,A+,Pass,Low
809,CE20250809,Mekhala Swaminathan,mekhala.swaminathan85@college.edu,+91-9515465308,Female,Civil Engineering,B.E. Civil Engineering,3,5,A,2025-2026,5.48,52.99,16.03,17.38,10.98,25.92,44.76,66,39,59.09,3.62,47.56,2.17,2,51.72,54.3,B,Pass,High
810,AIDS20240810,Irya Das,irya.das87@college.edu,+91-7405037845,Female,AI & Data Science,B.Tech. AI & Data Science,2,4,A,2024-2025,7.0,72.65,29.45,17.97,9.33,37.12,47.31,88,50,56.82,7.12,64.47,2.18,2,44.13,67.22,B+,Pass,Medium
811,IT20240811,Ekanta Borah,ekanta.borah20@college.edu,+91-7124015059,Female,Information Technology,B.E. Information Technology,1,2,B,2024-2025,9.86,97.44,37.27,24.29,20.0,49.22,65.21,62,59,95.16,4.91,94.74,4.71,2,91.01,93.39,O,Pass,Low
812,ME20250812,Varsha Gera,varsha.gera1@college.edu,+91-8414877840,Female,Mechanical Engineering,B.E. Mechanical Engineering,4,8,C,2025-2026,7.36,64.33,35.04,25.0,17.61,42.33,57.04,61,42,68.85,6.94,78.01,3.7,3,58.43,84.11,A+,Pass,Low
813,ECE20240813,Vamakshi Chahal,vamakshi.chahal37@college.edu,+91-8388008205,Female,Electronics & Communication Engineering,B.E. Electronics & Communication Engineering,3,5,A,2024-2025,4.24,40.3,19.01,11.54,12.4,21.96,36.45,85,47,55.29,3.91,49.49,0.42,0,43.57,48.31,C,Pass,High
814,AIDS20250814,Nathaniel Palan,nathaniel.palan99@college.edu,+91-8713336599,Male,AI & Data Science,B.Tech. AI & Data Science,4,7,B,2025-2026,5.57,56.03,19.91,5.8,15.63,33.61,48.44,62,45,72.58,4.87,35.71,1.12,0,54.31,59.5,B,Pass,Medium
815,CSE20250815,Bhavini Mannan,bhavini.mannan84@college.edu,+91-7662003357,Female,Computer Science Engineering,B.E. Computer Science Engineering,2,4,B,2025-2026,5.13,55.89,24.6,12.82,6.59,24.48,51.74,63,35,55.56,3.37,35.0,1.8,0,49.82,57.11,B,Pass,High
816,CE20240816,Mason Dugar,mason.dugar13@college.edu,+91-8578215040,Male,Civil Engineering,B.E. Civil Engineering,4,8,C,2024-2025,7.68,75.42,26.02,16.96,8.86,20.34,40.63,76,51,67.11,3.98,53.8,1.9,1,92.58,53.36,B,Pass,Low
817,ECE20250817,Gagan Pathak,gagan.pathak55@college.edu,+91-8581561716,Male,Electronics & Communication Engineering,B.E. Electronics & Communication Engineering,4,8,B,2025-2026,8.07,82.92,28.33,14.19,19.03,37.93,38.53,79,70,88.61,4.8,87.44,3.13,1,49.31,66.3,B+,Pass,Low
818,ME20250818,Yashoda Kapur,yashoda.kapur87@college.edu,+91-7963061418,Female,Mechanical Engineering,B.E. Mechanical Engineering,4,7,A,2025-2026,4.94,48.52,11.36,8.18,11.31,26.88,51.87,80,27,33.75,2.21,59.43,1.51,2,47.23,52.25,B,Pass,High
819,CSE20250819,Darsh Iyer,darsh.iyer62@college.edu,+91-8290179231,Male,Computer Science Engineering,B.E. Computer Science Engineering,4,7,B,2025-2026,9.57,99.18,39.97,22.28,20.0,50.0,67.32,64,61,95.31,8.56,98.18,4.66,5,61.35,95.32,O,Pass,Low
820,ME20250820,Ekaraj Khalsa,ekaraj.khalsa7@college.edu,+91-9366502646,Male,Mechanical Engineering,B.E. Mechanical Engineering,3,5,C,2025-2026,9.29,92.24,38.84,21.26,20.0,49.18,75.0,62,57,91.94,7.09,100.0,3.51,5,69.51,97.51,O,Pass,Low
821,EEE20240821,Yatin Bal,yatin.bal93@college.edu,+91-9441595296,Male,Electrical & Electronics Engineering,B.E. Electrical & Electronics Engineering,1,2,B,2024-2025,7.86,76.58,30.35,22.66,14.96,32.43,53.45,86,72,83.72,5.56,91.7,3.86,2,95.37,72.88,A,Pass,Low
822,IT20250822,Pranit Pillay,pranit.pillay24@college.edu,+91-8687738937,Male,Information Technology,B.E. Information Technology,1,1,A,2025-2026,6.43,60.75,18.19,19.71,15.81,33.25,37.46,61,38,62.3,3.9,75.37,2.11,0,61.66,58.99,B,Pass,Low
823,ME20250823,Vinaya Dayal,vinaya.dayal58@college.edu,+91-9679245233,Female,Mechanical Engineering,B.E. Mechanical Engineering,3,6,C,2025-2026,7.97,81.94,39.24,16.78,19.56,45.16,64.89,85,73,85.88,6.39,84.55,3.24,2,76.74,88.97,A+,Pass,Low
824,CE20240824,Chameli Bhatti,chameli.bhatti78@college.edu,+91-8113760908,Female,Civil Engineering,B.E. Civil Engineering,2,3,A,2024-2025,8.69,84.71,30.07,16.63,13.48,31.36,51.31,87,61,70.11,4.9,50.5,3.37,3,98.22,68.06,B+,Pass,Low
825,ECE20240825,Mohammed Rao,mohammed.rao84@college.edu,+91-9049214240,Male,Electronics & Communication Engineering,B.E. Electronics & Communication Engineering,1,1,B,2024-2025,8.39,83.62,33.6,17.55,15.52,44.76,67.17,74,72,97.3,6.52,91.74,3.51,3,75.59,85.31,A+,Pass,Low
826,CE20250826,Wakeeta Vora,wakeeta.vora89@college.edu,+91-9899542255,Female,Civil Engineering,B.E. Civil Engineering,4,8,C,2025-2026,5.4,52.73,22.97,12.37,14.64,14.55,39.32,72,33,45.83,4.19,72.75,1.39,3,45.89,49.38,C,Pass,Medium
827,AIDS20240827,Samesh Rout,samesh.rout3@college.edu,+91-9989436561,Male,AI & Data Science,B.Tech. AI & Data Science,2,3,A,2024-2025,8.51,85.78,31.7,14.29,20.0,35.19,62.22,66,54,81.82,5.24,83.32,4.05,4,41.72,78.2,A,Pass,Low
828,CSE20240828,Balhaar Dass,balhaar.dass81@college.edu,+91-9313194377,Male,Computer Science Engineering,B.E. Computer Science Engineering,4,7,C,2024-2025,6.28,67.59,25.66,18.86,12.4,39.02,55.37,66,59,89.39,5.3,71.31,2.4,0,62.94,71.92,A,Pass,Low
829,CE20250829,Nathan Borah,nathan.borah22@college.edu,+91-7654648523,Male,Civil Engineering,B.E. Civil Engineering,4,7,B,2025-2026,6.78,71.7,29.34,21.32,10.85,45.52,60.32,83,60,72.29,5.9,61.13,3.21,3,74.9,79.53,A,Pass,Low
830,ECE20240830,Umang Shukla,umang.shukla73@college.edu,+91-8682482133,Male,Electronics & Communication Engineering,B.E. Electronics & Communication Engineering,4,7,B,2024-2025,4.92,49.6,27.28,11.41,10.51,37.18,37.46,61,43,70.49,3.52,49.09,3.15,1,51.22,59.53,B,Pass,Medium
831,AIDS20250831,Orinder Dave,orinder.dave52@college.edu,+91-9087787720,Male,AI & Data Science,B.Tech. AI & Data Science,4,8,B,2025-2026,6.54,65.49,33.07,19.71,16.96,40.83,47.17,76,68,89.47,4.51,74.15,3.31,3,88.67,75.32,A,Pass,Low
832,EEE20240832,Gavin Dayal,gavin.dayal55@college.edu,+91-9475633552,Male,Electrical & Electronics Engineering,B.E. Electrical & Electronics Engineering,4,7,C,2024-2025,8.3,83.9,24.4,21.14,12.75,32.82,50.24,70,46,65.71,4.68,83.65,4.44,3,89.71,66.88,B+,Pass,Low
833,IT20250833,Upma Thakkar,upma.thakkar83@college.edu,+91-8489340533,Female,Information Technology,B.E. Information Technology,4,8,A,2025-2026,6.78,69.47,28.39,15.42,9.66,22.38,51.0,74,46,62.16,5.65,63.78,2.77,3,69.03,60.19,B+,Pass,Low
834,AIDS20240834,Ayaan Dash,ayaan.dash57@college.edu,+91-7996875277,Male,AI & Data Science,B.Tech. AI & Data Science,2,4,C,2024-2025,4.29,47.8,22.21,11.45,7.67,18.31,42.81,76,26,34.21,2.16,20.0,0.16,0,41.16,48.65,C,Pass,High
835,ME20250835,Yochana Dua,yochana.dua50@college.edu,+91-8790404672,Female,Mechanical Engineering,B.E. Mechanical Engineering,3,6,A,2025-2026,9.72,97.07,30.53,19.3,20.0,43.38,66.53,86,65,75.58,6.02,90.85,3.63,5,84.16,85.72,A+,Pass,Low
836,ME20240836,Max Gala,max.gala96@college.edu,+91-7370191370,Male,Mechanical Engineering,B.E. Mechanical Engineering,3,6,A,2024-2025,6.62,63.59,33.84,25.0,20.0,35.92,60.16,81,81,100.0,5.97,94.44,3.02,2,57.63,82.95,A+,Pass,Low
837,CSE20250837,Faris Naidu,faris.naidu54@college.edu,+91-9120533071,Male,Computer Science Engineering,B.E. Computer Science Engineering,2,3,C,2025-2026,3.94,40.48,15.96,9.33,8.9,29.45,39.59,69,33,47.83,3.78,41.72,2.58,0,53.02,49.36,C,Pass,High
838,EEE20250838,Isaiah Pal,isaiah.pal21@college.edu,+91-7750394310,Male,Electrical & Electronics Engineering,B.E. Electrical & Electronics Engineering,1,1,B,2025-2026,6.4,63.08,24.91,17.49,16.91,28.13,39.77,86,68,79.07,4.27,68.32,2.42,4,67.83,60.53,B+,Pass,Low
839,EEE20250839,Lucky Brar,lucky.brar30@college.edu,+91-7518351152,Male,Electrical & Electronics Engineering,B.E. Electrical & Electronics Engineering,1,1,B,2025-2026,6.99,71.79,38.0,20.55,20.0,32.51,52.12,77,53,68.83,5.63,72.02,2.52,1,66.09,77.8,A,Pass,Low
840,IT20250840,Ladli Hegde,ladli.hegde89@college.edu,+91-9213572221,Female,Information Technology,B.E. Information Technology,3,6,A,2025-2026,3.17,27.93,13.93,7.99,4.12,13.49,38.09,79,24,30.38,2.32,35.14,1.56,2,23.59,36.74,F,Fail,High
841,ME20240841,Mahika Dass,mahika.dass79@college.edu,+91-9618451922,Female,Mechanical Engineering,B.E. Mechanical Engineering,1,2,B,2024-2025,3.85,42.97,26.16,12.07,12.9,29.8,33.65,85,47,55.29,5.15,30.55,1.51,3,37.03,54.96,B,Pass,High
842,AIDS20240842,Nidra Walla,nidra.walla47@college.edu,+91-7674449642,Female,AI & Data Science,B.Tech. AI & Data Science,1,1,A,2024-2025,5.74,61.24,17.66,14.23,7.95,22.0,33.42,83,45,54.22,3.13,47.9,2.0,2,41.53,45.09,C,Pass,High
843,ECE20250843,Chakradhar Thakkar,chakradhar.thakkar18@college.edu,+91-7528209967,Male,Electronics & Communication Engineering,B.E. Electronics & Communication Engineering,4,7,A,2025-2026,7.24,69.43,32.34,15.67,11.71,30.68,52.86,87,62,71.26,4.82,70.55,2.89,1,81.85,68.3,B+,Pass,Low
844,ECE20250844,Frado Dube,frado.dube22@college.edu,+91-7366076664,Male,Electronics & Communication Engineering,B.E. Electronics & Communication Engineering,1,1,B,2025-2026,6.07,59.42,23.82,14.62,11.41,40.58,38.33,68,41,60.29,5.71,56.49,3.92,2,66.3,61.64,B+,Pass,Medium
845,CE20240845,Frederick Nazareth,frederick.nazareth97@college.edu,+91-9274830614,Male,Civil Engineering,B.E. Civil Engineering,4,8,C,2024-2025,5.94,58.22,16.73,14.54,15.49,28.74,41.11,73,39,53.42,5.34,66.95,2.2,4,59.66,55.48,B,Pass,Medium
846,CSE20250846,Anvi Balakrishnan,anvi.balakrishnan67@college.edu,+91-9930020860,Female,Computer Science Engineering,B.E. Computer Science Engineering,4,8,B,2025-2026,8.45,87.92,27.52,17.81,17.59,27.24,40.99,71,42,59.15,4.44,62.67,2.11,5,32.76,62.43,B+,Pass,Medium
847,ECE20240847,Banjeet Bath,banjeet.bath41@college.edu,+91-8725077330,Male,Electronics & Communication Engineering,B.E. Electronics & Communication Engineering,2,3,C,2024-2025,5.54,54.58,27.28,10.52,11.14,30.63,45.0,84,37,44.05,4.74,36.08,2.75,1,63.91,59.73,B,Pass,High
848,AIDS20240848,Libni Kade,libni.kade8@college.edu,+91-9712733822,Female,AI & Data Science,B.Tech. AI & Data Science,4,7,C,2024-2025,6.72,66.76,34.97,17.99,13.06,30.22,45.07,82,58,70.73,4.71,48.22,0.84,4,46.6,67.35,B+,Pass,Medium
849,EEE20250849,Turvi Balasubramanian,turvi.balasubramanian41@college.edu,+91-8478144620,Female,Electrical & Electronics Engineering,B.E. Electrical & Electronics Engineering,3,6,B,2025-2026,9.64,98.63,33.23,23.98,19.98,48.15,62.31,60,53,88.33,8.27,91.87,3.59,4,100.0,89.35,A+,Pass,Low
850,EEE20240850,Yadavi Mann,yadavi.mann80@college.edu,+91-9655094916,Female,Electrical & Electronics Engineering,B.E. Electrical & Electronics Engineering,2,4,B,2024-2025,8.64,90.01,33.73,22.86,20.0,41.95,58.35,80,63,78.75,5.96,100.0,2.0,2,70.72,84.22,A+,Pass,Low
851,IT20240851,Matthew Subramanian,matthew.subramanian43@college.edu,+91-8675009496,Male,Information Technology,B.E. Information Technology,4,7,B,2024-2025,5.27,49.98,27.45,15.44,13.57,31.91,38.22,83,55,66.27,4.46,73.86,1.52,3,58.57,60.48,B+,Pass,Low
852,CSE20250852,Jason Ravi,jason.ravi97@college.edu,+91-9730248478,Male,Computer Science Engineering,B.E. Computer Science Engineering,3,5,A,2025-2026,6.46,61.05,25.28,18.28,11.56,32.08,44.94,65,36,55.38,5.53,60.71,3.77,0,74.79,62.74,B+,Pass,Medium
853,CE20250853,Neha Setty,neha.setty15@college.edu,+91-7257464979,Female,Civil Engineering,B.E. Civil Engineering,3,5,B,2025-2026,6.66,68.27,28.98,16.09,9.45,34.73,53.64,86,65,75.58,6.62,54.41,1.93,2,63.35,68.05,B+,Pass,Low
854,ME20240854,Balhaar Bhasin,balhaar.bhasin74@college.edu,+91-7022391377,Male,Mechanical Engineering,B.E. Mechanical Engineering,3,5,A,2024-2025,8.17,80.29,29.24,20.36,17.39,50.0,55.9,74,45,60.81,5.6,84.1,3.18,2,92.44,82.55,A+,Pass,Low
855,CSE20250855,Gaurangi Sarraf,gaurangi.sarraf92@college.edu,+91-9460010103,Female,Computer Science Engineering,B.E. Computer Science Engineering,2,4,B,2025-2026,6.12,60.26,31.09,20.97,15.48,33.45,57.57,81,65,80.25,6.3,67.42,1.98,1,63.39,75.26,A,Pass,Low
856,ECE20240856,Triya Sule,triya.sule47@college.edu,+91-8951244854,Female,Electronics & Communication Engineering,B.E. Electronics & Communication Engineering,2,3,B,2024-2025,7.03,66.15,26.02,10.76,16.51,31.71,43.13,63,44,69.84,4.83,59.27,1.25,1,61.7,61.55,B+,Pass,Low
857,ECE20240857,Vincent Jani,vincent.jani17@college.edu,+91-9045491387,Male,Electronics & Communication Engineering,B.E. Electronics & Communication Engineering,4,7,A,2024-2025,8.82,92.07,27.54,15.41,19.36,49.81,53.74,66,46,69.7,4.61,71.66,2.87,2,76.89,79.6,A,Pass,Low
858,IT20250858,Panini Dhawan,panini.dhawan57@college.edu,+91-9959309162,Female,Information Technology,B.E. Information Technology,4,8,B,2025-2026,5.99,58.85,19.17,12.36,9.87,31.89,39.99,89,40,44.94,3.92,45.22,2.14,5,53.76,54.07,B,Pass,High
859,ME20240859,Naksh Nagar,naksh.nagar59@college.edu,+91-7555705131,Male,Mechanical Engineering,B.E. Mechanical Engineering,4,7,A,2024-2025,7.35,77.66,27.9,9.21,17.5,29.28,52.77,90,54,60.0,6.99,60.51,0.18,3,59.2,65.65,B+,Pass,Low
860,CE20250860,Orinder Rastogi,orinder.rastogi21@college.edu,+91-9401001356,Male,Civil Engineering,B.E. Civil Engineering,1,1,B,2025-2026,4.76,47.18,22.55,9.65,9.69,22.63,26.15,71,27,38.03,5.04,58.75,2.75,4,50.67,43.49,C,Pass,High
861,AIDS20250861,Eiravati Prabhakar,eiravati.prabhakar6@college.edu,+91-9245312271,Female,AI & Data Science,B.Tech. AI & Data Science,4,7,A,2025-2026,8.8,89.88,35.57,21.67,14.37,32.12,49.88,64,64,100.0,6.04,82.82,2.47,1,65.32,72.98,A,Pass,Low
862,IT20250862,Chatresh Nagar,chatresh.nagar19@college.edu,+91-7610485820,Male,Information Technology,B.E. Information Technology,3,6,B,2025-2026,7.82,82.56,30.92,15.58,19.56,35.64,57.63,85,52,61.18,4.23,83.49,4.17,3,74.41,76.18,A,Pass,Low
863,AIDS20240863,Kavya Shukla,kavya.shukla63@college.edu,+91-7008958266,Female,AI & Data Science,B.Tech. AI & Data Science,3,6,A,2024-2025,8.16,82.33,26.62,18.37,15.13,31.67,64.0,63,43,68.25,5.61,66.03,1.86,3,84.24,73.92,A,Pass,Low
864,AIDS20250864,Divya Loke,divya.loke44@college.edu,+91-8620515349,Female,AI & Data Science,B.Tech. AI & Data Science,1,2,B,2025-2026,6.29,65.47,32.61,18.42,12.16,29.2,47.11,75,46,61.33,5.98,70.67,1.54,4,54.8,66.34,B+,Pass,Low
865,CE20250865,Varenya Kota,varenya.kota86@college.edu,+91-8928761313,Female,Civil Engineering,B.E. Civil Engineering,2,3,C,2025-2026,8.25,78.67,29.34,16.98,13.13,44.09,42.79,64,46,71.88,5.7,76.77,2.67,4,100.0,70.04,A,Pass,Low
866,IT20240866,Ekta Chatterjee,ekta.chatterjee44@college.edu,+91-9323553486,Female,Information Technology,B.E. Information Technology,1,2,B,2024-2025,6.53,65.87,33.47,22.82,19.1,35.42,48.57,61,50,81.97,5.09,76.29,2.06,5,90.95,75.79,A,Pass,Low
867,ECE20240867,Arya Mannan,arya.mannan99@college.edu,+91-8326492387,Female,Electronics & Communication Engineering,B.E. Electronics & Communication Engineering,3,5,A,2024-2025,7.8,78.43,30.48,15.97,10.78,38.04,53.36,77,64,83.12,4.83,52.54,3.19,3,83.64,70.94,A,Pass,Low
868,ME20240868,Sanaya Sahota,sanaya.sahota67@college.edu,+91-7813449059,Female,Mechanical Engineering,B.E. Mechanical Engineering,1,1,C,2024-2025,8.24,76.88,32.68,21.48,12.05,33.15,61.46,84,74,88.1,5.42,63.11,2.8,2,64.48,76.22,A,Pass,Low
869,AIDS20250869,Kritika Dutta,kritika.dutta32@college.edu,+91-9489160101,Female,AI & Data Science,B.Tech. AI & Data Science,1,1,A,2025-2026,7.73,75.23,26.31,20.13,16.94,22.35,47.72,74,67,90.54,4.47,55.07,3.18,0,70.53,63.12,B+,Pass,Low
870,EEE20240870,Nihal Munshi,nihal.munshi3@college.edu,+91-8460102292,Male,Electrical & Electronics Engineering,B.E. Electrical & Electronics Engineering,3,6,C,2024-2025,9.5,97.41,32.73,20.99,17.82,39.37,61.87,73,73,100.0,6.61,96.72,3.03,1,90.15,82.23,A+,Pass,Low
871,AIDS20240871,Girish Dutta,girish.dutta13@college.edu,+91-9326924276,Male,AI & Data Science,B.Tech. AI & Data Science,3,6,B,2024-2025,7.2,74.86,31.34,21.12,19.49,34.17,53.58,65,50,76.92,5.95,85.34,3.76,2,86.88,75.95,A,Pass,Low
872,CSE20250872,Yahvi Varma,yahvi.varma87@college.edu,+91-7726670039,Female,Computer Science Engineering,B.E. Computer Science Engineering,3,5,A,2025-2026,8.17,81.06,31.8,16.54,13.62,39.5,36.2,61,44,72.13,4.08,52.81,1.58,3,69.66,65.97,B+,Pass,Low
873,IT20240873,Vivaan Tara,vivaan.tara13@college.edu,+91-8374567624,Male,Information Technology,B.E. Information Technology,2,3,C,2024-2025,7.76,76.13,23.75,22.96,12.24,35.16,65.6,64,46,71.88,7.24,77.54,2.22,2,50.74,75.37,A,Pass,Low
874,IT20240874,Mitesh Tank,mitesh.tank97@college.edu,+91-9564115326,Male,Information Technology,B.E. Information Technology,3,6,A,2024-2025,6.64,64.23,21.07,14.62,13.25,30.52,49.72,78,49,62.82,2.9,65.73,1.51,1,68.39,61.47,B+,Pass,Medium
875,EEE20240875,Advay Chana,advay.chana71@college.edu,+91-8748380110,Male,Electrical & Electronics Engineering,B.E. Electrical & Electronics Engineering,4,7,B,2024-2025,8.82,87.34,26.81,18.09,19.63,39.4,42.63,62,51,82.26,7.23,72.58,2.16,2,76.28,70.05,A,Pass,Low
876,ECE20240876,Ronith Tiwari,ronith.tiwari72@college.edu,+91-9798389847,Male,Electronics & Communication Engineering,B.E. Electronics & Communication Engineering,2,3,B,2024-2025,4.67,50.71,21.01,14.64,16.69,43.81,47.02,85,56,65.88,5.32,39.31,4.03,1,52.55,68.55,B+,Pass,Medium
877,EEE20240877,Vasudha Khosla,vasudha.khosla19@college.edu,+91-8603333719,Female,Electrical & Electronics Engineering,B.E. Electrical & Electronics Engineering,4,8,A,2024-2025,6.93,73.68,28.25,15.63,8.73,48.84,49.13,77,62,80.52,6.41,68.99,3.89,5,88.21,72.09,A,Pass,Low
878,CE20250878,Hritik Pandit,hritik.pandit60@college.edu,+91-9666014714,Male,Civil Engineering,B.E. Civil Engineering,2,4,C,2025-2026,8.64,85.81,30.23,25.0,16.85,27.6,54.16,69,59,85.51,5.87,85.24,2.73,3,67.76,72.62,A,Pass,Low
879,CSE20250879,Arunima Bedi,arunima.bedi88@college.edu,+91-8632746899,Female,Computer Science Engineering,B.E. Computer Science Engineering,1,1,B,2025-2026,5.72,54.47,17.28,25.0,15.64,31.34,58.34,71,53,74.65,7.09,62.38,0.88,4,54.37,69.36,B+,Pass,Medium
880,CSE20240880,Lohit Talwar,lohit.talwar51@college.edu,+91-9999731058,Male,Computer Science Engineering,B.E. Computer Science Engineering,3,5,A,2024-2025,8.27,85.14,32.81,23.66,15.19,40.46,75.0,63,55,87.3,8.96,80.79,2.45,4,86.28,88.7,A+,Pass,Low
881,ME20250881,Vrinda Mangal,vrinda.mangal44@college.edu,+91-9728033887,Female,Mechanical Engineering,B.E. Mechanical Engineering,3,6,A,2025-2026,7.06,72.31,35.96,17.79,16.28,38.82,47.52,68,60,88.24,4.79,81.23,2.47,5,65.2,74.82,A,Pass,Low
882,ME20250882,Aayush Chokshi,aayush.chokshi59@college.edu,+91-9574891590,Male,Mechanical Engineering,B.E. Mechanical Engineering,4,8,A,2025-2026,8.66,89.94,36.3,20.09,18.78,41.46,53.7,70,49,70.0,5.94,73.12,3.36,0,51.85,81.36,A+,Pass,Low
883,ME20250883,Tanveer Desai,tanveer.desai2@college.edu,+91-9889252025,Male,Mechanical Engineering,B.E. Mechanical Engineering,2,3,C,2025-2026,5.87,50.28,25.84,9.58,10.78,43.61,47.94,65,36,55.38,4.12,61.62,2.91,2,67.51,66.32,B+,Pass,Medium
884,ME20240884,Libni Pau,libni.pau84@college.edu,+91-9797168211,Female,Mechanical Engineering,B.E. Mechanical Engineering,4,8,C,2024-2025,8.28,82.67,30.75,22.91,20.0,44.14,65.76,62,56,90.32,4.61,93.03,2.65,3,69.83,87.29,A+,Pass,Low
885,CE20250885,Tamanna Pau,tamanna.pau46@college.edu,+91-8661083050,Female,Civil Engineering,B.E. Civil Engineering,4,7,B,2025-2026,7.69,69.6,34.67,20.97,16.84,32.38,49.04,65,43,66.15,7.06,73.5,2.86,4,54.13,73.22,A,Pass,Low
886,CE20250886,Aradhana Rattan,aradhana.rattan57@college.edu,+91-7040215075,Female,Civil Engineering,B.E. Civil Engineering,1,1,B,2025-2026,6.35,56.99,23.41,15.42,15.72,38.02,42.12,67,53,79.1,5.1,60.28,3.88,3,29.62,64.39,B+,Pass,Medium
887,CE20240887,Ati Hayer,ati.hayer81@college.edu,+91-8302141873,Female,Civil Engineering,B.E. Civil Engineering,3,6,A,2024-2025,8.02,78.69,34.52,19.77,15.7,40.93,62.06,85,68,80.0,6.27,89.82,3.59,3,91.53,82.45,A+,Pass,Low
888,CSE20250888,Pratyush Mani,pratyush.mani91@college.edu,+91-9602866012,Male,Computer Science Engineering,B.E. Computer Science Engineering,4,8,A,2025-2026,6.8,70.01,30.34,10.85,13.63,36.64,44.85,66,52,78.79,5.17,50.12,2.3,0,63.16,65.57,B+,Pass,Low
889,CE20250889,Balhaar Raju,balhaar.raju25@college.edu,+91-9833984422,Male,Civil Engineering,B.E. Civil Engineering,4,7,B,2025-2026,7.22,74.3,29.49,18.75,9.62,41.83,58.55,83,48,57.83,7.1,74.34,1.0,3,53.92,75.29,A,Pass,Medium
890,ME20240890,Yashawini Seshadri,yashawini.seshadri17@college.edu,+91-8115078625,Female,Mechanical Engineering,B.E. Mechanical Engineering,2,3,C,2024-2025,7.1,74.27,26.05,17.33,11.77,34.5,55.29,89,63,70.79,4.06,67.85,2.81,3,44.78,68.9,B+,Pass,Low
891,CSE20240891,Meera Dani,meera.dani89@college.edu,+91-9910847341,Female,Computer Science Engineering,B.E. Computer Science Engineering,3,5,C,2024-2025,6.75,64.64,33.23,17.19,16.32,37.59,53.41,77,58,75.32,6.91,71.07,1.23,3,47.91,75.37,A,Pass,Low
892,ME20240892,Eesha Chatterjee,eesha.chatterjee42@college.edu,+91-8857780247,Female,Mechanical Engineering,B.E. Mechanical Engineering,4,7,B,2024-2025,6.82,67.24,30.37,18.59,16.55,35.09,59.39,87,66,75.86,4.83,75.0,3.72,5,73.38,76.15,A,Pass,Low
893,IT20250893,Ronith Prakash,ronith.prakash6@college.edu,+91-7964427223,Male,Information Technology,B.E. Information Technology,1,2,B,2025-2026,7.74,75.96,31.81,16.88,20.0,36.15,52.55,61,53,86.89,6.79,79.38,3.34,2,88.23,75.26,A,Pass,Low
894,ECE20250894,Omkaar Pau,omkaar.pau11@college.edu,+91-9455946550,Male,Electronics & Communication Engineering,B.E. Electronics & Communication Engineering,4,8,A,2025-2026,5.86,56.33,26.92,14.6,11.99,23.05,56.84,85,60,70.59,4.02,60.62,1.7,0,54.05,63.35,B+,Pass,Medium
895,ME20240895,Ekbal Issac,ekbal.issac43@college.edu,+91-8334901018,Male,Mechanical Engineering,B.E. Mechanical Engineering,2,4,A,2024-2025,6.21,56.4,32.94,17.68,16.08,26.84,58.98,62,51,82.26,7.48,71.1,3.91,3,100.0,72.52,A,Pass,Low
896,AIDS20240896,Yashoda Ratti,yashoda.ratti81@college.edu,+91-8435818438,Female,AI & Data Science,B.Tech. AI & Data Science,1,2,B,2024-2025,6.04,55.46,23.82,16.74,12.73,27.37,47.21,86,74,86.05,3.07,59.18,3.89,2,72.17,60.68,B+,Pass,Low
897,AIDS20240897,Yamini Baria,yamini.baria67@college.edu,+91-8016806276,Female,AI & Data Science,B.Tech. AI & Data Science,4,7,B,2024-2025,6.48,69.9,29.76,14.54,14.8,34.74,49.05,90,56,62.22,5.83,62.29,3.96,0,62.28,68.35,B+,Pass,Medium
898,EEE20250898,Aradhana Barad,aradhana.barad11@college.edu,+91-7260648438,Female,Electrical & Electronics Engineering,B.E. Electrical & Electronics Engineering,4,7,C,2025-2026,6.07,61.53,27.59,16.89,11.5,38.63,44.12,89,55,61.8,4.38,59.51,4.47,0,62.03,66.21,B+,Pass,Medium
899,IT20250899,Ekapad Nath,ekapad.nath79@college.edu,+91-9689444996,Male,Information Technology,B.E. Information Technology,1,1,A,2025-2026,7.3,74.56,31.15,19.67,15.65,30.76,59.71,73,44,60.27,3.09,90.3,1.08,0,60.84,74.51,A,Pass,Low
900,ME20250900,Warjas Venkataraman,warjas.venkataraman80@college.edu,+91-8765695439,Male,Mechanical Engineering,B.E. Mechanical Engineering,1,1,B,2025-2026,7.86,82.35,36.88,18.42,13.91,47.52,55.44,67,52,77.61,6.16,83.78,3.15,4,82.08,82.39,A+,Pass,Low
901,CE20250901,Vasatika Dixit,vasatika.dixit80@college.edu,+91-9659574996,Female,Civil Engineering,B.E. Civil Engineering,1,2,B,2025-2026,5.99,64.56,25.48,17.73,16.62,36.74,63.9,63,50,79.37,6.02,75.02,1.97,2,61.45,76.34,A,Pass,Low
902,ME20250902,Yasti Dey,yasti.dey14@college.edu,+91-7441048728,Female,Mechanical Engineering,B.E. Mechanical Engineering,1,2,C,2025-2026,7.26,72.86,37.3,15.93,18.69,37.2,44.11,60,45,75.0,6.37,66.06,1.52,3,79.49,73.55,A,Pass,Low
903,AIDS20250903,Nihal Nagar,nihal.nagar62@college.edu,+91-9666534263,Male,AI & Data Science,B.Tech. AI & Data Science,2,3,C,2025-2026,4.51,42.56,20.21,15.65,7.19,24.59,38.06,74,37,50.0,3.2,49.0,2.73,0,52.05,50.02,B,Pass,High
904,CSE20250904,Gautami Ramaswamy,gautami.ramaswamy66@college.edu,+91-9799051568,Female,Computer Science Engineering,B.E. Computer Science Engineering,1,1,A,2025-2026,8.23,87.07,35.12,18.88,14.46,29.32,61.65,84,72,85.71,5.37,81.43,3.5,2,84.07,75.78,A,Pass,Low
905,EEE20250905,Netra Nayar,netra.nayar38@college.edu,+91-8584112736,Female,Electrical & Electronics Engineering,B.E. Electrical & Electronics Engineering,2,3,B,2025-2026,4.92,52.3,7.25,10.53,2.0,26.0,29.27,60,22,36.67,2.82,35.63,1.57,1,39.5,35.49,F,Fail,High
906,ME20240906,Zehaan Upadhyay,zehaan.upadhyay26@college.edu,+91-7860590754,Male,Mechanical Engineering,B.E. Mechanical Engineering,2,3,A,2024-2025,3.25,33.49,14.9,15.54,5.46,29.41,54.38,80,36,45.0,4.42,49.55,0.73,4,61.2,56.48,B,Pass,High
907,CE20250907,Zinal Suri,zinal.suri60@college.edu,+91-9575959464,Female,Civil Engineering,B.E. Civil Engineering,1,2,A,2025-2026,8.3,83.58,27.03,24.8,11.59,37.06,58.49,82,60,73.17,4.71,71.12,2.63,2,68.51,75.05,A,Pass,Low
908,EEE20250908,Mason Soman,mason.soman59@college.edu,+91-7181213895,Male,Electrical & Electronics Engineering,B.E. Electrical & Electronics Engineering,3,6,B,2025-2026,8.0,81.4,30.09,19.76,20.0,33.3,60.42,75,58,77.33,4.06,74.28,2.05,1,67.74,77.79,A,Pass,Low
909,AIDS20240909,Abhiram Pillay,abhiram.pillay95@college.edu,+91-8423846528,Male,AI & Data Science,B.Tech. AI & Data Science,2,3,B,2024-2025,4.53,46.24,19.99,10.63,4.63,26.85,26.09,85,30,35.29,1.94,43.58,2.94,2,37.96,42.17,C,Pass,High
910,CSE20250910,Noah Choudhary,noah.choudhary46@college.edu,+91-7128924554,Male,Computer Science Engineering,B.E. Computer Science Engineering,4,7,A,2025-2026,4.42,41.72,18.14,14.66,4.1,24.43,52.93,77,23,29.87,5.92,46.64,1.09,0,28.63,53.9,B,Pass,High
911,IT20250911,Sathvik Morar,sathvik.morar4@college.edu,+91-7855226225,Male,Information Technology,B.E. Information Technology,4,7,C,2025-2026,7.15,73.41,28.24,15.69,13.91,34.79,63.55,66,51,77.27,4.87,83.27,2.36,2,44.51,74.4,A,Pass,Low
912,CSE20240912,Agastya Som,agastya.som3@college.edu,+91-7756246771,Male,Computer Science Engineering,B.E. Computer Science Engineering,3,5,B,2024-2025,7.08,71.16,34.98,21.62,17.15,28.88,59.66,86,64,74.42,4.99,79.11,2.75,2,91.97,77.0,A,Pass,Low
913,AIDS20240913,Kevin Kari,kevin.kari27@college.edu,+91-8310275883,Male,AI & Data Science,B.Tech. AI & Data Science,1,1,B,2024-2025,6.89,70.26,36.19,25.0,14.64,39.06,63.43,74,64,86.49,7.55,81.75,3.85,1,93.68,84.55,A+,Pass,Low
914,CE20250914,Ati Srinivasan,ati.srinivasan9@college.edu,+91-7508924953,Female,Civil Engineering,B.E. Civil Engineering,3,5,C,2025-2026,9.18,92.71,33.36,20.98,16.0,46.94,63.03,64,59,92.19,6.44,83.65,3.18,4,83.28,85.96,A+,Pass,Low
915,CSE20250915,Harinakshi Viswanathan,harinakshi.viswanathan41@college.edu,+91-9575044041,Female,Computer Science Engineering,B.E. Computer Science Engineering,2,3,C,2025-2026,8.55,88.49,33.67,19.28,18.17,43.56,64.99,73,68,93.15,7.06,75.21,3.5,5,66.31,85.74,A+,Pass,Low
916,CSE20250916,Sachi Divan,sachi.divan42@college.edu,+91-8061594170,Female,Computer Science Engineering,B.E. Computer Science Engineering,1,1,C,2025-2026,7.12,67.79,33.24,17.38,17.01,37.88,40.56,61,32,52.46,5.79,70.23,1.53,3,60.87,69.95,B+,Pass,Medium
917,IT20240917,Keya Balay,keya.balay85@college.edu,+91-9640917193,Female,Information Technology,B.E. Information Technology,2,4,A,2024-2025,6.97,60.94,26.29,16.83,7.8,20.45,44.21,62,24,38.71,4.77,60.73,2.5,1,45.89,54.63,B,Pass,Medium
918,ECE20250918,Christopher Halder,christopher.halder92@college.edu,+91-8605796870,Male,Electronics & Communication Engineering,B.E. Electronics & Communication Engineering,3,6,C,2025-2026,7.8,76.67,27.49,9.41,16.48,36.05,47.04,76,38,50.0,5.44,63.4,2.73,3,39.92,65.73,B+,Pass,Medium
919,ME20250919,Adya Sastry,adya.sastry75@college.edu,+91-9790600319,Female,Mechanical Engineering,B.E. Mechanical Engineering,4,8,B,2025-2026,6.25,61.21,32.05,15.47,11.49,31.7,53.11,61,37,60.66,6.49,49.89,1.87,1,36.9,68.6,B+,Pass,High
920,CSE20240920,Naksh Sahota,naksh.sahota49@college.edu,+91-9454017128,Male,Computer Science Engineering,B.E. Computer Science Engineering,4,7,B,2024-2025,8.7,85.8,24.11,12.39,11.3,27.12,57.08,65,48,73.85,6.44,66.34,2.1,5,88.16,62.86,B+,Pass,Low
921,IT20240921,Faqid Sachar,faqid.sachar67@college.edu,+91-8510002930,Male,Information Technology,B.E. Information Technology,3,5,A,2024-2025,7.38,78.38,27.56,15.5,12.86,34.25,58.67,67,52,77.61,4.92,77.42,1.35,3,46.41,70.91,A,Pass,Low
922,ECE20250922,Harsh Roy,harsh.roy48@college.edu,+91-9136931179,Male,Electronics & Communication Engineering,B.E. Electronics & Communication Engineering,3,6,B,2025-2026,5.5,52.68,17.58,17.71,6.77,23.44,28.46,70,24,34.29,3.93,42.08,2.7,0,30.64,44.26,C,Pass,High
923,AIDS20250923,Yamini Sinha,yamini.sinha46@college.edu,+91-7353984828,Female,AI & Data Science,B.Tech. AI & Data Science,2,4,A,2025-2026,3.97,40.07,18.01,12.39,2.66,14.71,40.58,69,25,36.23,3.95,39.98,1.82,3,17.33,41.59,C,Pass,High
924,EEE20240924,Azaan Devi,azaan.devi47@college.edu,+91-7164417306,Male,Electrical & Electronics Engineering,B.E. Electrical & Electronics Engineering,1,2,A,2024-2025,7.02,68.34,29.58,15.99,12.74,37.4,60.41,77,64,83.12,5.1,73.04,2.24,1,90.14,74.44,A,Pass,Low
925,CSE20250925,Hemang Nair,hemang.nair78@college.edu,+91-7592126205,Male,Computer Science Engineering,B.E. Computer Science Engineering,3,6,B,2025-2026,3.57,35.72,15.27,15.13,6.43,21.46,33.67,87,43,49.43,3.06,43.7,1.19,3,39.93,43.35,C,Pass,High
926,ME20250926,Waida Vora,waida.vora52@college.edu,+91-8742719407,Female,Mechanical Engineering,B.E. Mechanical Engineering,3,5,B,2025-2026,7.5,75.51,30.26,15.09,14.12,27.01,45.7,86,63,73.26,5.11,65.37,3.51,3,57.19,63.06,B+,Pass,Low
927,ME20240927,Riya Murthy,riya.murthy30@college.edu,+91-7974641050,Female,Mechanical Engineering,B.E. Mechanical Engineering,1,2,C,2024-2025,5.02,49.0,29.61,19.4,18.25,34.38,45.81,83,56,67.47,3.98,65.94,2.14,3,36.12,70.26,A,Pass,Medium
928,ECE20250928,Gabriel Sharaf,gabriel.sharaf11@college.edu,+91-8344646168,Male,Electronics & Communication Engineering,B.E. Electronics & Communication Engineering,2,4,C,2025-2026,8.27,82.58,32.77,19.4,19.68,42.29,50.1,87,63,72.41,6.53,62.77,3.56,1,82.17,78.51,A,Pass,Low
929,CE20250929,Zinal Oommen,zinal.oommen4@college.edu,+91-8609324972,Female,Civil Engineering,B.E. Civil Engineering,4,7,B,2025-2026,8.24,86.41,28.92,18.04,10.75,33.88,58.01,64,46,71.88,5.54,81.71,4.05,3,50.1,71.06,A,Pass,Low
930,CSE20250930,Peter Lalla,peter.lalla54@college.edu,+91-8828450675,Male,Computer Science Engineering,B.E. Computer Science Engineering,3,5,B,2025-2026,4.43,40.99,19.91,14.76,8.45,22.85,44.86,81,39,48.15,1.52,36.03,2.53,3,70.43,52.44,B,Pass,High
931,CE20240931,Warhi Handa,warhi.handa5@college.edu,+91-7597579155,Female,Civil Engineering,B.E. Civil Engineering,3,6,C,2024-2025,7.06,69.83,33.25,25.0,14.36,42.77,62.71,64,52,81.25,6.63,88.2,2.45,5,52.6,84.46,A+,Pass,Low
932,IT20250932,Jatin Mallick,jatin.mallick50@college.edu,+91-7808908473,Male,Information Technology,B.E. Information Technology,4,8,A,2025-2026,9.94,98.23,40.0,24.32,13.53,41.35,75.0,75,70,93.33,6.38,86.09,4.03,1,100.0,92.16,O,Pass,Low
933,EEE20240933,Manthan Kar,manthan.kar71@college.edu,+91-7762941246,Male,Electrical & Electronics Engineering,B.E. Electrical & Electronics Engineering,4,8,A,2024-2025,8.59,79.02,28.14,19.1,10.44,40.35,34.06,61,46,75.41,5.26,79.51,3.0,4,79.28,63.0,B+,Pass,Low
934,EEE20240934,Manthan Mani,manthan.mani50@college.edu,+91-8218987399,Male,Electrical & Electronics Engineering,B.E. Electrical & Electronics Engineering,4,7,A,2024-2025,7.81,80.21,18.98,23.8,15.15,30.23,64.29,66,34,51.52,6.06,54.82,3.02,1,79.76,71.7,A,Pass,Medium
935,ME20250935,Hemang Suresh,hemang.suresh22@college.edu,+91-8403475329,Male,Mechanical Engineering,B.E. Mechanical Engineering,1,2,A,2025-2026,6.93,71.27,29.08,19.07,14.81,26.86,42.37,87,67,77.01,5.4,72.24,2.74,5,60.06,62.77,B+,Pass,Low
936,ECE20250936,Nathan Srinivasan,nathan.srinivasan9@college.edu,+91-8670711748,Male,Electronics & Communication Engineering,B.E. Electronics & Communication Engineering,2,3,A,2025-2026,7.85,76.01,21.24,22.44,10.79,38.97,49.49,90,62,68.89,7.16,75.88,4.28,5,76.26,67.57,B+,Pass,Low
937,CSE20250937,Priya Mahal,priya.mahal86@college.edu,+91-9039164674,Female,Computer Science Engineering,B.E. Computer Science Engineering,2,3,B,2025-2026,7.24,75.03,24.46,19.12,12.44,39.12,70.66,65,40,61.54,4.5,70.36,3.67,3,73.27,78.64,A,Pass,Low
938,IT20240938,Maanas Dara,maanas.dara19@college.edu,+91-8914402567,Male,Information Technology,B.E. Information Technology,2,4,B,2024-2025,6.74,66.82,30.07,12.55,15.86,39.16,63.5,62,50,80.65,6.93,64.09,3.46,4,93.39,77.2,A,Pass,Low
939,EEE20250939,Ranveer Rana,ranveer.rana74@college.edu,+91-7167867877,Male,Electrical & Electronics Engineering,B.E. Electrical & Electronics Engineering,2,4,C,2025-2026,8.73,88.7,23.22,21.27,16.45,41.06,62.93,83,73,87.95,6.53,80.04,2.26,0,70.53,78.24,A,Pass,Low
940,ME20250940,Orinder Dhingra,orinder.dhingra23@college.edu,+91-8782638028,Male,Mechanical Engineering,B.E. Mechanical Engineering,4,8,C,2025-2026,7.11,71.24,30.45,18.81,6.92,40.13,61.55,67,50,74.63,4.12,65.85,2.55,1,71.12,75.0,A,Pass,Low
941,EEE20240941,Mohini Basak,mohini.basak13@college.edu,+91-8690290029,Female,Electrical & Electronics Engineering,B.E. Electrical & Electronics Engineering,4,8,B,2024-2025,5.63,54.65,24.49,20.68,14.0,28.61,36.38,82,38,46.34,3.33,52.98,1.49,5,59.27,58.8,B,Pass,Medium
942,CSE20250942,Mitali Brar,mitali.brar9@college.edu,+91-9998076115,Female,Computer Science Engineering,B.E. Computer Science Engineering,2,4,C,2025-2026,8.79,87.15,30.32,22.43,18.36,35.9,61.77,83,71,85.54,6.29,86.72,2.6,3,97.95,80.08,A+,Pass,Low
943,CSE20240943,Prisha Sathe,prisha.sathe10@college.edu,+91-7451936033,Female,Computer Science Engineering,B.E. Computer Science Engineering,4,8,C,2024-2025,3.63,34.34,20.01,7.68,10.23,15.77,27.72,76,23,30.26,4.5,34.28,1.41,3,23.33,39.02,F,Fail,High
944,IT20250944,Kabir Srinivas,kabir.srinivas6@college.edu,+91-8984994253,Male,Information Technology,B.E. Information Technology,4,8,A,2025-2026,8.85,88.93,24.44,20.61,14.96,46.04,66.69,60,56,93.33,3.02,70.71,2.54,0,41.2,82.09,A+,Pass,Low
945,ME20250945,Jalsa Jaggi,jalsa.jaggi51@college.edu,+91-7162240931,Female,Mechanical Engineering,B.E. Mechanical Engineering,4,8,B,2025-2026,5.95,59.79,30.48,14.85,16.3,33.47,52.91,60,41,68.33,3.79,72.35,3.62,2,72.79,70.76,A,Pass,Low
946,ME20250946,Krishna Magar,krishna.magar9@college.edu,+91-7354543653,Male,Mechanical Engineering,B.E. Mechanical Engineering,2,4,C,2025-2026,7.44,74.18,31.33,24.98,17.58,39.63,51.51,77,58,75.32,7.01,86.46,2.73,3,92.52,78.3,A,Pass,Low
947,ME20250947,Ekantika Chopra,ekantika.chopra22@college.edu,+91-7077593439,Female,Mechanical Engineering,B.E. Mechanical Engineering,4,7,B,2025-2026,6.51,66.9,28.47,18.63,13.78,31.97,60.49,79,49,62.03,7.59,71.75,1.99,1,79.57,72.79,A,Pass,Low
948,IT20240948,Kashvi Kibe,kashvi.kibe2@college.edu,+91-9909338437,Female,Information Technology,B.E. Information Technology,1,2,A,2024-2025,6.8,64.39,22.0,13.29,11.88,23.9,54.89,68,49,72.06,3.09,34.74,2.76,1,53.38,59.82,B,Pass,Medium
949,IT20240949,Arya Wali,arya.wali69@college.edu,+91-7928428037,Female,Information Technology,B.E. Information Technology,2,3,C,2024-2025,5.21,49.77,12.42,17.42,7.92,22.28,40.0,74,43,58.11,2.44,38.41,2.53,2,45.51,46.95,C,Pass,High
950,CE20250950,Isaiah Kaul,isaiah.kaul77@college.edu,+91-7020039169,Male,Civil Engineering,B.E. Civil Engineering,1,2,C,2025-2026,6.08,60.43,26.91,23.21,12.88,34.05,62.53,61,47,77.05,3.37,82.93,1.27,4,50.09,75.38,A,Pass,Low
951,CE20240951,Atharv Chaudhry,atharv.chaudhry3@college.edu,+91-8811113558,Male,Civil Engineering,B.E. Civil Engineering,2,3,B,2024-2025,8.15,87.25,36.46,22.8,14.21,48.71,66.83,60,47,78.33,6.3,75.09,2.59,5,100.0,89.99,A+,Pass,Low
952,IT20240952,Triveni Narayanan,triveni.narayanan86@college.edu,+91-7721051498,Female,Information Technology,B.E. Information Technology,2,3,A,2024-2025,7.78,74.49,27.22,22.85,17.9,30.71,33.88,83,50,60.24,5.58,62.15,4.25,1,88.69,62.86,B+,Pass,Low
953,ECE20240953,Vrishti Chaudhry,vrishti.chaudhry70@college.edu,+91-8696786617,Female,Electronics & Communication Engineering,B.E. Electronics & Communication Engineering,1,2,B,2024-2025,7.55,77.1,25.72,16.38,11.69,38.37,43.57,90,63,70.0,4.42,66.24,3.24,2,47.97,64.78,B+,Pass,Low
954,CSE20250954,Ekapad Ahluwalia,ekapad.ahluwalia52@college.edu,+91-9808877515,Male,Computer Science Engineering,B.E. Computer Science Engineering,2,3,B,2025-2026,4.75,53.43,18.82,12.58,9.94,43.12,38.3,70,43,61.43,5.82,57.49,1.89,0,55.23,58.84,B,Pass,Medium
955,CSE20250955,Gaurangi Ray,gaurangi.ray48@college.edu,+91-7188716346,Female,Computer Science Engineering,B.E. Computer Science Engineering,4,7,A,2025-2026,8.25,84.5,25.09,17.15,11.42,31.99,54.26,62,39,62.9,6.93,67.27,3.59,4,65.36,66.43,B+,Pass,Low
956,ECE20240956,Wazir Sood,wazir.sood13@college.edu,+91-9576409769,Male,Electronics & Communication Engineering,B.E. Electronics & Communication Engineering,3,6,A,2024-2025,7.68,75.03,27.22,15.32,14.69,34.75,48.16,70,51,72.86,4.64,83.27,3.6,5,81.47,66.93,B+,Pass,Low
957,ME20240957,Irya Mani,irya.mani89@college.edu,+91-8365657739,Female,Mechanical Engineering,B.E. Mechanical Engineering,4,7,B,2024-2025,6.18,65.13,19.8,17.93,12.02,24.25,49.87,87,50,57.47,3.23,39.37,1.71,3,64.23,58.48,B,Pass,High
958,AIDS20250958,Naveen Mangal,naveen.mangal82@college.edu,+91-7998259809,Male,AI & Data Science,B.Tech. AI & Data Science,3,5,C,2025-2026,8.53,86.05,36.82,23.64,14.64,32.06,64.42,76,56,73.68,7.54,87.05,3.57,3,72.24,81.28,A+,Pass,Low
959,AIDS20240959,Ayushman Chakraborty,ayushman.chakraborty95@college.edu,+91-8840384331,Male,AI & Data Science,B.Tech. AI & Data Science,2,3,C,2024-2025,4.71,50.37,21.74,13.54,12.84,27.07,27.22,84,47,55.95,6.05,32.96,2.02,0,77.34,48.94,C,Pass,High
960,AIDS20250960,Jack Warrior,jack.warrior20@college.edu,+91-8613825121,Male,AI & Data Science,B.Tech. AI & Data Science,1,1,B,2025-2026,7.48,72.73,32.8,20.27,13.91,35.11,58.44,66,47,71.21,4.44,81.4,2.81,3,60.55,76.29,A,Pass,Low
961,CSE20250961,Anirudh Gill,anirudh.gill98@college.edu,+91-7170112802,Male,Computer Science Engineering,B.E. Computer Science Engineering,4,8,A,2025-2026,8.71,87.25,31.02,20.51,20.0,43.82,48.01,76,56,73.68,6.2,95.04,2.51,4,83.53,78.03,A,Pass,Low
962,ECE20250962,Sathvik Goda,sathvik.goda27@college.edu,+91-9316326341,Male,Electronics & Communication Engineering,B.E. Electronics & Communication Engineering,3,5,A,2025-2026,7.65,78.63,31.24,22.95,16.03,50.0,74.09,61,50,81.97,9.04,89.27,2.84,5,67.79,92.39,O,Pass,Low
963,ME20250963,Andrew Ranganathan,andrew.ranganathan24@college.edu,+91-8899925557,Male,Mechanical Engineering,B.E. Mechanical Engineering,2,3,C,2025-2026,8.25,85.9,28.87,19.44,16.23,43.3,50.8,80,67,83.75,5.34,81.76,3.24,0,91.46,75.68,A,Pass,Low
964,CE20240964,Yachana Grewal,yachana.grewal19@college.edu,+91-7877118282,Female,Civil Engineering,B.E. Civil Engineering,4,7,A,2024-2025,4.79,51.8,22.72,11.67,6.78,23.07,49.51,64,22,34.38,3.23,50.82,1.47,0,47.6,54.06,B,Pass,High
965,EEE20240965,Maanav Barad,maanav.barad60@college.edu,+91-8337723268,Male,Electrical & Electronics Engineering,B.E. Electrical & Electronics Engineering,2,3,C,2024-2025,10.0,98.35,32.13,22.05,17.67,35.84,56.19,65,58,89.23,5.02,68.39,2.02,3,85.89,77.86,A,Pass,Low
966,CSE20240966,Aayush Misra,aayush.misra74@college.edu,+91-8925310094,Male,Computer Science Engineering,B.E. Computer Science Engineering,4,7,C,2024-2025,4.86,46.16,26.92,12.78,16.66,33.85,37.22,90,55,61.11,4.82,40.98,0.82,3,58.82,61.19,B+,Pass,Medium
967,IT20250967,Chatresh Nayak,chatresh.nayak61@college.edu,+91-8895695777,Male,Information Technology,B.E. Information Technology,4,7,B,2025-2026,4.18,43.94,22.46,15.52,11.66,35.44,55.79,73,37,50.68,5.46,73.98,2.11,3,60.99,67.02,B+,Pass,Medium
968,ME20240968,Meghana Sha,meghana.sha55@college.edu,+91-7357482385,Female,Mechanical Engineering,B.E. Mechanical Engineering,4,7,B,2024-2025,9.21,90.27,32.96,24.54,19.77,48.49,70.52,84,77,91.67,4.68,88.81,2.2,5,88.37,93.34,O,Pass,Low
969,IT20250969,Yatin Desai,yatin.desai59@college.edu,+91-8216445336,Male,Information Technology,B.E. Information Technology,2,3,B,2025-2026,7.61,76.27,25.06,17.05,18.19,33.41,66.33,72,50,69.44,5.89,66.39,1.75,3,66.63,76.11,A,Pass,Low
970,ECE20250970,Zayyan Sidhu,zayyan.sidhu25@college.edu,+91-7017955333,Male,Electronics & Communication Engineering,B.E. Electronics & Communication Engineering,1,2,A,2025-2026,6.73,67.11,34.15,19.99,13.47,35.94,55.76,60,42,70.0,6.68,85.93,2.18,4,63.08,75.8,A,Pass,Low
971,ME20250971,Madhavi Hans,madhavi.hans96@college.edu,+91-8602645134,Female,Mechanical Engineering,B.E. Mechanical Engineering,3,6,B,2025-2026,4.29,40.72,25.05,11.2,6.89,38.94,47.94,72,38,52.78,3.07,60.89,1.67,2,45.81,62.29,B+,Pass,High
972,ME20240972,Daksh Narayanan,daksh.narayanan73@college.edu,+91-7697341120,Male,Mechanical Engineering,B.E. Mechanical Engineering,1,2,A,2024-2025,8.85,89.55,26.45,16.2,15.02,50.0,51.37,66,53,80.3,6.26,80.89,3.62,4,83.37,76.19,A,Pass,Low
973,IT20250973,Gautami Shanker,gautami.shanker84@college.edu,+91-8654993299,Female,Information Technology,B.E. Information Technology,3,6,C,2025-2026,6.99,70.48,38.26,18.95,20.0,34.34,69.83,89,74,83.15,4.9,100.0,3.0,2,67.99,86.47,A+,Pass,Low
974,CSE20250974,Lavanya Grewal,lavanya.grewal87@college.edu,+91-7121358915,Female,Computer Science Engineering,B.E. Computer Science Engineering,2,4,A,2025-2026,5.67,52.5,23.69,15.27,13.68,37.58,40.49,82,35,42.68,4.51,48.84,1.82,2,50.43,62.48,B+,Pass,High
975,CSE20240975,Abhimanyu Nazareth,abhimanyu.nazareth78@college.edu,+91-9483959073,Male,Computer Science Engineering,B.E. Computer Science Engineering,3,6,C,2024-2025,6.35,63.15,31.0,13.98,10.82,13.12,39.65,90,37,41.11,4.29,64.89,3.02,3,54.42,51.57,B,Pass,Medium
976,CSE20250976,Manbir Hans,manbir.hans76@college.edu,+91-7345093405,Male,Computer Science Engineering,B.E. Computer Science Engineering,1,1,A,2025-2026,9.61,97.47,34.42,18.67,9.94,48.95,62.8,76,72,94.74,4.26,97.47,4.11,5,78.63,83.43,A+,Pass,Low
977,ECE20250977,Gagan Ravi,gagan.ravi69@college.edu,+91-9828176084,Male,Electronics & Communication Engineering,B.E. Electronics & Communication Engineering,2,4,B,2025-2026,7.65,79.35,25.86,15.13,16.54,34.9,54.01,88,78,88.64,5.39,66.16,2.82,2,75.69,69.91,B+,Pass,Low
978,IT20250978,Unni Varma,unni.varma35@college.edu,+91-7899905381,Female,Information Technology,B.E. Information Technology,4,7,A,2025-2026,6.53,61.55,24.36,17.3,18.13,28.37,40.46,89,63,70.79,5.38,59.48,1.42,3,50.61,61.23,B+,Pass,Low
979,ME20250979,Nihal Chadha,nihal.chadha9@college.edu,+91-9990657491,Male,Mechanical Engineering,B.E. Mechanical Engineering,3,5,A,2025-2026,5.49,52.72,18.14,12.18,7.75,16.04,60.53,73,39,53.42,3.32,44.62,1.04,1,39.87,54.08,B,Pass,High
980,ME20240980,Sai Chandran,sai.chandran91@college.edu,+91-7576951818,Male,Mechanical Engineering,B.E. Mechanical Engineering,3,6,A,2024-2025,6.33,63.82,23.56,17.91,14.54,32.83,58.17,66,50,75.76,5.22,61.55,3.9,2,79.86,69.78,B+,Pass,Low
981,EEE20240981,George Dey,george.dey8@college.edu,+91-7784816771,Male,Electrical & Electronics Engineering,B.E. Electrical & Electronics Engineering,1,2,C,2024-2025,7.58,80.35,32.02,18.1,14.72,32.29,54.7,85,69,81.18,4.04,83.42,3.56,4,43.6,72.28,A,Pass,Low
982,IT20240982,Waida Naik,waida.naik22@college.edu,+91-7342780495,Female,Information Technology,B.E. Information Technology,4,8,C,2024-2025,7.53,72.93,26.2,21.15,9.69,35.53,56.8,69,55,79.71,6.31,78.35,3.46,0,44.32,70.68,A,Pass,Low
983,AIDS20240983,Kritika Ahuja,kritika.ahuja62@college.edu,+91-9083893876,Female,AI & Data Science,B.Tech. AI & Data Science,3,5,B,2024-2025,6.33,61.56,18.31,14.58,13.91,29.86,46.1,81,28,34.57,4.62,66.04,3.04,4,45.5,58.38,B,Pass,Medium
984,AIDS20240984,Kalpit Rajagopal,kalpit.rajagopal67@college.edu,+91-7031189875,Male,AI & Data Science,B.Tech. AI & Data Science,1,2,A,2024-2025,7.25,68.68,17.76,17.28,13.38,35.39,43.01,72,42,58.33,5.46,56.46,2.73,3,54.87,60.25,B+,Pass,Medium
985,CE20250985,Kamya Sekhon,kamya.sekhon44@college.edu,+91-8592509976,Female,Civil Engineering,B.E. Civil Engineering,3,6,B,2025-2026,5.92,58.21,26.51,19.13,14.19,28.88,32.71,81,48,59.26,4.9,54.25,1.76,3,54.62,57.7,B,Pass,Medium
986,IT20250986,Kiaan Narayan,kiaan.narayan8@college.edu,+91-8529133908,Male,Information Technology,B.E. Information Technology,2,4,C,2025-2026,8.95,95.85,27.36,17.57,17.19,25.25,58.42,87,68,78.16,4.57,53.85,2.6,2,52.89,69.19,B+,Pass,Low
987,AIDS20250987,Nidhi Apte,nidhi.apte18@college.edu,+91-7110296578,Female,AI & Data Science,B.Tech. AI & Data Science,1,2,C,2025-2026,5.52,51.18,15.0,13.66,12.28,17.71,38.66,79,28,35.44,4.3,60.66,1.41,0,53.9,46.01,C,Pass,Medium
988,EEE20250988,Leena Parsa,leena.parsa85@college.edu,+91-9040966002,Female,Electrical & Electronics Engineering,B.E. Electrical & Electronics Engineering,3,5,B,2025-2026,6.33,62.04,29.87,14.26,8.76,26.51,45.32,76,44,57.89,3.87,49.86,2.85,1,58.74,59.42,B,Pass,High
989,CSE20250989,Kamya Bhatia,kamya.bhatia95@college.edu,+91-8398120064,Female,Computer Science Engineering,B.E. Computer Science Engineering,1,2,A,2025-2026,8.87,91.54,33.35,22.26,20.0,44.05,66.25,81,80,98.77,5.59,80.37,3.3,2,65.77,88.52,A+,Pass,Low
990,EEE20240990,Daniel Shroff,daniel.shroff61@college.edu,+91-9827544495,Male,Electrical & Electronics Engineering,B.E. Electrical & Electronics Engineering,4,8,C,2024-2025,7.03,77.56,29.84,15.52,10.75,32.03,51.18,87,70,80.46,6.34,52.9,2.84,3,67.48,66.4,B+,Pass,Low
991,AIDS20240991,Nikita Dutta,nikita.dutta67@college.edu,+91-9456260112,Female,AI & Data Science,B.Tech. AI & Data Science,4,8,C,2024-2025,5.3,51.72,20.35,17.72,9.67,24.03,49.06,85,43,50.59,4.97,61.37,2.57,4,66.01,57.0,B,Pass,Medium
992,EEE20240992,Samaksh Thakkar,samaksh.thakkar87@college.edu,+91-9356848953,Male,Electrical & Electronics Engineering,B.E. Electrical & Electronics Engineering,1,1,B,2024-2025,8.24,82.15,39.73,20.49,20.0,41.47,56.41,87,70,80.46,6.79,77.57,3.44,2,74.69,85.13,A+,Pass,Low
993,ECE20240993,Nachiket Dalal,nachiket.dalal22@college.edu,+91-9833583621,Male,Electronics & Communication Engineering,B.E. Electronics & Communication Engineering,1,2,C,2024-2025,7.27,70.1,25.86,18.62,13.53,42.84,37.26,82,57,69.51,5.78,86.13,2.71,0,95.67,65.95,B+,Pass,Low
994,ECE20250994,Neelima Pillai,neelima.pillai29@college.edu,+91-8106506169,Female,Electronics & Communication Engineering,B.E. Electronics & Communication Engineering,1,1,B,2025-2026,3.74,38.1,19.66,13.49,4.61,10.98,32.75,81,24,29.63,4.6,22.74,0.54,1,49.02,38.3,F,Fail,High
995,ME20250995,Indrajit Kanda,indrajit.kanda89@college.edu,+91-8429369906,Male,Mechanical Engineering,B.E. Mechanical Engineering,1,1,C,2025-2026,7.38,70.55,26.77,20.98,16.7,46.54,56.99,87,64,73.56,4.86,71.52,1.76,1,75.03,79.99,A,Pass,Low
996,EEE20250996,Ekani Sridhar,ekani.sridhar72@college.edu,+91-8876738587,Female,Electrical & Electronics Engineering,B.E. Electrical & Electronics Engineering,1,2,B,2025-2026,7.02,65.9,40.0,19.41,10.78,39.73,53.5,85,85,100.0,8.98,86.44,3.63,1,76.32,77.99,A,Pass,Low
997,IT20240997,Faraj Sha,faraj.sha95@college.edu,+91-9543481704,Male,Information Technology,B.E. Information Technology,1,2,A,2024-2025,6.9,64.32,28.11,15.68,11.3,30.96,64.62,89,54,60.67,5.85,52.03,2.4,1,54.49,71.62,A,Pass,Low
998,AIDS20250998,Ridhi Sagar,ridhi.sagar1@college.edu,+91-8334871184,Female,AI & Data Science,B.Tech. AI & Data Science,3,5,B,2025-2026,6.82,74.91,36.13,17.7,10.01,30.32,52.45,61,38,62.3,5.12,81.15,1.12,3,65.63,69.79,B+,Pass,Low
999,CSE20250999,Vrishti Yogi,vrishti.yogi17@college.edu,+91-9232315184,Female,Computer Science Engineering,B.E. Computer Science Engineering,4,8,B,2025-2026,7.22,70.74,35.45,17.92,20.0,34.85,51.46,81,66,81.48,6.37,83.11,3.9,3,69.63,76.33,A,Pass,Low
1000,CSE20251000,Ikbal Kota,ikbal.kota38@college.edu,+91-7940186551,Male,Computer Science Engineering,B.E. Computer Science Engineering,1,2,A,2025-2026,8.81,88.74,34.51,24.44,20.0,41.98,47.99,75,70,93.33,6.83,89.99,2.46,3,78.46,80.42,A+,Pass,Low
